train_sample_num,rmse,nrmse,r2,nll,time
4,0.11172067,0.1605037,0.9744719115445499,-1.488651990890503,1.0706429481506348
8,0.63976324,0.3202335,0.16287578259040258,57.900184631347656,0.7362990379333496
16,0.5986946,0.30530044,0.2669021241020716,49.54173278808594,0.8548171520233154
32,0.39582592,0.22345366,0.6795503655859891,8.263354301452637,0.7734150886535645
