train_sample_num,rmse,nrmse,r2,nll,time
4,0.5067264,0.38749424,0.47483194422974917,16.63484764099121,0.8917651176452637
8,0.5363588,0.38289505,0.41161428805109734,21.976032257080078,0.8804810047149658
16,0.225277,0.252829,0.8962029384544044,-0.308513343334198,0.732464075088501
32,0.2870083,0.30775407,0.8315231474928613,2.042814254760742,0.7727077007293701
