train_sample_num,rmse,nrmse,r2,nll,time
4,0.08366755,0.14113118,0.9856825625915445,-0.058867812156677246,1.169355869293213
8,0.09051744,0.1426601,0.9832422482413558,-0.19480833411216736,0.1454756259918213
16,0.099404395,0.14751051,0.9797901800075837,-0.3494212031364441,0.14586710929870605
32,0.075232185,0.13151672,0.9884239970793302,-0.5053970217704773,0.15092134475708008
