train_sample_num,rmse,nrmse,r2,nll,time
4,0.61828643,0.40470558,0.2181368167832668,140.63650512695312,17.74281620979309
8,0.65723574,0.45473284,0.11652628110066132,274.4569091796875,2.962369680404663
16,0.44169146,0.24973863,0.6009849186098943,18.463863372802734,2.1630160808563232
32,0.4567045,0.2622621,0.573399005248905,19.347564697265625,2.067112922668457
