train_sample_num,rmse,nrmse,r2,nll,time
4,0.6611437,0.47895864,0.10598862380885288,2.7989211082458496,3.3565104007720947
8,0.66663367,0.48053262,0.09107972688137767,2.73415470123291,3.7560596466064453
16,0.6722915,0.48200157,0.07558592574203749,2.655592441558838,2.258004665374756
32,0.67642134,0.48431867,0.06419384174427101,2.5775949954986572,2.253861904144287
