train_sample_num,rmse,nrmse,r2,nll,time
4,0.65905035,0.47773525,0.11164109937344968,2.796915292739868,1.640038013458252
8,0.66328394,0.47866872,0.10019116408721784,2.773632526397705,1.6206300258636475
16,0.66779923,0.48018813,0.08789842703862938,2.708528518676758,1.5864231586456299
32,0.6744585,0.48331514,0.06961708402770028,2.6104989051818848,1.6380009651184082
