train_sample_num,rmse,nrmse,r2,nll,time
4,0.67324954,0.43088788,0.07294934731660152,0.12124694138765335,1.3923184871673584
8,0.6857057,0.46653074,0.03832827889514767,1.7537627220153809,1.2948384284973145
16,0.53965044,0.28279394,0.4043702462962786,-0.31513866782188416,1.3746402263641357
32,0.25361827,0.10959067,0.8684434836116957,-1.4221323728561401,1.3070871829986572
