train_sample_num,rmse,nrmse,r2,nll,time
4,0.10032289,0.29748428,0.9794149797043272,-0.06266249716281891,0.1356971263885498
8,0.10407233,0.238916,0.9778475444220786,-0.2195240557193756,0.1426858901977539
16,0.086449206,0.24164288,0.9847147225430368,-0.36546677350997925,0.14272284507751465
32,0.0799812,0.15060852,0.9869164039780525,-0.5287798643112183,0.14008331298828125
