train_sample_num,rmse,nrmse,r2,nll,time
4,0.08577784,0.14073636,0.984951213340596,-0.06927955895662308,0.1826314926147461
8,0.08633826,0.14443916,0.9847539305829628,-0.1708766371011734,0.1453568935394287
16,0.083067,0.14859743,0.9858873583684644,-0.29078584909439087,0.1382913589477539
32,0.07601922,0.14801805,0.9881805268831771,-0.49142470955848694,0.14990234375
