train_sample_num,rmse,nrmse,r2,nll,time
8,2.3917668,0.06579715,0.5355396235738059,5.227281093597412,2.5676496028900146
16,2.991908,0.11629757,0.273212402926889,10.05862808227539,2.5455565452575684
32,2.9003348,0.07984642,0.3170209590870432,9.411188125610352,2.5454206466674805
64,0.3371025,0.14494184,0.9907735419816007,-0.34196528792381287,2.8584601879119873
