train_sample_num,rmse,nrmse,r2,nll,time
8,2.3258057,0.062241238,0.5608044057508628,3.771354913711548,2.6217854022979736
16,3.0090384,0.119166285,0.26486593152573157,8.329504013061523,2.6207680702209473
32,2.8804243,0.07995912,0.3263660791808124,5.360081672668457,2.635969400405884
64,0.3404678,0.13143544,0.9905884057291525,-0.11906834691762924,3.2288050651550293
