train_sample_num,rmse,nrmse,r2,nll,time
8,4.228993,0.12117224,-0.8290196822823532,28.859853744506836,2.920130491256714
16,4.2315993,0.075045235,-0.8312747210550704,11.819662094116211,2.7875170707702637
32,3.652521,0.06940291,-0.3643628280264455,14.122978210449219,2.7460460662841797
64,1.5097636,0.06527851,0.7668891768699198,2.6012420654296875,2.8854269981384277
