train_sample_num,rmse,nrmse,r2,nll,time
8,5.409716,0.09787707,-1.1904318431690033,10.899469375610352,2.3371036052703857
16,5.311986,0.09687706,-1.1120033080841112,29.09909439086914,2.351149797439575
32,2.1482518,0.08372313,0.6545770267858587,6.119313716888428,2.3377161026000977
64,3.7262893,0.087352924,-0.03928335616591738,18.99718475341797,2.3420298099517822
