train_sample_num,rmse,nrmse,r2,nll,time
8,2.3829694,0.064965494,0.5389500118022794,3.251960515975952,10.571784973144531
16,3.0839117,0.11845394,0.22782647265777767,6.325693130493164,2.2932498455047607
32,2.8911104,0.079904094,0.3213584737873192,5.880401134490967,2.3068134784698486
64,0.3394169,0.12983827,0.9906464166340132,-0.19263167679309845,2.4047884941101074
