train_sample_num,rmse,nrmse,r2,nll,time
8,6.061386,0.18954235,-1.7499496887880186,38.68080520629883,2.8600542545318604
16,5.311699,0.0968816,-1.111775266269115,28.974361419677734,2.6483139991760254
32,2.1468508,0.08372651,0.6550274297341279,5.841925621032715,2.625828504562378
64,3.7225711,0.08735741,-0.037210382510054485,18.07282829284668,2.684213161468506
