train_sample_num,rmse,nrmse,r2,nll,time
8,5.8719325,0.18955018,-1.5807321634582232,35.36282730102539,3.441272735595703
16,5.307794,0.096937045,-1.1086717320025987,30.16707992553711,3.556490182876587
32,2.1381843,0.08383546,0.6578070320999581,5.907093048095703,3.582291841506958
64,3.7206368,0.08736279,-0.03613268160603078,17.310504913330078,3.8169243335723877
