train_sample_num,rmse,nrmse,r2,nll,time
8,4.6209683,0.10192221,-1.1837878462315263,40.477203369140625,2.356802463531494
16,4.258941,0.07314559,-0.8550162742957443,16.304977416992188,2.223292589187622
32,3.6548064,0.069422826,-0.36607082400147184,13.848336219787598,2.3604607582092285
64,1.5134798,0.06531659,0.7657401879372657,2.60551381111145,2.3658623695373535
