train_sample_num,rmse,nrmse,r2,nll,time
8,2.3203547,0.06109173,0.5628607620941195,2.479076862335205,2.334038734436035
16,3.0233939,0.11420906,0.25783492495141225,4.5395331382751465,2.5322463512420654
32,2.88095,0.0799365,0.32612005095254126,2.89338755607605,2.5503604412078857
64,0.34074384,0.13036157,0.9905731400619745,-0.04468546807765961,2.685539484024048
