train_sample_num,rmse,nrmse,r2,nll,time
8,4.555651,0.11306503,-1.1224886049274336,36.10596466064453,2.7386505603790283
16,4.2236476,0.076575674,-0.8243991338516359,14.699785232543945,2.644918918609619
32,3.6597946,0.06943816,-0.3698021248130914,13.88206672668457,2.9262948036193848
64,1.5076158,0.06526942,0.7675519797742522,2.6178908348083496,2.9168386459350586
