train_sample_num,rmse,nrmse,r2,nll,time
8,5.9821596,0.1834995,-1.678531731980128,39.16884994506836,2.7966434955596924
16,5.31275,0.09686682,-1.1126112234197123,30.871809005737305,3.0624680519104004
32,2.149497,0.08371772,0.654176513056085,5.950324058532715,4.720439910888672
64,3.7242281,0.087357,-0.03813389121531552,17.749164581298828,3.7121005058288574
