train_sample_num,rmse,nrmse,r2,nll,time
8,2.2900684,0.061780468,0.5741977499214785,4.409068584442139,3.1560163497924805
16,2.9936461,0.11960937,0.27236763151812937,10.091094970703125,3.0367424488067627
32,2.8829234,0.07994105,0.32519664103442847,7.921445369720459,3.1147959232330322
64,0.34055904,0.1305956,0.9905833624085525,-0.2690325379371643,3.372199296951294
