train_sample_num,rmse,nrmse,r2,nll,time
4,0.4317067,0.10975552,0.7659610210419833,-0.3302692770957947,0.7513482570648193
8,0.42426777,0.1240394,0.7739571954917512,-0.40105029940605164,0.8078253269195557
16,0.4170065,0.11972666,0.7816283220174102,-0.525005578994751,0.7474732398986816
32,0.41437712,0.13505262,0.78437348931368,-0.4129239320755005,0.7955245971679688
