train_sample_num,rmse,nrmse,r2,nll,time
4,0.5260536,0.11018743,0.6524873113405234,4.459377765655518,1.3457763195037842
8,0.5247748,0.1309909,0.6541748829436402,4.472166538238525,1.3686034679412842
16,0.51773274,0.125448,0.663394019348715,4.478818893432617,1.2917146682739258
32,0.5227287,0.14528926,0.6568664401607519,4.508200168609619,1.3993778228759766
