train_sample_num,rmse,nrmse,r2,nll,time
4,0.4055486,0.17307113,0.8062587557496416,-0.4100840389728546,0.8208246231079102
8,0.39275035,0.21090925,0.8182939307530268,-0.44760364294052124,1.043043851852417
16,0.30294067,0.122751914,0.8918935975835374,-0.7410686016082764,0.9882280826568604
32,0.2996138,0.12174356,0.89425499813243,-0.7447049021720886,0.8817815780639648
