train_sample_num,rmse,nrmse,r2,nll,time
4,0.5085303,0.22628973,0.6953718814589833,4.46403169631958,1.2294175624847412
8,0.49761334,0.24448888,0.7083108670204412,4.472428798675537,1.235588550567627
16,0.3892877,0.16612266,0.8214838143567074,4.478493690490723,1.2400074005126953
32,0.39016864,0.17486951,0.8206749542108943,4.506335735321045,1.4061317443847656
