train_sample_num,rmse,nrmse,r2,nll,time
4,0.39778376,0.19392541,0.8136066991857627,-0.2611703872680664,0.8981971740722656
8,0.39155284,0.19421092,0.8194003176862984,-0.43220850825309753,0.839036226272583
16,0.28680715,0.17206326,0.9031016904038888,-0.6837652325630188,0.8426821231842041
32,0.2578618,0.14215761,0.9216732309377116,-0.8473472595214844,0.8597307205200195
