train_sample_num,rmse,nrmse,r2,nll,time
4,3.1173587,0.14065737,-0.4829699020535372,1.645766019821167,3.139294385910034
8,3.145615,0.18051092,-0.5099757690535147,1.6435924768447876,2.0621182918548584
16,3.070772,0.16551471,-0.4389773865735038,1.6505943536758423,1.9217994213104248
32,2.7930014,0.14099915,-0.19042255125882823,1.5475780963897705,2.5686941146850586
