train_sample_num,rmse,nrmse,r2,nll,time
4,3.2411904,0.13461211,-0.14941859045288997,1.6723846197128296,3.100537061691284
8,3.4442785,0.24463762,-0.29797282750067144,1.738657832145691,3.0680630207061768
16,2.3293934,0.12849978,0.40631684987240424,1.4004275798797607,3.5361366271972656
32,2.461263,0.122047685,0.33719601327869153,1.402654767036438,3.5700104236602783
