train_sample_num,rmse,nrmse,r2,nll,time
4,0.9330371,0.07488458,0.023744032475941035,0.4968864321708679,0.6668150424957275
8,0.66255134,0.08254235,0.5077282046184712,0.035375453531742096,0.6796538829803467
16,0.63895226,0.0781751,0.5421717197423566,-0.051899656653404236,0.6567320823669434
32,0.66195804,0.07110847,0.508609375603378,0.4196164309978485,0.6935634613037109
