train_sample_num,rmse,nrmse,r2,nll,time
4,3.2411904,0.13461211,-0.14941859045288997,1.6723846197128296,2.208951473236084
8,3.4442785,0.24463762,-0.29797282750067144,1.738657832145691,2.2967147827148438
16,2.3293934,0.12849978,0.40631684987240424,1.4004275798797607,2.018411636352539
32,2.461263,0.122047685,0.33719601327869153,1.402654767036438,2.0723612308502197
