train_sample_num,rmse,nrmse,r2,nll,time
4,3.2818677,0.14213951,-0.17845026799666064,1.7070945501327515,1.4909281730651855
8,2.7177286,0.15590112,0.19186985697347525,1.5010483264923096,1.7257938385009766
16,2.150003,0.14440417,0.49423685482695123,1.2977756261825562,1.1174898147583008
32,2.229143,0.11756063,0.45631811479226836,1.2993885278701782,1.5576589107513428
