train_sample_num,rmse,nrmse,r2,nll,time
4,1.7134516,0.11960304,0.6225640245156325,6.5140180587768555,2.7750821113586426
8,1.7763236,0.10015185,0.5943572745175824,6.361794471740723,2.155697822570801
16,1.5459855,0.17256874,0.6927369471773288,6.530707836151123,2.0399270057678223
32,1.5411955,0.16131508,0.6946379751406192,9.923770904541016,2.347550630569458
