train_sample_num,rmse,nrmse,r2,nll,time
4,2.770537,0.13371938,-0.171350120212169,5.235830783843994,1.8521528244018555
8,2.944363,0.21159424,-0.32294428322004887,5.673072338104248,1.6654396057128906
16,1.963125,0.15743929,0.41189517442295565,6.077891826629639,1.6442170143127441
32,1.8337748,0.14127108,0.4868423319290959,6.659659385681152,1.8621039390563965
