train_sample_num,rmse,nrmse,r2,nll,time
4,2.7707224,0.13373232,-0.17150697661040004,5.868398666381836,1.5766301155090332
8,2.9445052,0.21163277,-0.3230721251122268,6.069151401519775,1.4012491703033447
16,1.963216,0.15743643,0.411840688222081,6.021721363067627,1.5107381343841553
32,1.8338612,0.14127184,0.4867939508955844,5.832010269165039,1.608839511871338
