train_sample_num,rmse,nrmse,r2,nll,time
4,3.182352,0.14993836,-0.10806570642602242,6.107851505279541,1.6893482208251953
8,2.6647742,0.180773,0.22305560792050405,5.976935863494873,1.8630664348602295
16,2.0925417,0.16356231,0.5209098025270129,6.164356708526611,1.9498043060302734
32,2.2186704,0.11739796,0.4614144745671551,9.281024932861328,1.8580389022827148
