train_sample_num,rmse,nrmse,r2,nll,time
4,1.7134576,0.119601846,0.6225614309687137,6.5867533683776855,1.4621245861053467
8,1.7763262,0.100154325,0.5943560103025043,6.833678722381592,1.2750976085662842
16,1.5459547,0.17254211,0.6927491900975855,7.081745624542236,1.5057628154754639
32,1.5411363,0.1613225,0.6946614731267675,6.991971492767334,1.566915512084961
