train_sample_num,rmse,nrmse,r2,nll,time
4,0.926527,0.072586134,0.037319697508977456,4.1245012283325195,1.3398780822753906
8,0.6345171,0.084534734,0.5485054494532702,4.160524845123291,1.4996182918548584
16,0.62905526,0.08540303,0.5562447193582681,4.161504745483398,1.478750467300415
32,0.6566018,0.077755585,0.5165294993734395,4.281600475311279,1.724794864654541
