train_sample_num,rmse,nrmse,r2,nll,time
4,2.0054214,0.11611787,0.38628019930708724,1.2788621187210083,2.7869653701782227
8,1.7036372,0.21148391,0.5570924291009849,0.9903781414031982,2.4970901012420654
16,1.7151012,0.12599853,0.551111642370804,1.0492302179336548,2.370060920715332
32,2.5736778,0.12744133,-0.010804470301983837,19.185590744018555,2.4089138507843018
