train_sample_num,rmse,nrmse,r2,nll,time
4,2.0054214,0.11611787,0.38628019930708724,1.2788621187210083,3.437871217727661
8,1.7036372,0.21148391,0.5570924291009849,0.9903781414031982,3.034421920776367
16,1.7151012,0.12599853,0.551111642370804,1.0492302179336548,4.152135133743286
32,2.5736778,0.12744133,-0.010804470301983837,19.185590744018555,3.3418054580688477
