train_sample_num,rmse,nrmse,r2,nll,time
4,0.7712125,0.07758837,0.33301805040475385,0.22165441513061523,0.6369500160217285
8,0.6599454,0.09810417,0.5115928890026215,-0.007665521930903196,0.7004766464233398
16,0.6620311,0.08752619,0.5085009308912354,-0.009591350331902504,0.6266412734985352
32,0.7175228,0.08610841,0.42265249266987825,0.49632635712623596,0.6474721431732178
