train_sample_num,rmse,nrmse,r2,nll,time
4,0.7712125,0.07758837,0.33301805040475385,0.22165441513061523,0.8082132339477539
8,0.6599454,0.09810417,0.5115928890026215,-0.007665521930903196,0.8652474880218506
16,0.6620311,0.08752619,0.5085009308912354,-0.009591350331902504,1.072946548461914
32,0.7175228,0.08610841,0.42265249266987825,0.49632635712623596,0.8484435081481934
