train_sample_num,rmse,nrmse,r2,nll,time
4,2.6535535,0.14751573,-0.0219385183093479,2.77487850189209,2.9615609645843506
8,2.551495,0.12863255,0.05515934990015936,1.501163363456726,3.1710689067840576
16,3.0632157,0.18828006,-0.36183442718653125,1.6330205202102661,3.849804639816284
32,1.8283793,0.16672014,0.5148214055245033,1.6415760517120361,3.745116710662842
