train_sample_num,rmse,nrmse,r2,nll,time
4,0.9353734,0.07406395,0.01884878758649111,0.42650824785232544,0.8501007556915283
8,0.6337752,0.086040914,0.5495605978029742,-0.033788539469242096,0.7672853469848633
16,0.63105553,0.08722367,0.5534181614684647,-0.09833220392465591,0.7410092353820801
32,0.6559839,0.07664063,0.5174389123893893,0.2605229914188385,0.7676398754119873
