train_sample_num,rmse,nrmse,r2,nll,time
4,3.6739252,0.14139597,-0.4768270649164337,1.8010528087615967,3.5900871753692627
8,3.105021,0.1892978,-0.054868110438470064,1.6320533752441406,3.4168930053710938
16,2.559242,0.13336702,0.28337532041281654,1.5535343885421753,4.124587297439575
32,2.4197628,0.12192099,0.35935906409472484,1.440394639968872,4.009468078613281
