train_sample_num,rmse,nrmse,r2,nll,time
4,3.9717162,0.17081016,-0.6871328068869311,1.9693593978881836,4.2477662563323975
8,3.481061,0.14032517,-0.296033154788776,1.8904205560684204,4.274762153625488
16,2.891965,0.12613001,0.10550283984913578,1.7133889198303223,4.569460391998291
32,2.0375183,0.1305094,0.5559867826316023,1.665252685546875,4.603610277175903
