train_sample_num,rmse,nrmse,r2,nll,time
4,3.6739252,0.14139597,-0.4768270649164337,1.8010528087615967,2.313098430633545
8,3.105021,0.1892978,-0.054868110438470064,1.6320533752441406,2.2861440181732178
16,2.559242,0.13336702,0.28337532041281654,1.5535343885421753,2.192070960998535
32,2.4197628,0.12192099,0.35935906409472484,1.440394639968872,2.1695902347564697
