train_sample_num,rmse,nrmse,r2,nll,time
4,17.36839,0.107236095,0.3098760349970884,295.2369079589844,2.4608731269836426
8,17.800919,0.12504888,0.2750753191694797,115.63703155517578,2.4200310707092285
16,14.248876,0.10122758,0.5355176097387635,99.94161224365234,2.4126338958740234
32,6.043492,0.10442715,0.9164427967223913,43.773189544677734,2.377065658569336
