train_sample_num,rmse,nrmse,r2,nll,time
4,16.98877,0.05175354,0.3290875727281739,222.94464111328125,2.6162564754486084
8,15.99684,0.057848185,0.40514606566842526,82.64690399169922,2.4538042545318604
16,11.833673,0.043929204,0.6744774608443037,72.5733413696289,2.3834269046783447
32,8.803424,0.02666906,0.8198454916197453,72.64712524414062,2.4225120544433594
