train_sample_num,rmse,nrmse,r2,nll,time
4,14.271379,0.089021705,0.682468088196907,61.07063293457031,2.745779275894165
8,11.889046,0.08865689,0.7796315215889356,66.60348510742188,2.569889545440674
16,10.198272,0.096167155,0.8378531024498141,66.8736801147461,2.589887857437134
32,9.1335745,0.09813912,0.8699420176339335,75.25627136230469,2.472372531890869
