train_sample_num,rmse,nrmse,r2,nll,time
4,14.2201185,0.11895248,0.6092075859577294,77.52819061279297,2.604041337966919
8,13.874158,0.112876855,0.627991432638169,86.18991088867188,2.6088950634002686
16,12.650832,0.23721817,0.690701527263409,110.11787414550781,2.586333990097046
32,5.2524633,0.092897266,0.9466830021965749,36.696189880371094,2.524714946746826
