train_sample_num,rmse,nrmse,r2,nll,time
4,20.75779,0.09670996,0.23231904095593559,214.91941833496094,2.5666773319244385
8,21.280281,0.09782962,0.19318623171052718,118.74224853515625,2.4382247924804688
16,17.876333,0.062266618,0.43065505761767287,142.06298828125,2.4357783794403076
32,15.53946,0.05497266,0.5697801508330655,164.6383056640625,2.3981168270111084
