train_sample_num,rmse,nrmse,r2,nll,time
4,12.647816,0.13894716,0.690848992448822,485.5565490722656,2.65179181098938
8,11.70311,0.11861293,0.7353071910996494,384.19561767578125,2.596290349960327
16,12.056546,0.28932524,0.719078186997738,471.42144775390625,2.965825319290161
32,5.6245255,0.13355476,0.9388619713364038,103.5361557006836,2.9844160079956055
