train_sample_num,rmse,nrmse,r2,nll,time
4,19.737322,0.06011674,0.09443756170651296,963.9359130859375,2.562751531600952
8,12.634576,0.0461891,0.6289236668396192,208.25294494628906,2.709249973297119
16,9.899376,0.03814225,0.772197986786219,126.4026107788086,2.5377402305603027
32,8.507369,0.029300371,0.8317587446526093,95.77772521972656,2.959397554397583
