train_sample_num,rmse,nrmse,r2,nll,time
4,12.242481,0.09347962,0.7663346183841291,393.4373474121094,2.717578411102295
8,10.6608305,0.10067222,0.8228106590562199,319.3724060058594,3.01483416557312
16,9.1559925,0.10623095,0.8693027937568741,237.9852752685547,2.7039897441864014
32,7.995097,0.098578595,0.9003441147620527,171.6793212890625,2.616966962814331
