train_sample_num,rmse,nrmse,r2,nll,time
4,24.773558,0.11578847,-0.09344082132336928,1729.4217529296875,2.611607313156128
8,17.096066,0.07808519,0.47927200891462185,489.89581298828125,2.5424039363861084
16,15.19943,0.054579098,0.5884020458820158,370.6163330078125,3.1005828380584717
32,13.546969,0.04919398,0.6730338335052555,290.219482421875,2.635108709335327
