train_sample_num,rmse,nrmse,r2,nll,time
4,28.131805,0.24960534,-0.4099824842393054,9.755757331848145,4.2831339836120605
8,39.05755,0.35017237,-1.7178683419762204,10.851024627685547,3.8127050399780273
16,23.826323,0.39800385,-0.011422495226672158,9.66439151763916,3.826277256011963
32,21.136063,0.3860339,0.20408486771964895,9.375984191894531,4.253111124038696
