train_sample_num,rmse,nrmse,r2,nll,time
4,14.059991,0.051221296,0.5404719307568946,3.974688768386841,3.5382745265960693
8,44.540665,0.411584,-3.6116398413389783,8.622062683105469,3.6046087741851807
16,35.801994,0.42554033,-1.9795890698581027,8.182304382324219,4.452773571014404
32,26.473543,0.40609187,-0.6291688024321018,7.482530117034912,4.105858325958252
