train_sample_num,rmse,nrmse,r2,nll,time
4,13.726844,0.241235,0.6358493659826435,8.307197570800781,4.3319783210754395
8,24.150545,0.34677494,-0.12718066790694027,9.047513008117676,4.004958152770996
16,25.16387,0.3540511,-0.22375492567784194,9.078211784362793,3.896404981613159
32,23.539478,0.3246837,-0.07086149066917491,8.699639320373535,4.49831223487854
