train_sample_num,rmse,nrmse,r2,nll,time
4,19.650879,0.22440085,0.11657026350187905,5.56151008605957,3.617568016052246
8,31.679525,0.42999664,-1.2959654617934842,7.865755081176758,3.949014663696289
16,34.645462,0.42622882,-1.746001747445371,7.965977668762207,3.734088182449341
32,26.944391,0.43121058,-0.6609048146397904,7.391287326812744,4.566347122192383
