train_sample_num,rmse,nrmse,r2,nll,time
4,30.86122,0.10038961,-0.48484672227280057,184.88511657714844,2.51802659034729
8,29.57148,0.10005807,-0.3633320525892847,170.3825225830078,2.4990670680999756
16,28.060709,0.09155444,-0.22758849127899117,161.80418395996094,2.5071890354156494
32,27.101034,0.086635984,-0.1450573372673971,159.46897888183594,2.480788230895996
