train_sample_num,rmse,nrmse,r2,nll,time
4,33.95402,0.15136705,-1.054002723058861,624.2273559570312,2.602224588394165
8,33.82626,0.1502303,-1.0385743440026527,212.08558654785156,2.487757444381714
16,32.27275,0.13675012,-0.855626521372735,224.88157653808594,2.4591095447540283
32,27.280865,0.099224165,-0.32597345898059804,229.3606414794922,2.5172014236450195
