train_sample_num,rmse,nrmse,r2,nll,time
4,28.55072,0.088711,-0.8948554072384225,159.31936645507812,2.819911241531372
8,26.683878,0.07775714,-0.6551594283113231,148.60475158691406,2.832404851913452
16,26.337515,0.075827815,-0.6124696814612531,134.8726806640625,2.701754093170166
32,17.156332,0.04438661,0.3157878151122733,91.9288101196289,2.6690244674682617
