train_sample_num,rmse,nrmse,r2,nll,time
4,28.124018,0.12460126,-0.8095174071577405,207.41635131835938,2.4581429958343506
8,25.471632,0.102207,-0.4842997432117775,124.77059936523438,2.4462597370147705
16,22.689522,0.08112529,-0.17776528643100353,108.95709228515625,2.4316835403442383
32,22.976442,0.08316348,-0.2077406031975202,110.324462890625,2.5152106285095215
