train_sample_num,rmse,nrmse,r2,nll,time
4,28.268375,0.11152592,-0.5443343008284127,161.11016845703125,2.645097255706787
8,26.523962,0.098186895,-0.3596165737385755,152.26193237304688,2.6226582527160645
16,20.315819,0.072268024,0.2023576560029381,106.1594009399414,2.6140596866607666
32,17.597227,0.085294135,0.401549717658082,95.00872802734375,2.846953868865967
