train_sample_num,rmse,nrmse,r2,nll,time
4,21.848577,0.10305225,0.14951843030777112,142.3120574951172,2.3707187175750732
8,19.511433,0.08961641,0.3217389018005302,138.7576446533203,2.323391914367676
16,16.038927,0.05554086,0.5416795468924119,142.17227172851562,2.655806541442871
32,13.70379,0.04883954,0.6654201086626199,152.9630889892578,2.399672508239746
