train_sample_num,rmse,nrmse,r2,nll,time
4,17.644186,0.10974408,0.28778476303281775,158.6249542236328,2.572211980819702
8,16.651093,0.12495468,0.3657017343696596,150.9332733154297,2.911212921142578
16,13.179757,0.10000247,0.6026044952756022,126.91513061523438,2.6825239658355713
32,6.183272,0.1312446,0.9125329022234309,65.79205322265625,2.5647969245910645
