train_sample_num,rmse,nrmse,r2,nll,time
4,13.805927,0.09087164,0.7028425354671419,80.40740966796875,2.387871503829956
8,11.519279,0.096622735,0.793125939606972,87.12731170654297,2.5352210998535156
16,9.940852,0.10244826,0.8459354657418526,93.13768768310547,2.5558619499206543
32,8.439142,0.09669231,0.8889669840993331,91.9521484375,2.328479290008545
