train_sample_num,rmse,nrmse,r2,nll,time
4,13.828053,0.12910105,0.6304598388510989,93.53947448730469,2.3408827781677246
8,13.048371,0.11439033,0.6709573349451081,98.18104553222656,2.2841269969940186
16,12.282821,0.2782994,0.708434663703705,140.15505981445312,2.325284004211426
32,5.8070188,0.13017821,0.9348302455714634,62.47218704223633,2.3219077587127686
