train_sample_num,rmse,nrmse,r2,nll,time
16,1.5339142,0.27790672,-1.176220397638804,20.89054298400879,3.29581356048584
32,1.935461,0.21093136,-2.464731507672506,1.2233284711837769,3.2668488025665283
64,4.859901,0.34831485,-20.84517832576647,3.908442735671997,3.2562315464019775
128,5.8073745,0.3625698,-30.193229732322184,5.223474502563477,4.220324516296387
