train_sample_num,rmse,nrmse,r2,nll,time
16,1.3853005,0.2491093,-0.8148897868770555,9.428925514221191,5.510231018066406
32,1.3271732,0.3091645,-0.6657793111032388,6.961241245269775,4.677810430526733
64,1.8448677,0.24882206,-2.2187902934957884,1.2531275749206543,5.060906171798706
128,4.5113244,0.3115931,-18.24732320951983,4.209554672241211,5.046232461929321
