train_sample_num,rmse,nrmse,r2,nll,time
16,7.0924373,0.33838022,-49.52322930349676,5.150609970092773,3.7083539962768555
32,3.5433223,0.3953929,-11.610182079597157,2.7488529682159424,3.580047607421875
64,7.4350996,0.43720588,-54.523096740129084,6.596630573272705,5.035524845123291
128,8.853001,0.43189648,-77.71927860986821,10.84572696685791,5.6245317459106445
