train_sample_num,rmse,nrmse,r2,nll,time
4,1.1221678,0.2680305,-0.36640922510708185,1.0888274908065796,0.8527162075042725
8,1.1646391,0.30626813,-0.47179677929401564,2.1286966800689697,0.9146037101745605
16,1.0933187,0.26449418,-0.2970557892853085,2.6926965713500977,0.9430463314056396
32,1.0076792,0.33684292,-0.10181767659506269,2.2809247970581055,1.0536391735076904
