train_sample_num,rmse,nrmse,r2,nll,time
16,2.9292536,0.24226741,-7.618149727998452,3.960002899169922,4.53389048576355
32,3.1050084,0.35997355,-8.68334952149355,6.6443634033203125,4.057019472122192
64,4.4036126,0.36875388,-18.47683224175587,9.962596893310547,4.465198040008545
128,4.1956854,0.3613905,-16.680963873019866,10.830228805541992,4.084839582443237
