train_sample_num,rmse,nrmse,r2,nll,time
16,1.1993312,0.29572192,-0.33038987448322676,1.674450159072876,4.560479640960693
32,3.468929,0.29547834,-10.129906850675503,6.468062877655029,3.5873892307281494
64,3.7822323,0.32883608,-12.23113465069821,8.366437911987305,4.236664533615112
128,3.8647819,0.32520667,-12.814994236486045,8.918023109436035,4.658582925796509
