train_sample_num,rmse,nrmse,r2,nll,time
16,1.1672142,0.25967014,-0.2884373428676681,3.7655465602874756,3.849019765853882
32,1.0797464,0.36331072,-0.1025688568069012,2.8294074535369873,4.4552998542785645
64,1.7593244,0.2607826,-1.927211277247293,2.5181832313537598,4.798256874084473
128,2.969318,0.28360277,-7.338263279935784,6.497543811798096,4.418051242828369
