train_sample_num,rmse,nrmse,r2,nll,time
16,1.3852903,0.16867362,-0.7749343273289075,1.0025289058685303,1.1970973014831543
32,1.1388334,0.3254131,-0.19955755551735388,0.6723800897598267,1.4065701961517334
64,1.0709339,0.43240654,-0.06078172827238748,0.6285011768341064,1.3090782165527344
128,1.069757,0.3535273,-0.05845163331920933,0.6498114466667175,1.3241910934448242
