train_sample_num,rmse,nrmse,r2,nll,time
16,1.1637775,0.3515361,-0.2808613902050219,0.8864966034889221,1.636399745941162
32,1.105868,0.38628972,-0.15656155759087298,0.8704759478569031,1.324681043624878
64,1.049064,0.3736449,-0.04079737898228131,0.697222113609314,1.5150909423828125
128,1.0153601,0.39324954,0.02500495897577848,0.6003685593605042,1.360213279724121
