train_sample_num,rmse,nrmse,r2,nll,time
4,1.1073661,0.27588862,-0.33060026066835135,4.673054218292236,0.8129901885986328
8,1.1212823,0.3053274,-0.3642536205775042,5.400055408477783,0.7915675640106201
16,1.0500302,0.28735337,-0.1963787352472237,4.619349479675293,0.8133950233459473
32,1.0255239,0.2865921,-0.14118667024995446,3.9482433795928955,0.8064243793487549
