train_sample_num,rmse,nrmse,r2,nll,time
16,2.6013484,0.16614954,-5.796684381845353,3.1482279300689697,1.5310566425323486
32,1.350885,0.20204042,-0.8328920718985018,1.029067039489746,1.7354981899261475
64,1.1743082,0.2272716,-0.38504624588480363,0.7411633729934692,1.5827593803405762
128,1.0502503,0.31446236,-0.1078622495719066,0.6053624749183655,1.4086599349975586
