train_sample_num,rmse,nrmse,r2,nll,time
16,3.049908,0.15782718,-8.342724685934018,5.934947967529297,2.5614607334136963
32,1.3512897,0.20094489,-0.8339903114180574,5.904671669006348,2.5597283840179443
64,1.1406925,0.23557651,-0.30688453565217233,5.919197082519531,3.365971565246582
128,1.0327555,0.3416484,-0.0712605112947986,6.346579074859619,3.399528741836548
