train_sample_num,rmse,nrmse,r2,nll,time
16,1.1665375,0.33100012,-0.2869440812518884,5.648009777069092,3.071202278137207
32,1.1130142,0.39675942,-0.17155769031334556,5.391320705413818,2.8530726432800293
64,1.0201936,0.41906828,0.015700360841282457,5.537533283233643,3.233161687850952
128,1.0019366,0.36895424,0.05061434159007583,6.0830206871032715,2.5634212493896484
