train_sample_num,rmse,nrmse,r2,nll,time
4,1.188724,0.26291898,-0.5333003028560963,4.434324264526367,1.553720235824585
8,1.0991857,0.31249782,-0.31101382952208456,4.274746417999268,1.2983362674713135
16,1.0434152,0.3214807,-0.18135238598334658,4.253514289855957,1.2375664710998535
32,1.0265913,0.28804603,-0.14356367810582915,4.398309707641602,1.4305157661437988
