train_sample_num,rmse,nrmse,r2,nll,time
16,1.4872596,0.15837201,-1.0458523862257607,6.162357807159424,2.874810218811035
32,1.0807711,0.3128748,-0.08035885372692597,6.1807661056518555,2.5930087566375732
64,1.0305616,0.432653,0.017689972923428998,6.336420059204102,3.440479040145874
128,1.0567555,0.35690477,-0.03287987563930339,6.429255485534668,2.9134769439697266
