train_sample_num,rmse,nrmse,r2,nll,time
16,1.0475512,0.41696322,-0.014965365589350466,0.5611210465431213,6.979233503341675
32,0.7681994,0.19727224,0.4541810815103433,0.12175302952528,4.50580096244812
64,0.5868818,0.14812104,0.6814321347237654,-0.14465101063251495,4.201855897903442
128,1.1467384,0.10450087,-0.2162686623146124,1.0845378637313843,4.011484146118164
