train_sample_num,rmse,nrmse,r2,nll,time
4,1.0263386,0.31809795,-0.14300067774879577,0.9188884496688843,0.9058358669281006
8,0.99896324,0.36683944,-0.08283962882782991,0.9086074233055115,0.8084266185760498
16,0.9412115,0.34227806,0.03874281162305193,1.2326512336730957,0.9083988666534424
32,0.8850213,0.25093567,0.15009055026183116,1.5747419595718384,0.8454458713531494
