train_sample_num,rmse,nrmse,r2,nll,time
16,0.86372596,0.23138264,0.25070635797816654,0.19545520842075348,3.9314651489257812
32,0.61070246,0.21919604,0.6254072203391785,-0.1391916126012802,4.316333770751953
64,0.5256318,0.10716598,0.7224998122800856,-0.27432677149772644,4.983830451965332
128,0.5976314,0.110199384,0.6412706958356047,0.532052218914032,5.046300649642944
