train_sample_num,rmse,nrmse,r2,nll,time
16,1.0320327,0.44740334,-0.007277468247804508,0.5361506938934326,5.276889085769653
32,1.0349748,0.40116757,-0.013028948816010022,0.5689026117324829,4.565623998641968
64,0.42776683,0.15276483,0.8269480821177034,-0.4292720556259155,5.018343210220337
128,0.5401309,0.1658963,0.7240945281215581,0.41421085596084595,5.349431991577148
