train_sample_num,rmse,nrmse,r2,nll,time
16,1.1523435,0.26197138,-0.25581621824627865,0.6523358225822449,7.563924312591553
32,1.0677289,0.3474723,-0.07816249917059137,0.6149561405181885,6.642278671264648
64,1.0014237,0.42378005,0.05158590010948916,0.5370959043502808,4.2192161083221436
128,0.9923555,0.2815039,0.06868460866083248,0.5318195223808289,4.5647242069244385
