train_sample_num,rmse,nrmse,r2,nll,time
16,1.6846226,0.17214952,-1.850396737257669,1.0655666589736938,5.283318042755127
32,1.2109674,0.23220316,-0.4728719426350214,0.740644097328186,6.505651235580444
64,1.0927948,0.24961309,-0.19943653786022586,0.5969826579093933,5.812320709228516
128,1.0155674,0.29245004,-0.035899396857193455,0.5306405425071716,6.4568257331848145
