train_sample_num,rmse,nrmse,r2,nll,time
16,1.2491683,0.21231923,-0.4432534531563457,0.707014262676239,5.15993332862854
32,1.0373169,0.27695298,0.004769603152746216,0.5402372479438782,5.278784513473511
64,1.0069435,0.3725791,0.062198655213353105,0.5107601284980774,5.342514276504517
128,1.0402737,0.34441632,-0.0009120055134939076,0.5641589760780334,5.650842666625977
