train_sample_num,rmse,nrmse,r2,nll,time
4,1.1232977,0.2695758,-0.3691620446933206,0.9182101488113403,0.8961389064788818
8,1.1409664,0.30262536,-0.4125728454220945,1.621997356414795,0.8478679656982422
16,1.0611721,0.2801913,-0.22190308060597874,2.030641794204712,0.783397912979126
32,1.0222819,0.28950924,-0.1339827239222895,2.827678918838501,0.8179097175598145
