train_sample_num,rmse,nrmse,r2,nll,time
4,0.9461492,0.13267799,0.2035980018116239,0.47013553977012634,0.742725133895874
8,0.94641006,0.1327702,0.20315864102849868,0.47015151381492615,0.7582230567932129
16,0.9480043,0.13306579,0.20047176564598412,0.4713669717311859,0.7270889282226562
32,0.94497216,0.13230169,0.20557820710113217,0.4684123992919922,0.8414173126220703
