train_sample_num,rmse,nrmse,r2,nll,time
4,0.88789964,0.05312329,0.5132880206151984,3.0363664627075195,1.3254318237304688
8,0.8148201,0.049814392,0.5901095597605914,3.1002612113952637,1.443131923675537
16,0.81729865,0.047767587,0.5876121531389931,3.0519521236419678,1.3565526008605957
32,0.7963954,0.048418596,0.6084368873371122,3.073115348815918,1.4535984992980957
