train_sample_num,rmse,nrmse,r2,nll,time
4,18.856459,0.15635869,0.032838525748084324,5.986011505126953,3.4928550720214844
8,16.482677,0.17715718,0.2610171925953815,4.977921009063721,3.025753974914551
16,11.658431,0.13788724,0.6302919745529535,3.487583875656128,3.0920050144195557
32,10.610413,0.2568846,0.6937731628091441,12.853660583496094,3.19590425491333
