train_sample_num,rmse,nrmse,r2,nll,time
4,4.376586,0.16837503,0.5472409337589561,11.250580787658691,2.4549672603607178
8,4.122082,0.16083202,0.5983667700243953,14.69104290008545,2.387319564819336
16,3.3463564,0.16337554,0.7353080652352137,16.802396774291992,2.506572723388672
32,3.3464692,0.1880297,0.735290226432787,31.735363006591797,2.5343315601348877
