train_sample_num,rmse,nrmse,r2,nll,time
4,3.4359264,0.17567068,0.6451214237935881,7.445308208465576,2.9502899646759033
8,2.857877,0.14980875,0.7544844276650304,8.760794639587402,2.622807502746582
16,3.1424384,0.20032753,0.7031578395161882,22.067211151123047,2.635702133178711
32,3.7196448,0.2848335,0.5840941468557472,72.49771118164062,2.867903709411621
