train_sample_num,rmse,nrmse,r2,nll,time
4,16.309914,0.16763847,0.5005892811135434,5.911300182342529,2.8755037784576416
8,15.582091,0.19574997,0.5441667916855476,4.856140613555908,3.3755950927734375
16,7.0184464,0.267029,0.9075224295093108,2.8748531341552734,3.152631998062134
32,12.417906,0.1858923,0.7104982438612185,5.18050479888916,3.029665470123291
