train_sample_num,rmse,nrmse,r2,nll,time
4,4.077851,0.20952426,0.5938332883865358,10.004548072814941,3.091083526611328
8,4.095039,0.21754739,0.5904019778316683,13.591885566711426,2.5459468364715576
16,3.9832492,0.23732272,0.612459826952621,21.7077579498291,2.678903579711914
32,3.7414463,0.25774896,0.6580828884040404,47.502716064453125,2.734377861022949
