train_sample_num,rmse,nrmse,r2,nll,time
4,5.6807246,0.24454805,0.06802517045326562,15.347197532653809,2.4321134090423584
8,5.268088,0.2322101,0.1985014576814096,17.78397560119629,2.5343713760375977
16,3.7090514,0.26182714,0.6026964549677252,17.765758514404297,2.4430601596832275
32,3.8462076,0.33283916,0.5727695869045966,45.36518859863281,2.8680989742279053
