train_sample_num,rmse,nrmse,r2,nll,time
4,10.164996,0.104732536,0.8019770184989284,3.9527807235717773,2.943195343017578
8,14.079882,0.24491589,0.6200738991845929,5.378543853759766,3.0052037239074707
16,22.460741,0.28163013,0.03317176000312305,6.942905902862549,2.947652816772461
32,11.038744,0.37597406,0.7664712201720182,5.693405628204346,2.7725131511688232
