train_sample_num,rmse,nrmse,r2,nll,time
4,45.434525,0.14366017,-3.656890738649329,4.46651554107666,1.3610522747039795
8,35.49922,0.124986224,-1.8429010492769087,3.850015640258789,1.362856388092041
16,15.099978,0.0929165,0.4856287707332546,3.2374069690704346,1.461799144744873
32,5.978671,0.095832825,0.9193631823943419,3.0436203479766846,1.4757208824157715
