train_sample_num,rmse,nrmse,r2,nll,time
4,1.5595101,0.09037281,0.9405956615914762,11.301483154296875,2.5250840187072754
8,1.529028,0.09078388,0.9428951920832267,10.833431243896484,2.4535562992095947
16,1.2845156,0.0839671,0.9596985641040777,7.1426591873168945,2.4186861515045166
32,0.9225527,0.07246714,0.9792114533657257,3.4331533908843994,2.531679391860962
