train_sample_num,rmse,nrmse,r2,nll,time
4,1.1141664,0.06067338,0.9626842540628213,11.806309700012207,2.5741281509399414
8,1.050013,0.07348719,0.9668577978132393,12.62712287902832,2.5013504028320312
16,0.88494366,0.0718495,0.9764590889203133,8.669676780700684,2.550649881362915
32,0.71331805,0.06572938,0.9847046815293699,5.677862644195557,2.54256010055542
