train_sample_num,rmse,nrmse,r2,nll,time
4,2.0040226,0.11594474,0.8793232330726581,37.58066177368164,2.792330026626587
8,1.7226084,0.12199938,0.9108355855418662,44.492759704589844,2.7597243785858154
16,1.0257086,0.086872526,0.9683869451796129,9.81116008758545,2.6247916221618652
32,0.74221814,0.104529075,0.9834468121648973,4.641322135925293,2.59722900390625
