train_sample_num,rmse,nrmse,r2,nll,time
4,9.244919,0.10905959,0.8362024625069479,2.9280452728271484,1.0009853839874268
8,9.544401,0.11987213,0.8254183925404064,3.0567383766174316,1.0514311790466309
16,17.826988,0.17025208,0.3909442070511152,3.3652431964874268,1.165351152420044
32,6.894468,0.15719785,0.9089033093551615,3.0189414024353027,0.9933803081512451
