train_sample_num,rmse,nrmse,r2,nll,time
4,2.588278,0.13202205,0.8065278082690368,60.25176239013672,2.553452491760254
8,2.2408586,0.11836067,0.8549807828483623,43.74806213378906,2.5338172912597656
16,1.1409712,0.09150403,0.9624036178523342,9.066466331481934,2.5311880111694336
32,0.88292694,0.09010362,0.9774863293375746,5.282658100128174,2.521881580352783
