train_sample_num,rmse,nrmse,r2,nll,time
4,1.6484774,0.06119704,0.9357663858852749,24.779184341430664,2.894319772720337
8,1.496106,0.05606712,0.9470920375312813,20.18694305419922,2.6047768592834473
16,1.0520257,0.05065459,0.9738393203241402,9.608440399169922,2.573239326477051
32,0.83539295,0.043114513,0.9835040292724561,6.108483791351318,2.645282506942749
