train_sample_num,rmse,nrmse,r2,nll,time
4,34.475468,0.21899745,-1.2313867697489616,4.000353813171387,1.494415283203125
8,39.246765,0.25465643,-1.891759397376854,4.306917190551758,1.8201518058776855
16,7.236232,0.10902263,0.9016941487099095,2.8250644207000732,2.0524585247039795
32,8.667487,0.1721526,0.8589604728136806,3.083453416824341,1.1609416007995605
