train_sample_num,rmse,nrmse,r2,nll,time
4,55.275757,0.16148758,-7.310900615528977,7.428170204162598,1.5986857414245605
8,18.314938,0.12061767,0.08759089576841317,6.719693660736084,1.4645543098449707
16,8.613123,0.11326197,0.7982098007346186,6.476884365081787,1.6730573177337646
32,7.7898083,0.20555295,0.8349436374243272,7.177816867828369,1.8465723991394043
