train_sample_num,rmse,nrmse,r2,nll,time
4,13.564715,1.3850316,-4.528915469593354,9.986936569213867,3.5144174098968506
8,14.91341,1.40201,-5.68301363363601,10.423609733581543,3.600637674331665
16,12.097027,0.8996366,-3.3971960742246763,8.497635841369629,3.697023868560791
32,10.571962,0.572402,-2.3583791595747843,8.907425880432129,4.062379837036133
