train_sample_num,rmse,nrmse,r2,nll,time
4,7.1097293,0.35630572,-0.19481988434476838,7.311652660369873,3.996631145477295
8,8.957894,0.5249552,-0.8967413961853627,5.822744846343994,3.480334520339966
16,12.164197,0.8325529,-2.497543799496573,5.102501392364502,3.649808883666992
32,14.190891,1.2161429,-3.760094701068814,5.9150495529174805,4.003097295761108
