train_sample_num,rmse,nrmse,r2,nll,time
4,9.5967245,0.1056744,0.823498946298842,7.398443222045898,2.472414970397949
8,11.417315,0.1359407,0.7501789418497682,7.375272750854492,2.276407480239868
16,25.287718,0.12740666,-0.2255201293354847,7.654301166534424,2.182251453399658
32,7.6184416,0.17316467,0.8887670727520913,7.6069655418396,2.189948797225952
