train_sample_num,rmse,nrmse,r2,nll,time
4,57.347176,0.1366997,-6.419046826352763,7.6792521476745605,1.554687261581421
8,40.285145,0.12375839,-2.6611195773410503,7.933416843414307,1.5251660346984863
16,19.149351,0.0851885,0.17275880404267363,7.698545455932617,1.5231139659881592
32,6.361337,0.12965822,0.9087104808508968,8.168599128723145,1.6266918182373047
