train_sample_num,rmse,nrmse,r2,nll,time
4,8.594234,0.44947854,-1.2202734503534076,7.410604953765869,3.5571606159210205
8,10.604799,0.64327765,-2.3806243363600768,5.985144138336182,3.588923215866089
16,11.444,0.7601352,-2.9368392650869457,5.2344279289245605,3.92769193649292
32,13.740107,1.2672461,-4.675082812315754,5.382444858551025,4.569543123245239
