train_sample_num,rmse,nrmse,r2,nll,time
4,7.9408355,0.44945624,-0.5401895446435441,7.269847393035889,3.8521218299865723
8,8.443226,0.49187857,-0.7412395854457121,6.844116687774658,3.8406598567962646
16,9.97974,0.6318124,-1.4326534047107433,6.005931377410889,4.072166442871094
32,13.381309,1.2527963,-3.373598199583423,5.821110248565674,4.973858833312988
