train_sample_num,rmse,nrmse,r2,nll,time
4,14.667359,0.0810848,0.41482928715083867,3.2234582901000977,2.2588226795196533
8,13.359901,0.07986897,0.5145045333569953,3.1565825939178467,2.361790657043457
16,13.171256,0.06214859,0.528118230515048,3.154759407043457,2.5568134784698486
32,10.613256,0.041653898,0.6936089834321855,2.8071067333221436,2.4995899200439453
