train_sample_num,rmse,nrmse,r2,nll,time
4,14.69646,0.5332177,-4.105306187512293,56.54682540893555,2.5418336391448975
8,8.938567,0.2970912,-0.8885660001232873,29.324195861816406,2.432805299758911
16,6.244399,0.14197095,0.07832533961152044,16.02979850769043,2.4943501949310303
32,2.7044525,0.05620231,0.8271159238088509,6.710784435272217,2.407442808151245
