train_sample_num,rmse,nrmse,r2,nll,time
4,13.421426,0.19884469,-4.412721674430113,51.79084777832031,2.446302890777588
8,11.138892,0.13299437,-2.728228169260799,37.159183502197266,2.3510849475860596
16,4.3044596,0.09099579,0.44325574743701,10.671810150146484,2.894587278366089
32,3.0251281,0.051658455,0.7250168993651196,5.768270492553711,2.8327858448028564
