train_sample_num,rmse,nrmse,r2,nll,time
4,18.532986,0.1054366,0.14961929464141188,3.407365083694458,3.1289331912994385
8,12.301926,0.08023632,0.62531286930141,3.4083526134490967,2.8399007320404053
16,10.35402,0.1388229,0.7345757021568264,4.795498371124268,2.8572354316711426
32,5.598694,0.14335544,0.9223938724986179,2.2832393646240234,2.70141863822937
