train_sample_num,rmse,nrmse,r2,nll,time
4,17.057856,0.16483763,-7.403216283486094,68.96589660644531,2.680668592453003
8,17.03605,0.16112173,-7.381746784318803,67.09502410888672,2.5659918785095215
16,6.4990664,0.12407556,-0.21982822238378597,19.09651756286621,2.4018537998199463
32,3.313331,0.045098837,0.6829510719258244,8.323192596435547,2.6286873817443848
