train_sample_num,rmse,nrmse,r2,nll,time
4,13.715915,0.45833802,-3.595061256544539,50.436885833740234,2.2042737007141113
8,9.236092,0.27965632,-1.0836188624668055,31.563587188720703,2.363764762878418
16,6.349412,0.23931284,0.015288946887586197,20.504131317138672,2.5021309852600098
32,3.3854375,0.07920943,0.7200558984277448,8.198731422424316,2.396747350692749
