train_sample_num,rmse,nrmse,r2,nll,time
4,22.840796,0.102038704,-0.1769188061776945,5.024850368499756,3.140465497970581
8,17.99813,0.21026286,0.2692330910744448,3.4082019329071045,2.9142794609069824
16,16.06633,0.12782778,0.4176858648192745,3.423781156539917,3.2246837615966797
32,10.487999,0.21580772,0.7518528294139517,2.870950222015381,3.072153329849243
