train_sample_num,rmse,nrmse,r2,nll,time
4,2.739758,0.13732532,0.7744499595447866,5.241634368896484,3.0094406604766846
8,2.2674587,0.1407673,0.845511123450919,6.902233123779297,2.609396457672119
16,1.2244478,0.09077468,0.9549495614291887,2.1310606002807617,2.811697244644165
32,0.79452276,0.10282887,0.9810315791223356,1.6987435817718506,2.7240915298461914
