train_sample_num,rmse,nrmse,r2,nll,time
4,10.084226,0.10942138,0.8051114831192585,3.1628971099853516,3.081455707550049
8,13.967565,0.30534723,0.6261111458732165,3.8011975288391113,2.9475228786468506
16,23.13845,0.2836636,-0.026052801354943478,3.981166124343872,3.3711516857147217
32,11.365877,0.23865151,0.7524247945445366,2.9580936431884766,4.779960632324219
