train_sample_num,rmse,nrmse,r2,nll,time
4,3.6979225,0.15651952,0.6050770461427897,7.674680709838867,3.286935806274414
8,3.2271495,0.14120002,0.6992297372192477,7.108828067779541,2.812546730041504
16,1.4317085,0.09378239,0.940802156449177,2.2564640045166016,2.5727338790893555
32,1.027182,0.085349254,0.9695286568975627,2.0530266761779785,3.0231575965881348
