train_sample_num,rmse,nrmse,r2,nll,time
4,1.4812318,0.07406051,0.9340464619255686,1.6002764701843262,2.7758476734161377
8,1.209554,0.072453745,0.9560212843251771,1.6321467161178589,2.77953839302063
16,1.0184193,0.071364194,0.9688222088271368,2.0961203575134277,2.6980783939361572
32,0.7738689,0.06560925,0.9819977459036268,2.7507359981536865,2.4355409145355225
