train_sample_num,rmse,nrmse,r2,nll,time
4,2.091409,0.10824968,0.8931634770416281,3.1839401721954346,2.6738948822021484
8,2.052689,0.108153716,0.8970827674071934,3.522782564163208,2.520902633666992
16,1.788584,0.09875278,0.9218623430145145,3.1931867599487305,3.008924961090088
32,1.1044648,0.073013276,0.9702048561625544,2.7138478755950928,2.7798945903778076
