train_sample_num,rmse,nrmse,r2,nll,time
4,2.1953454,0.074174985,0.8860794622852888,3.3660335540771484,2.4262895584106445
8,1.9462562,0.06642552,0.91046428921547,3.397329807281494,3.110311985015869
16,1.307697,0.05656801,0.959578667237494,2.22219181060791,2.414571523666382
32,0.98809344,0.045138087,0.9769223116218894,1.9959646463394165,2.47226619720459
