train_sample_num,rmse,nrmse,r2,nll,time
4,0.30278426,0.08655623,0.9123033391204148,-0.28067201375961304,0.8280165195465088
8,0.2929927,0.08182805,0.9178835759502193,-0.3769724369049072,0.7923769950866699
16,0.27492675,0.077390134,0.9276979627843508,-0.49322378635406494,0.7796182632446289
32,0.22325592,0.067969605,0.9523215168079587,-0.6878839135169983,0.8321633338928223
