train_sample_num,rmse,nrmse,r2,nll,time
4,0.24721389,0.088128574,0.4937108171236182,-0.5717534422874451,2.209104299545288
8,0.40590572,0.33164504,-0.3649077809534935,-0.35846951603889465,2.2155001163482666
16,0.2567921,0.07683635,0.4537188659245577,-0.8599162101745605,2.2282426357269287
32,0.29394114,0.13384137,0.2842297967502735,-0.6152693629264832,2.2442514896392822
