train_sample_num,rmse,nrmse,r2,nll,time
4,0.573047,0.13052122,-0.2734902599087681,0.0829031765460968,2.2904627323150635
8,0.601439,0.13564602,-0.4028082314512935,0.9927240610122681,2.1881988048553467
16,0.54164696,0.4206513,-0.13775243050752528,0.2652835547924042,2.215744972229004
32,0.64004546,0.43723282,-0.5886811091966304,1.8272957801818848,2.273113965988159
