train_sample_num,rmse,nrmse,r2,nll,time
4,0.5749582,0.20742641,-1.7457328040962157,0.3820940852165222,3.2445647716522217
8,0.4041537,0.32988074,-0.35668442691498803,-0.37494003772735596,2.235090970993042
16,0.3848588,0.29955852,-0.23023630724722643,-0.33595144748687744,2.1804964542388916
32,0.4771086,0.38139346,-0.8906893794560822,0.43147942423820496,2.266468048095703
