train_sample_num,rmse,nrmse,r2,nll,time
4,0.49232417,0.10729876,0.06002251120000324,1.3193827867507935,2.5970563888549805
8,0.43009287,0.09285185,0.2826359372173912,0.8518303036689758,2.669572114944458
16,0.33803645,0.088064276,0.5568587571384707,-0.3489716053009033,2.505441188812256
32,0.33628154,0.09504672,0.5614479461468376,-0.27890315651893616,2.695622682571411
