train_sample_num,rmse,nrmse,r2,nll,time
4,0.3237638,0.09858906,0.1316207447772233,-0.2968475818634033,2.4172298908233643
8,0.3337026,0.10551873,0.077487931981437,-0.2366800755262375,2.748685598373413
16,0.3077239,0.07941694,0.21553164198984465,-0.18324007093906403,2.5090081691741943
32,0.2833555,0.072378606,0.33485509265692004,-0.39235174655914307,2.382917642593384
