train_sample_num,rmse,nrmse,r2,nll,time
4,0.42128876,0.10351516,0.05978638781228807,-0.00480714812874794,2.4522178173065186
8,0.4458648,0.106873274,-0.05310850861423222,0.2792759835720062,2.435863971710205
16,0.37926418,0.09002497,0.23800791617291095,-0.18585117161273956,2.4328207969665527
32,0.34538332,0.077625,0.3680691781563523,-0.3501714766025543,2.3806755542755127
