train_sample_num,rmse,nrmse,r2,nll,time
4,0.33656955,0.10854426,0.05911760523935894,-0.373220831155777,2.6585216522216797
8,0.27793902,0.10980733,0.3583699192422788,-0.8088752627372742,2.5228769779205322
16,0.29610446,0.11263372,0.2717580548632489,-0.6784035563468933,2.555040121078491
32,0.2648851,0.09718175,0.41722517206708964,-0.8510622978210449,2.6792798042297363
