train_sample_num,rmse,nrmse,r2,nll,time
4,0.4284152,0.10292269,-0.5204868584726894,7.858400821685791,4.6814494132995605
8,0.39851847,0.09436059,-0.31567856589161836,7.833621978759766,4.744041204452515
16,0.35578424,0.08350323,-0.048639755332085866,7.789167881011963,4.682069540023804
32,0.32309055,0.07655284,0.13522839875350667,7.715014457702637,5.0325987339019775
