train_sample_num,rmse,nrmse,r2,nll,time
4,0.62790114,0.13503277,-1.1858667955198259,7.925815582275391,3.8958749771118164
8,0.54081947,0.11759263,-0.6216073392819914,7.909034252166748,3.8255646228790283
16,0.34433126,0.08645145,0.3426539669753801,8.026009559631348,3.9469473361968994
32,0.36161304,0.089594536,0.27501448486511737,7.991123199462891,5.3282318115234375
