train_sample_num,rmse,nrmse,r2,nll,time
4,0.42560843,0.13208051,-0.5045482179276535,6.931877613067627,4.1336212158203125
8,0.31654245,0.10448711,0.1677581618032209,6.94871711730957,3.968930959701538
16,0.33031285,0.10606226,0.09377366840444135,6.911989688873291,4.234152793884277
32,0.29345337,0.10948921,0.2847400546412586,7.0999555587768555,4.595794439315796
