train_sample_num,rmse,nrmse,r2,nll,time
4,0.58273256,0.11723384,-0.316902798031494,6.872249603271484,4.14031982421875
8,0.4673601,0.09560815,0.15293172894903284,6.820578098297119,4.091841459274292
16,0.38077596,0.086917736,0.4377180384169159,6.906781196594238,4.292903900146484
32,0.3476641,0.0890835,0.5312570133472835,7.04838752746582,4.94854998588562
