train_sample_num,rmse,nrmse,r2,nll,time
4,0.38897598,0.10112461,-0.25669915114171493,-0.4440571069717407,2.3994882106781006
8,0.29471508,0.09496395,0.2785762632265395,-0.7215505242347717,2.542933225631714
16,0.31080958,0.090732336,0.19763032421096938,-0.7369477152824402,2.2975964546203613
32,0.25507906,0.09056326,0.4595751547306347,-0.9435397386550903,2.967010259628296
