train_sample_num,rmse,nrmse,r2,nll,time
4,0.63349813,0.12343432,-1.2250095316814025,0.2241983562707901,3.4875903129577637
8,0.5756183,0.114280194,-0.8370048610973637,0.3478451669216156,2.9379231929779053
16,0.30347195,0.09130431,0.4894029869303773,-0.7479265332221985,2.6272506713867188
32,0.32744095,0.085515,0.4055612150887373,-0.5895403027534485,2.845628261566162
