train_sample_num,rmse,nrmse,r2,nll,time
4,0.3788825,0.078423955,-0.189219368076597,-0.47197970747947693,2.356598138809204
8,0.38741413,0.07896112,-0.24337997831073577,-0.4093876779079437,2.447941541671753
16,0.35713556,0.07445087,-0.05662072880485702,-0.41650375723838806,2.5886831283569336
32,0.32165092,0.07061366,0.14291768379277592,-0.5197776556015015,2.900899887084961
