train_sample_num,rmse,nrmse,r2,nll,time
4,0.41719803,0.09293788,0.07795673458791841,-0.42900925874710083,2.6207218170166016
8,0.4376818,0.09525464,-0.014807768305264979,-0.3620418608188629,2.282904863357544
16,0.3874191,0.08492595,0.20488697393265443,-0.4596935212612152,2.3545608520507812
32,0.35492027,0.076866865,0.33268877869462743,-0.4521138072013855,2.3937149047851562
