train_sample_num,rmse,nrmse,r2,nll,time
4,0.32282478,0.0893617,0.13665046427044436,-0.576732873916626,2.4218688011169434
8,0.33571684,0.08802622,0.06631747666562615,-0.6320178508758545,2.2819712162017822
16,0.3119859,0.07781852,0.19365136295047636,-0.7103331089019775,2.848539352416992
32,0.2873074,0.07185576,0.3161725535786084,-0.8034816980361938,2.1994271278381348
