train_sample_num,rmse,nrmse,r2,nll,time
4,0.32969666,0.115786724,0.09715169850643735,-0.5818924903869629,2.226029872894287
8,0.27218574,0.10146004,0.38465824131127113,-0.8006817698478699,2.208411693572998
16,0.29932013,0.10265833,0.25585494205020276,-0.7707597613334656,2.2087371349334717
32,0.26144615,0.09927109,0.4322591155819896,-0.9162646532058716,2.3124375343322754
