train_sample_num,rmse,nrmse,r2,nll,time
4,0.48030427,0.10849081,0.10536058572414508,-0.2828506827354431,2.25334095954895
8,0.40785977,0.092275724,0.35488544027671276,-0.4362238645553589,2.10908579826355
16,0.35609317,0.08733709,0.5082522642532972,-0.5377342104911804,2.2328779697418213
32,0.34378588,0.094920225,0.5416563806670864,-0.39792582392692566,2.200331687927246
