train_sample_num,rmse,nrmse,r2,nll,time
4,0.48529935,0.11416077,-0.3057518370400547,-0.3142900764942169,2.368478775024414
8,0.44981503,0.10524162,-0.12178363984743634,-0.33310776948928833,2.2714362144470215
16,0.31494412,0.087601945,0.4500690359134175,-0.7042609453201294,2.5739991664886475
32,0.33058372,0.08595627,0.3940956691100381,-0.5790150165557861,2.363433599472046
