train_sample_num,rmse,nrmse,r2,nll,time
4,3.9724042,0.30053008,0.18167821830972264,9.06328296661377,2.019815683364868
8,3.72678,0.29006013,0.27974752977604966,7.646315097808838,2.2143545150756836
16,3.1248171,0.113266364,0.49363176748443316,2.483574628829956,2.290581464767456
32,5.224594,0.1089146,-0.4155408972298795,8.186578750610352,2.179957389831543
