train_sample_num,rmse,nrmse,r2,nll,time
4,4.183513,0.34275636,0.09238952577107584,4.284818649291992,1.8752038478851318
8,1.0776901,0.2457947,0.9397710841381047,0.6225018501281738,1.6725192070007324
16,3.9195685,0.16053241,0.20330197388350224,4.391273021697998,1.99688720703125
32,5.6665735,0.12316787,-0.6651689384027992,10.165019989013672,2.207460641860962
