train_sample_num,rmse,nrmse,r2,nll,time
4,4.870335,0.20588566,-0.7909770492835966,2.308389186859131,1.3968794345855713
8,3.140858,0.080255516,0.2551498336340985,2.164513349533081,0.8612027168273926
16,2.7604694,0.15323311,0.42464205076236694,1.583417534828186,1.4170458316802979
32,2.576322,0.15774617,0.49884442654185857,1.4782508611679077,1.0381832122802734
