train_sample_num,rmse,nrmse,r2,nll,time
4,3.527821,0.106323585,0.3545979253707877,1.964554786682129,1.210411548614502
8,3.1309495,0.18923157,0.4916423367682481,1.7908169031143188,1.1186435222625732
16,3.4321296,0.1701083,0.38913599714625,1.76509428024292,1.222381830215454
32,3.390294,0.10958931,0.40393722245584207,1.7880866527557373,1.2644035816192627
