train_sample_num,rmse,nrmse,r2,nll,time
4,3.4412265,0.09867466,0.3858934567051453,6.918939590454102,2.1570911407470703
8,2.7997606,0.19023892,0.5935014304008008,6.858669281005859,1.7265355587005615
16,3.2797396,0.1694645,0.4421775437974419,6.800532341003418,1.4590954780578613
32,3.2269287,0.11487796,0.45999723822806715,7.007962226867676,1.530970573425293
