train_sample_num,rmse,nrmse,r2,nll,time
4,13198.8,0.097733624,-0.2653722870704178,14.99139404296875,3.740863084793091
8,13422.583,0.10847608,-0.3086442127466258,12.41248893737793,3.6373329162597656
16,14571.394,0.11075819,-0.54223875632581,11.107199668884277,3.510019540786743
32,14334.284,0.09310339,-0.4924557963151941,11.449810028076172,3.744257688522339
