train_sample_num,rmse,nrmse,r2,nll,time
4,2.2262065,0.15196475,-0.6164119570553475,3.2139806747436523,2.5861692428588867
8,2.1641238,0.14117403,-0.5275147135727714,3.4080636501312256,2.5701353549957275
16,2.1012127,0.15069513,-0.4399958851278021,3.5942108631134033,2.5507194995880127
32,1.746213,0.18373305,0.005475278371035341,2.8384897708892822,2.555732488632202
