train_sample_num,rmse,nrmse,r2,nll,time
4,2.3578992,0.1509325,-1.2768106862493367,4.948415756225586,2.465500831604004
8,2.330969,0.15007757,-1.2250993969196906,5.360268592834473,2.3750667572021484
16,1.9630525,0.15673506,-0.5781208237641886,3.4376046657562256,2.3790667057037354
32,1.7252518,0.15097423,-0.21893730954093749,3.1340630054473877,2.504940986633301
