train_sample_num,rmse,nrmse,r2,nll,time
4,2.9328396,0.1574685,-1.6753143311621095,5.052186965942383,2.467769145965576
8,2.2506542,0.1378822,-0.5754904379672756,3.4582738876342773,2.4664621353149414
16,1.9786025,0.12992668,-0.2176301447139828,3.0945065021514893,2.5492334365844727
32,1.7742333,0.13009691,0.020916579475480868,2.9470021724700928,2.447624444961548
