train_sample_num,rmse,nrmse,r2,nll,time
4,2.5921423,0.1530275,-1.2442781525968658,7.732317924499512,2.5239062309265137
8,2.512635,0.15724221,-1.1087144142699632,4.40969705581665,2.2736330032348633
16,2.384074,0.15520342,-0.8984469740744447,4.300918102264404,2.3366611003875732
32,1.7615805,0.14699832,-0.03648717223475417,2.8276193141937256,2.453590154647827
