train_sample_num,rmse,nrmse,r2,nll,time
4,2.4291513,0.1021387,-1.0133567797241687,4.526748180389404,2.4654359817504883
8,2.394415,0.1032862,-0.9561874885073907,6.1753621101379395,2.393564462661743
16,2.3688679,0.103806876,-0.9146669824476577,7.384372711181641,2.4710867404937744
32,2.1663625,0.10216518,-0.6013043986044011,5.434612274169922,2.4731285572052
