train_sample_num,rmse,nrmse,r2,nll,time
4,1.9862177,0.11857899,-0.6155862022249003,7.065363883972168,2.615579843521118
8,1.9426966,0.12473789,-0.5455615030739147,6.849828720092773,2.4934918880462646
16,1.5779095,0.10622645,-0.019625184769759274,3.5371391773223877,2.6339898109436035
32,1.2097775,0.122694515,0.40064041208523116,1.8764660358428955,2.525547504425049
