train_sample_num,rmse,nrmse,r2,nll,time
4,2.0601625,0.09711237,-0.44815361000230425,4.305968761444092,2.5138132572174072
8,2.0245914,0.09897684,-0.3985771096040165,5.318300724029541,2.5389580726623535
16,1.9595073,0.0975014,-0.310102712911281,5.392866611480713,2.5965538024902344
32,1.668394,0.0957953,0.050251038385117464,2.915102958679199,2.4516615867614746
