train_sample_num,rmse,nrmse,r2,nll,time
4,19291.154,0.100248836,-0.8070458857372267,10.765442848205566,1.5655863285064697
8,19456.916,0.16335443,-0.8382336844860978,11.723602294921875,1.642826795578003
16,19102.662,0.11404208,-0.7719052883150586,11.869170188903809,1.6492478847503662
32,17297.262,0.09671767,-0.45280549589589625,11.926087379455566,1.8018345832824707
