train_sample_num,rmse,nrmse,r2,nll,time
4,1.9310849,0.16407633,-0.24555136994206528,1.1699925661087036,4.4987781047821045
8,2.1698759,0.18174843,-0.5726380762029706,1.994774341583252,3.620842695236206
16,1.936267,0.18343908,-0.2522453577880672,2.042168617248535,3.4866158962249756
32,1.0960304,0.15681295,0.5987600703045843,1.7620880603790283,3.782822847366333
