train_sample_num,rmse,nrmse,r2,nll,time
4,2.1090438,0.102644965,-0.5176891319051289,2.1036081314086914,3.5238704681396484
8,2.032066,0.103482895,-0.40892305411781393,1.441374659538269,3.4862868785858154
16,2.12223,0.11104901,-0.5367262382498992,1.7854719161987305,3.4224207401275635
32,2.7469056,0.17061709,-1.5745366661895281,1.8326830863952637,3.7792539596557617
