train_sample_num,rmse,nrmse,r2,nll,time
4,2.6293514,0.1360286,-1.1502823984109805,2.2729878425598145,3.5352206230163574
8,1.7358572,0.14938459,0.0628130506908029,2.2111005783081055,3.561002254486084
16,1.5090815,0.17101127,0.29168952889458144,2.073493719100952,3.5734364986419678
32,1.0607634,0.14363568,0.6500264013907702,1.8417400121688843,3.9183223247528076
