train_sample_num,rmse,nrmse,r2,nll,time
4,2.1042578,0.09607244,-0.8133193468778612,1.7338366508483887,3.5274322032928467
8,1.9690654,0.09701617,-0.5878031591726065,1.5358883142471313,3.483351230621338
16,1.5761951,0.10497731,-0.017410838837311315,2.0608086585998535,3.4577882289886475
32,1.1120905,0.13471887,0.49352662186128216,1.7876346111297607,3.808101177215576
