train_sample_num,rmse,nrmse,r2,nll,time
4,14645.913,0.15487365,-0.33828724646901875,10.644730567932129,1.782999038696289
8,14441.832,0.15269259,-0.3012505251985975,11.131287574768066,1.6740243434906006
16,13923.857,0.1618833,-0.209582397572583,11.630693435668945,1.7419567108154297
32,13834.884,0.1394152,-0.19417334774510642,11.975105285644531,1.9175150394439697
