train_sample_num,rmse,nrmse,r2,nll,time
4,2.4348876,0.11583665,-0.9336552988644407,2.103806257247925,3.664494037628174
8,2.211895,0.1071155,-0.5956961564366905,1.8042203187942505,3.644658088684082
16,1.9034625,0.0980042,-0.18170709145600106,1.9712671041488647,3.5635857582092285
32,1.0627095,0.11797569,0.6316588136381467,1.856443166732788,3.9227969646453857
