train_sample_num,rmse,nrmse,r2,nll,time
4,19312.568,0.07743869,-1.5715074680978751,11.922277450561523,1.627924919128418
8,16045.016,0.10601339,-0.7749574067297988,11.760356903076172,1.6580252647399902
16,19290.473,0.1284754,-1.5656269711777355,11.922689437866211,1.6901710033416748
32,11951.69,0.099243514,0.015158372051323754,11.765786170959473,1.6955389976501465
