train_sample_num,rmse,nrmse,r2,nll,time
4,12837.361,0.19128025,-0.028177108375978754,13.863338470458984,3.2091362476348877
8,12736.584,0.16074203,-0.012097201404436708,10.914338111877441,3.051476001739502
16,12565.225,0.14898986,0.014953346201786455,10.013495445251465,3.1953861713409424
32,11776.992,0.13784993,0.13466329881736128,9.87439250946045,3.5979580879211426
