train_sample_num,rmse,nrmse,r2,nll,time
4,1.6106333,0.08084675,-0.06235504810946346,1.5705666542053223,2.9781179428100586
8,1.3773912,0.068335816,0.2230536451405194,0.9017720222473145,2.768254280090332
16,1.0325003,0.06432911,0.5634271021480732,0.5181924700737,2.9301631450653076
32,0.7361463,0.05215511,0.7780758283131359,0.07429548352956772,3.0434136390686035
