train_sample_num,rmse,nrmse,r2,nll,time
4,1.5218623,0.07375496,0.20975406976343258,1.1323493719100952,3.1158061027526855
8,1.4907175,0.07074933,0.24176763417441183,1.2205860614776611,2.8471245765686035
16,1.3792949,0.06368421,0.3508787682927479,1.174238920211792,2.7721099853515625
32,1.330957,0.08186534,0.39557880220856445,2.3332102298736572,2.8411715030670166
