train_sample_num,rmse,nrmse,r2,nll,time
4,1.6748041,0.083489336,0.08515147149083402,1.40581476688385,2.6351981163024902
8,1.4720905,0.0667281,0.293210400621577,0.9747715592384338,2.4691061973571777
16,1.1859682,0.04992677,0.5412593722085595,0.5674364566802979,2.466083288192749
32,0.62137556,0.031887535,0.8740699155987481,-0.1677330732345581,2.5704424381256104
