train_sample_num,rmse,nrmse,r2,nll,time
4,20600.354,0.112562224,-1.0606396376757576,20.929405212402344,3.997192144393921
8,15652.159,0.08762347,-0.1896007780793103,10.311637878417969,5.197050094604492
16,15087.398,0.0847653,-0.10530334204053382,10.158777236938477,3.636873245239258
32,13525.661,0.08022783,0.11167937498522829,9.989584922790527,3.9699509143829346
