train_sample_num,rmse,nrmse,r2,nll,time
4,1.7004137,0.14383616,0.034242296294161534,2.119992733001709,2.7554855346679688
8,1.2152401,0.1370437,0.5067317728864804,0.6644691228866577,3.222641944885254
16,1.0048621,0.119127914,0.6627345582602747,0.4092833995819092,2.8848049640655518
32,0.75907475,0.11668118,0.8075455089001521,0.1931927353143692,2.886770248413086
