train_sample_num,rmse,nrmse,r2,nll,time
4,12597.787,0.13918588,-0.0941987970523217,9.941612243652344,3.4261980056762695
8,12015.948,0.09805873,0.004540046532925834,9.892373085021973,3.428678035736084
16,11924.992,0.11512201,0.01955346830553728,9.892772674560547,3.0813519954681396
32,11595.209,0.10597092,0.07303170232713008,9.85450267791748,3.2125723361968994
