train_sample_num,rmse,nrmse,r2,nll,time
4,30559.887,0.14976048,-5.438891928651092,10.903769493103027,3.8005623817443848
8,22461.531,0.13508686,-2.4784559362637903,10.560507774353027,3.5881001949310303
16,19127.434,0.11364253,-1.5224410386819023,10.342960357666016,3.2799384593963623
32,13108.89,0.075710945,-0.18478504819452368,10.016375541687012,3.9159021377563477
