train_sample_num,rmse,nrmse,r2,nll,time
4,15517.715,0.15107213,-0.5023525893399965,10.924020767211914,3.3820624351501465
8,14767.519,0.17300184,-0.3606029117551304,10.296492576599121,3.4177801609039307
16,13679.095,0.17467524,-0.1674305962477438,10.007952690124512,3.2846643924713135
32,14313.275,0.1315528,-0.2781869656336369,10.06906509399414,3.5544683933258057
