train_sample_num,rmse,nrmse,r2,nll,time
4,2.428567,0.1578155,-0.9699677264246465,3.61759090423584,2.3855550289154053
8,2.2918153,0.16013424,-0.7543578693619082,2.4483706951141357,2.449481725692749
16,2.0875483,0.1521169,-0.45556641219521254,2.221454381942749,2.371342182159424
32,1.314138,0.1620989,0.4231792522447806,0.9514787793159485,2.387873888015747
