train_sample_num,rmse,nrmse,r2,nll,time
4,2.1894004,0.13679361,-0.9630293908348448,2.547353506088257,2.5209450721740723
8,2.1307437,0.14231268,-0.8592545429386136,2.6765310764312744,2.3868420124053955
16,1.6721071,0.11202872,-0.14499754821065047,1.6038650274276733,2.4053335189819336
32,1.2949202,0.12986875,0.31330739925394446,1.0568413734436035,2.9100093841552734
