train_sample_num,rmse,nrmse,r2,nll,time
4,2.8564055,0.15617722,-1.5376860762180238,3.379204034805298,2.6094934940338135
8,1.9420415,0.132202,-0.17304667797922524,1.8096905946731567,2.5368993282318115
16,1.643228,0.13315463,0.16016511308760195,1.46201753616333,2.575711250305176
32,1.3039382,0.12285611,0.47117471220799556,0.9845831394195557,2.5812206268310547
