train_sample_num,rmse,nrmse,r2,nll,time
4,17817.855,0.095168546,-0.5415713580677088,10.627999305725098,2.856342315673828
8,24584.877,0.114099935,-1.934869579214154,11.005684852600098,3.1468665599823
16,18709.832,0.10882587,-0.6997791591654237,10.328069686889648,3.1496284008026123
32,17364.48,0.090673156,-0.46411884587198315,10.240470886230469,2.8500313758850098
