train_sample_num,rmse,nrmse,r2,nll,time
4,1.0275223,2.077538,-45.52144798802869,4.838801383972168,2.6861281394958496
8,0.98038334,1.9270182,-41.35089096528081,6.786859035491943,2.54253888130188
16,1.0891757,1.8747671,-51.27168808563567,16.79096031188965,2.768683910369873
32,1.028727,1.8847507,-45.6305965426666,21.47144317626953,2.894854784011841
