train_sample_num,rmse,nrmse,r2,nll,time
4,1.0043844,1.927606,-34.45385918383361,4.552956581115723,2.6396806240081787
8,0.93493026,1.9811401,-29.7200509762566,6.204434871673584,2.641787052154541
16,0.98712,2.264306,-33.24549591880135,12.47469711303711,2.664572238922119
32,0.96690756,1.8933561,-31.857417666679744,19.0655460357666,2.6760270595550537
