train_sample_num,rmse,nrmse,r2,nll,time
4,1.0564634,1.8277223,-37.29449334080311,5.145709037780762,2.575869083404541
8,0.9976045,1.8067312,-33.146343401048036,7.203099250793457,2.8549513816833496
16,1.0660123,1.858084,-37.989881404123395,15.635098457336426,2.9166347980499268
32,0.9545589,1.9693112,-30.263163663395225,17.767648696899414,2.64327335357666
