train_sample_num,rmse,nrmse,r2,nll,time
4,1.0511472,1.8486843,-46.36981545005965,5.396492958068848,2.683783531188965
8,1.0057293,1.5625361,-42.36474541399798,7.9824748039245605,2.575166940689087
16,1.0649387,1.6478237,-47.62098635746421,16.702695846557617,2.667060136795044
32,1.0348173,1.6526221,-44.90943672012175,23.227333068847656,2.768681049346924
