train_sample_num,rmse,nrmse,r2,nll,time
4,1.0368164,1.7735835,-46.60857948483044,4.964957237243652,2.6747663021087646
8,0.94260865,1.9147553,-38.349962327144894,6.700484752655029,2.736959934234619
16,1.0446047,1.8578227,-47.32650690095095,15.586522102355957,2.591967821121216
32,0.9922134,1.8706353,-42.60051914966005,21.775571823120117,2.6388328075408936
