train_sample_num,rmse,nrmse,r2,nll,time
4,0.25906605,0.31272838,-1.302758385491579,-0.2449822872877121,3.350374698638916
8,0.19768313,0.2538593,-0.3408081581961997,-0.9985039234161377,3.1071932315826416
16,0.15829293,0.2054864,0.14029283236414103,-1.3666741847991943,2.8698511123657227
32,0.09735406,0.16515414,0.6748111862646227,-1.8297401666641235,2.684183120727539
