train_sample_num,rmse,nrmse,r2,nll,time
4,0.24448678,0.28715935,-1.5626266106880173,-0.19466575980186462,2.561803102493286
8,0.18441068,0.19517118,-0.45796349757141375,-1.0028865337371826,2.6922402381896973
16,0.14576638,0.15812914,0.08906097469490837,-1.4088997840881348,2.5375657081604004
32,0.11703309,0.13720645,0.41279197608074447,-1.6735955476760864,2.663330316543579
