train_sample_num,rmse,nrmse,r2,nll,time
4,0.2348921,0.29105875,-1.443533784675921,-0.4336129426956177,2.5351622104644775
8,0.14103533,0.20801647,0.11907813936012179,-1.4951993227005005,2.498985767364502
16,0.13903064,0.1865571,0.14394332069449545,-1.503813624382019,2.579397201538086
32,0.094213866,0.15392402,0.6068926714628646,-1.846687912940979,2.3987488746643066
