train_sample_num,rmse,nrmse,r2,nll,time
4,0.21481214,0.3324445,-1.0332387902582068,-0.8909997344017029,2.6200809478759766
8,0.15796138,0.24498023,-0.09944259404657374,-1.3835710287094116,2.6596598625183105
16,0.14449582,0.19694145,0.08001399128103215,-1.479408860206604,2.541477680206299
32,0.097135566,0.13939248,0.5842547389117524,-1.7871649265289307,2.6773808002471924
