train_sample_num,rmse,nrmse,r2,nll,time
4,0.72905385,1.1182818,-22.42016345063637,6.622516632080078,3.870933771133423
8,0.61345804,0.9107839,-15.5821326850367,6.597280979156494,3.90602707862854
16,0.36443695,0.5088901,-4.852151252690032,6.41848087310791,3.8419930934906006
32,0.18011206,0.25560778,-0.42940850964951593,6.278645038604736,4.501916170120239
