train_sample_num,rmse,nrmse,r2,nll,time
4,0.7097957,0.8369559,-16.285987347895084,6.530951976776123,3.633896589279175
8,0.6237035,0.8145485,-12.347002712929624,6.531908988952637,3.69344162940979
16,0.36321083,0.48380396,-3.526317129499562,6.375449180603027,3.6727068424224854
32,0.17154692,0.2838925,-0.009702373727887181,6.247381687164307,4.126466274261475
