train_sample_num,rmse,nrmse,r2,nll,time
4,0.74936193,0.8802777,-23.074530667808517,7.79459285736084,3.7546212673187256
8,0.560643,0.5906631,-12.47557858468011,7.697623252868652,3.9085583686828613
16,0.37277746,0.42778325,-4.9576342106924685,7.5973005294799805,3.78470778465271
32,0.22353609,0.26732633,-1.1422485766537256,7.482799053192139,4.401288747787476
