train_sample_num,rmse,nrmse,r2,nll,time
4,0.16189885,0.18505606,-0.1549368505338624,-1.021898865699768,2.3122024536132812
8,0.15130414,0.19218214,-0.008723984445444755,-1.1943302154541016,2.3949930667877197
16,0.14122878,0.18906981,0.12114515606866405,-1.3799782991409302,2.4125237464904785
32,0.11022315,0.2179414,0.4646764616634399,-1.610721230506897,2.3860504627227783
