train_sample_num,rmse,nrmse,r2,nll,time
4,0.17941886,0.17758635,-0.42566566178893983,-0.9922394752502441,2.9410510063171387
8,0.12744962,0.16169094,0.2806197818351266,-1.240710735321045,2.558948516845703
16,0.12659022,0.15983775,0.2902885906104289,-1.438391089439392,2.373084783554077
32,0.09285816,0.17291148,0.6181246374819069,-1.711470365524292,2.2783148288726807
