train_sample_num,rmse,nrmse,r2,nll,time
4,0.20576154,0.19555326,-0.452633127033214,-0.9540517926216125,2.397430419921875
8,0.18147461,0.18759193,-0.1299498939797321,-1.14150071144104,2.4520647525787354
16,0.15267652,0.18172519,0.20021743725121766,-1.3604490756988525,2.468817949295044
32,0.103829764,0.19605528,0.6301112138957978,-1.6442843675613403,2.5255775451660156
