train_sample_num,rmse,nrmse,r2,nll,time
4,0.18927816,0.15376776,-0.5359445644164149,-0.990644633769989,2.3879003524780273
8,0.17518628,0.14511171,-0.3157539767594697,-1.1702966690063477,2.456078290939331
16,0.14272378,0.135783,0.12669226378174203,-1.396368145942688,2.3599042892456055
32,0.11587583,0.12942809,0.42434767247869287,-1.625962734222412,2.46557879447937
