train_sample_num,rmse,nrmse,r2,nll,time
4,0.24316743,0.4428213,-1.6054427518845231,-0.7454946041107178,2.640885591506958
8,0.16715853,0.3031812,-0.23119767760123344,-0.9997212290763855,2.532383918762207
16,0.13668609,0.1907369,0.17677348865598708,-1.27122163772583,2.625739336013794
32,0.09396878,0.13084047,0.6109209788680433,-1.5407204627990723,2.507958173751831
