train_sample_num,rmse,nrmse,r2,nll,time
4,0.28061765,0.39181125,-1.7018268467661501,-0.7080211639404297,2.600475311279297
8,0.19964385,0.2979026,-0.36753784921050814,-0.9840834140777588,2.534151792526245
16,0.1494036,0.22558162,0.23413958356304698,-1.263987421989441,2.4529757499694824
32,0.09269466,0.17316505,0.7051935841039931,-1.5677860975265503,3.238845109939575
