train_sample_num,rmse,nrmse,r2,nll,time
4,0.26696002,0.3876747,-2.055392972008156,-0.7279557585716248,2.548682689666748
8,0.18051091,0.22320586,-0.3969520476564632,-1.030941128730774,2.3918747901916504
16,0.13255927,0.16685636,0.2466535329199825,-1.3105756044387817,2.945469379425049
32,0.110524505,0.14153486,0.47628896923397945,-1.5377432107925415,2.8969736099243164
