train_sample_num,rmse,nrmse,r2,nll,time
4,0.23528601,0.3383549,-0.9456096440289892,-0.7783571481704712,2.5892891883850098
8,0.14743099,0.24203368,0.23609190588748707,-1.0588195323944092,3.1809892654418945
16,0.094808996,0.1695948,0.6840905512465488,-1.3181709051132202,2.46305513381958
32,0.08402467,0.14196892,0.7518712248009959,-1.5786174535751343,2.5540153980255127
