train_sample_num,rmse,nrmse,r2,nll,time
4,0.25393993,0.3504878,-1.8559031560278751,-0.7518836259841919,2.488757848739624
8,0.14348288,0.23896295,0.08823751482823627,-1.0992186069488525,2.4627583026885986
16,0.13015914,0.19747935,0.2497070179403048,-1.321452021598816,2.50780987739563
32,0.08934678,0.14921659,0.6464593973986574,-1.6108170747756958,2.89327073097229
