train_sample_num,rmse,nrmse,r2,nll,time
4,0.54890305,0.21827485,0.2415944319808656,0.8720704913139343,2.602022409439087
8,0.57048553,0.20342772,0.18078199150025043,2.2402658462524414,2.630819082260132
16,0.5987042,0.2004391,0.09773341751426357,4.895099639892578,2.5279016494750977
32,0.58568317,0.19974652,0.1365530751937597,6.341578960418701,3.1642017364501953
