train_sample_num,rmse,nrmse,r2,nll,time
4,0.57483864,0.18291892,0.2224607298975647,1.1500245332717896,2.494921922683716
8,0.5688823,0.17536,0.2384905660457698,1.926637887954712,2.3938276767730713
16,0.54529756,0.18079422,0.3003230276607569,2.9427807331085205,2.433928966522217
32,0.5472494,0.18233667,0.29530538761865277,4.558333873748779,2.4260194301605225
