train_sample_num,rmse,nrmse,r2,nll,time
4,0.5523353,0.19603348,0.04128428440051035,1.0926064252853394,2.4632818698883057
8,0.54966885,0.19609608,0.05051860289663768,2.2770183086395264,2.602165937423706
16,0.5667107,0.19680999,-0.009269322960860693,4.223761081695557,2.726489305496216
32,0.54193103,0.1958146,0.07706254158047932,5.0908098220825195,2.474569082260132
