train_sample_num,rmse,nrmse,r2,nll,time
4,0.37767437,0.1786581,0.547061415194217,-0.2083592563867569,2.456468105316162
8,0.4120031,0.17935684,0.46097960498302004,0.49306270480155945,2.5434677600860596
16,0.44208762,0.18273783,0.3793869225038635,1.4870222806930542,2.460354804992676
32,0.5131765,0.18319383,0.16374667410192756,3.8461484909057617,2.515378713607788
