train_sample_num,rmse,nrmse,r2,nll,time
4,0.47902,0.24299616,0.2871306127618427,0.1349475234746933,2.556084156036377
8,0.48837194,0.20646754,0.2590241219224696,1.187179446220398,2.447187900543213
16,0.48978037,0.19890833,0.2547440913350144,2.3142621517181396,2.4440956115722656
32,0.4979458,0.19060536,0.22968772287248018,3.6948935985565186,2.4978854656219482
