train_sample_num,rmse,nrmse,r2,nll,time
4,0.6071018,0.23118244,0.13273177489076116,6.575627326965332,2.7276241779327393
8,0.58483106,0.22315778,0.19519392330831586,5.750730514526367,2.8480515480041504
16,0.5808556,0.23154697,0.2060982301376867,5.5979790687561035,2.82308030128479
32,0.5866113,0.22845787,0.19028680242760565,5.848596096038818,2.7133662700653076
