train_sample_num,rmse,nrmse,r2,nll,time
4,0.51204544,0.18368743,0.17604935988990145,4.377838611602783,2.666187286376953
8,0.51057637,0.1835194,0.18077028654713434,4.353533744812012,2.6479454040527344
16,0.51435274,0.19632713,0.16860688690919223,4.4405622482299805,2.5983469486236572
32,0.50651777,0.18196426,0.19374266186882172,4.192382335662842,2.601593017578125
