train_sample_num,rmse,nrmse,r2,nll,time
4,0.42755598,0.1800474,0.4195160851042472,1.7993272542953491,2.835569381713867
8,0.42968377,0.20080905,0.4137239418181441,1.8622320890426636,2.8429744243621826
16,0.43739495,0.19613229,0.3924923789713689,2.0072312355041504,2.5686867237091064
32,0.47662738,0.1830155,0.27862313526226234,2.994230270385742,2.6171791553497314
