train_sample_num,rmse,nrmse,r2,nll,time
4,0.5554963,0.21416871,0.041339117423589866,4.711092948913574,2.7234995365142822
8,0.5355426,0.21997936,0.10897328772237957,4.568894863128662,2.6139402389526367
16,0.52247214,0.22642392,0.1519353806385204,4.274129390716553,2.520235538482666
32,0.50895643,0.24245967,0.19524460985975434,3.9681437015533447,2.6478657722473145
