train_sample_num,rmse,nrmse,r2,nll,time
4,0.5992666,0.22101994,0.09603766601869745,6.46697998046875,2.636353015899658
8,0.56914353,0.24848853,0.18463173892216123,5.601606369018555,2.513932228088379
16,0.57557756,0.2509297,0.1660925175058552,6.102874279022217,2.5223886966705322
32,0.55731124,0.23784594,0.21818176951957646,5.149847507476807,2.8204798698425293
