train_sample_num,rmse,nrmse,r2,nll,time
4,0.72709244,0.23162436,-0.6787401888974511,5.726190090179443,3.9803950786590576
8,0.6575037,0.24592468,-0.3727791316949154,4.754542827606201,3.5847270488739014
16,0.5730792,0.23597308,-0.042878191233550744,3.599421977996826,3.6987829208374023
32,0.62239534,0.2523233,-0.23009009479402343,3.1529486179351807,4.421141147613525
