train_sample_num,rmse,nrmse,r2,nll,time
4,1.1529623,0.4344838,-3.129836691048272,7.103670597076416,3.692622184753418
8,0.99264467,0.36707544,-2.061190237913371,7.129678726196289,3.5730090141296387
16,0.7842681,0.293138,-0.9108726144123922,7.1117939949035645,3.616525411605835
32,0.7781233,0.281997,-0.8810467173237739,7.101911544799805,4.2207865715026855
