train_sample_num,rmse,nrmse,r2,nll,time
4,0.84042066,0.26174143,-1.2196154261515586,5.018364429473877,3.765547513961792
8,0.76815397,0.24005418,-0.85430356685755,4.861262321472168,3.594339370727539
16,0.7083831,0.21308272,-0.5769596775471233,4.985162734985352,3.5149781703948975
32,0.7586,0.21565552,-0.8084642189233044,5.064383506774902,4.075300216674805
