train_sample_num,rmse,nrmse,r2,nll,time
4,0.94153374,0.29442602,-1.2314233650067314,6.556056976318359,4.113814830780029
8,0.8827089,0.28457773,-0.9613050657660012,6.603786468505859,3.9138474464416504
16,0.85736054,0.2737084,-0.8502787833783196,6.556407928466797,3.9330458641052246
32,0.80535674,0.26512158,-0.6326265813459422,6.5676984786987305,4.43011212348938
