train_sample_num,rmse,nrmse,r2,nll,time
4,0.8675293,0.28712127,-0.770919219466601,5.514397621154785,3.844362258911133
8,0.8393411,0.28257996,-0.6577054611913782,5.493380546569824,3.573586940765381
16,0.81986976,0.271911,-0.5816853176597074,5.4898176193237305,3.633786678314209
32,0.8778997,0.27153957,-0.813511001392399,5.616033554077148,4.015962839126587
