train_sample_num,rmse,nrmse,r2,nll,time
4,0.58849543,0.23856032,0.12824101678919675,-0.02610224299132824,2.353961229324341
8,0.46986455,0.21391924,0.44428052672694385,-0.11391820758581161,2.318178653717041
16,0.46308374,0.24104209,0.4602044953293829,0.1070660799741745,2.2463340759277344
32,0.4932631,0.23871642,0.38755455919172266,2.0461630821228027,2.21565842628479
