train_sample_num,rmse,nrmse,r2,nll,time
4,0.3926572,0.18965644,0.521006283890076,-0.4671940207481384,2.551704168319702
8,0.47863388,0.22388686,0.28827934239310327,0.04828254133462906,2.30340313911438
16,0.49504426,0.22773613,0.23863870363634543,0.6411427855491638,2.435131549835205
32,0.48709643,0.2417315,0.26288947813189,1.8273837566375732,2.481205701828003
