train_sample_num,rmse,nrmse,r2,nll,time
4,0.5104439,0.22066015,0.3869067671790214,-0.17603974044322968,2.4954936504364014
8,0.5392493,0.22553545,0.3157582068577036,0.23278822004795074,2.5070133209228516
16,0.5359076,0.22595774,0.32421233709338904,1.0950849056243896,2.715768814086914
32,0.51397645,0.23193933,0.37839166271123115,1.9041248559951782,2.513552188873291
