train_sample_num,rmse,nrmse,r2,nll,time
4,0.808761,0.24492134,-1.077038970580348,0.38087978959083557,2.523310422897339
8,0.559222,0.17758653,0.006946467414936652,-0.1123691275715828,2.264683485031128
16,0.50745326,0.19695896,0.1822954802102138,0.04667791351675987,2.270425319671631
32,0.4943192,0.18197967,0.22407599421182467,1.401831865310669,2.2796871662139893
