train_sample_num,rmse,nrmse,r2,nll,time
4,0.5707471,0.185832,-0.023697415934984978,0.011413315311074257,2.6672544479370117
8,0.57481736,0.1608123,-0.038350677985549586,0.5319462418556213,2.5040953159332275
16,0.50117874,0.17641489,0.2106501062124827,0.7700919508934021,2.4921605587005615
32,0.4774261,0.16653773,0.2836973756706953,1.9263285398483276,2.9686031341552734
