train_sample_num,rmse,nrmse,r2,nll,time
4,0.34558734,0.18359351,0.6207550062933176,-0.5082594156265259,2.487269163131714
8,0.35095894,0.18120734,0.608873803675398,-0.5535619258880615,2.4771132469177246
16,0.3533383,0.18872562,0.6035525036426547,-0.3632015287876129,2.594665288925171
32,0.31256214,0.1888661,0.689774901442101,-0.4940561056137085,2.490455389022827
