train_sample_num,rmse,nrmse,r2,nll,time
4,0.3851599,0.2212533,0.6509299945846356,-0.4698050618171692,2.491136312484741
8,0.5595586,0.2050811,0.2632475941019812,0.6398885846138,2.4699854850769043
16,0.5660096,0.23563217,0.24616207914412747,1.521685004234314,2.491987466812134
32,0.57552123,0.22128935,0.22061307613035375,2.9388086795806885,2.449436902999878
