train_sample_num,rmse,nrmse,r2,nll,time
4,0.54739106,0.21409528,0.06911050526886686,0.13249807059764862,2.5853147506713867
8,0.5171396,0.21625946,0.16915829660095405,0.4934677481651306,2.491144895553589
16,0.5026224,0.22389053,0.21515042343256707,1.0768903493881226,2.4280316829681396
32,0.48895612,0.22527382,0.2572503109125466,1.8660856485366821,2.5259830951690674
