train_sample_num,rmse,nrmse,r2,nll,time
4,0.39409772,0.20857713,0.6090529220680819,-0.42851364612579346,2.7641170024871826
8,0.4229213,0.22568068,0.5497752479233047,-0.2514500021934509,2.435025453567505
16,0.34295815,0.20922053,0.703931288632699,-0.46109625697135925,2.4884729385375977
32,0.49851862,0.2554061,0.37443424789556157,2.0464601516723633,2.5620734691619873
