train_sample_num,rmse,nrmse,r2,nll,time
4,0.4206592,0.21443991,0.44391006859489235,-0.3671308755874634,2.7139294147491455
8,0.48507014,0.20702834,0.2605762671392289,0.20356565713882446,2.519935131072998
16,0.31454164,0.20218216,0.6890858205818953,-0.6122961640357971,2.77512788772583
32,0.3196514,0.18641646,0.6789021216504185,-0.46359992027282715,2.4324254989624023
