train_sample_num,rmse,nrmse,r2,nll,time
4,0.27133945,0.094409056,0.8664652118744185,-0.30346575379371643,0.8499326705932617
8,0.27025008,0.09328899,0.8675352729740055,-0.38277989625930786,0.8169782161712646
16,0.2654712,0.08913984,0.8721786887561124,-0.4677288830280304,0.8743829727172852
32,0.26507044,0.088550396,0.872564282848982,-0.6119831204414368,0.809821605682373
