train_sample_num,rmse,nrmse,r2,nll,time
4,0.27133945,0.094409056,0.8664652118744185,-0.30346575379371643,1.0099709033966064
8,0.27025008,0.09328899,0.8675352729740055,-0.38277989625930786,0.829932689666748
16,0.2654712,0.08913984,0.8721786887561124,-0.4677288830280304,0.9252758026123047
32,0.26507044,0.088550396,0.872564282848982,-0.6119831204414368,0.870520830154419
