train_sample_num,rmse,nrmse,r2,nll,time
4,0.32029152,0.089080915,0.8139372160269628,4.077642917633057,1.3050003051757812
8,0.31803104,0.086884886,0.816554271939407,4.080776214599609,1.444361686706543
16,0.30820993,0.08512998,0.827709316135752,4.110750675201416,1.3266849517822266
32,0.3067959,0.0852751,0.8292865712748854,4.137389183044434,1.422741174697876
