train_sample_num,rmse,nrmse,r2,nll,time
4,0.2704055,0.09374178,0.8673828634621261,-0.28325068950653076,0.8493201732635498
8,0.26944235,0.09323781,0.8683259062468236,-0.3639073967933655,0.7830862998962402
16,0.2648122,0.091921665,0.8728124618230452,-0.47649016976356506,0.7958858013153076
32,0.26333755,0.09167362,0.8742250659308245,-0.6223036646842957,0.7777788639068604
