train_sample_num,rmse,nrmse,r2,nll,time
4,0.2704055,0.09374178,0.8673828634621261,-0.28325068950653076,0.7679767608642578
8,0.26944235,0.09323781,0.8683259062468236,-0.3639073967933655,0.7532849311828613
16,0.2648122,0.091921665,0.8728124618230452,-0.47649016976356506,0.7410833835601807
32,0.26333755,0.09167362,0.8742250659308245,-0.6223036646842957,0.7090795040130615
