train_sample_num,rmse,nrmse,r2,nll,time
4,0.6232153,0.3864128,0.6280776209112925,0.04424380883574486,1.1975440979003906
8,0.5804796,0.3401523,0.6773363582095804,-0.04537925124168396,0.849076509475708
16,0.572171,0.3800618,0.6865071036983741,0.06897091120481491,1.1163995265960693
32,0.54637897,0.3665576,0.714133026128155,0.1676568239927292,1.279829978942871
