train_sample_num,rmse,nrmse,r2,nll,time
4,0.61840165,0.40732235,0.6338007848304726,0.7136512994766235,0.809842586517334
8,0.56959444,0.34701803,0.689324154713293,0.4324219524860382,0.8505175113677979
16,0.55807066,0.38153753,0.7017678035916282,0.37877482175827026,0.806800365447998
32,0.5268229,0.35624778,0.7342303211739498,0.2071828842163086,0.8639373779296875
