train_sample_num,rmse,nrmse,r2,nll,time
4,0.78903604,0.36691514,0.475886225645085,0.29186251759529114,0.8931112289428711
8,0.5606013,0.2028342,0.7354302776172041,-0.07269495725631714,0.754014253616333
16,0.3843567,0.19257337,0.8756342472212237,-0.46178463101387024,0.8249571323394775
32,0.2989241,0.16703196,0.9247764702908732,-0.7108909487724304,0.7945482730865479
