train_sample_num,rmse,nrmse,r2,nll,time
4,0.4385538,0.17996547,0.8380885239736174,-0.2879931628704071,0.8272583484649658
8,0.41324386,0.1995017,0.8562377810984108,-0.425752192735672,0.7577590942382812
16,0.36801657,0.15768369,0.8859837601284754,-0.5782018899917603,0.8233458995819092
32,0.32559484,0.21086365,0.9107543598913038,-0.707766056060791,0.7815098762512207
