train_sample_num,rmse,nrmse,r2,nll,time
4,37.94727,0.13102621,0.47245697601910397,223.30853271484375,2.923888921737671
8,38.13005,0.13750277,0.4673627341762443,314.4663391113281,2.987018585205078
16,36.913307,0.13050355,0.5008136716042403,405.8902587890625,3.7217023372650146
32,36.203297,0.11369722,0.5198321859496116,461.9293212890625,3.254054307937622
