train_sample_num,rmse,nrmse,r2,nll,time
4,42.770283,0.14134328,0.20434825708983562,253.0791473388672,3.3540937900543213
8,42.479046,0.13963036,0.21514696080042295,468.681640625,3.3760950565338135
16,40.933933,0.13211949,0.2712043822025386,429.6053771972656,3.013644218444824
32,40.687214,0.105788045,0.27996324064098455,355.6199645996094,2.7085320949554443
