train_sample_num,rmse,nrmse,r2,nll,time
4,30.489765,0.10949568,0.449665749822598,244.1072235107422,2.5679333209991455
8,26.281822,0.06696364,0.5910884324353314,120.63568115234375,2.8745152950286865
16,24.726622,0.08732123,0.6380505111904473,208.6508331298828,2.8879432678222656
32,23.84708,0.08159431,0.6633420719462363,214.2900390625,2.7918970584869385
