train_sample_num,rmse,nrmse,r2,nll,time
4,39.32075,0.13832138,0.3275153842834784,472.8653564453125,2.479301929473877
8,47.460403,0.14371286,0.020280796890680963,809.5211791992188,2.4468135833740234
16,43.77303,0.13217473,0.16660290896488006,607.2646484375,2.404550313949585
32,36.394356,0.09517098,0.42388817898905484,381.5595397949219,2.518540620803833
