train_sample_num,rmse,nrmse,r2,nll,time
4,33.273144,0.07767605,0.5164989936894822,393.04217529296875,3.310004472732544
8,32.57826,0.07772992,0.5364831607248655,351.6097717285156,2.589658737182617
16,35.26516,0.09107352,0.45687297497937684,431.88824462890625,2.7166876792907715
32,31.724138,0.0630727,0.5604690818584313,343.5472717285156,2.948110580444336
