train_sample_num,rmse,nrmse,r2,nll,time
4,35.16044,0.1535222,0.5470968504823608,578.2857055664062,2.422307014465332
8,36.914062,0.13636836,0.500793156049115,597.901123046875,2.355107069015503
16,40.113197,0.13217981,0.41051696681022454,693.2343139648438,2.487314224243164
32,41.088802,0.11183352,0.3814941896495373,713.0265502929688,2.551556348800659
