train_sample_num,rmse,nrmse,r2,nll,time
4,42.14772,0.12318736,0.2948317881861974,531.663330078125,2.384958028793335
8,42.936,0.12843668,0.2682078504155697,573.409423828125,2.367293357849121
16,38.74881,0.11713362,0.40397942320014035,391.091796875,2.407062530517578
32,34.00329,0.11909527,0.5410278031767277,328.0216064453125,2.3384151458740234
