train_sample_num,rmse,nrmse,r2,nll,time
4,121.35811,0.3843446,-4.8463150236037285,38.76942825317383,5.297179460525513
8,110.672874,0.38389876,-3.8621340817179632,38.137115478515625,4.750125885009766
16,182.28293,0.3267242,-12.189751530052282,34.308311462402344,5.151458263397217
32,163.37982,0.31703386,-9.595985872374426,36.817264556884766,4.728210926055908
