train_sample_num,rmse,nrmse,r2,nll,time
4,204.71156,0.27202246,-17.301830508017716,63.8248291015625,5.417480707168579
8,208.13313,0.2670766,-17.91873802049177,69.98949432373047,4.56036901473999
16,201.15324,0.26974085,-16.6711110898346,65.96509552001953,5.107659578323364
32,223.59323,0.25591832,-20.833682807878073,58.990272521972656,4.910205125808716
