train_sample_num,rmse,nrmse,r2,nll,time
4,118.97882,0.20465517,-4.186043398178499,2611.8291015625,2.5036427974700928
8,116.010994,0.19905354,-3.930547347752733,2537.206787109375,2.916356325149536
16,110.22055,0.17511988,-3.4506353887846233,2334.513671875,3.0513412952423096
32,102.53505,0.16266409,-2.85160307979443,2084.65087890625,2.6369078159332275
