train_sample_num,rmse,nrmse,r2,nll,time
4,103.84346,0.20068538,-5.383762809909994,1987.8994140625,2.4478962421417236
8,99.87117,0.1838502,-4.904711473037918,1854.3487548828125,2.4130678176879883
16,96.612976,0.17199187,-4.525726106347628,1770.8526611328125,2.4288442134857178
32,89.41884,0.14733008,-3.7334356679173473,1590.4693603515625,2.4875738620758057
