train_sample_num,rmse,nrmse,r2,nll,time
4,35.533737,0.0829799,0.44856854630795273,231.6723175048828,2.9203226566314697
8,37.290462,0.0852992,0.3926971088074005,264.30133056640625,2.4960644245147705
16,36.977875,0.092142746,0.4028359743498159,306.2700500488281,2.6737968921661377
32,32.972404,0.06318564,0.5251997080117767,273.89312744140625,2.4467387199401855
