train_sample_num,rmse,nrmse,r2,nll,time
4,42.261353,0.14754727,0.22317082954832645,311.7103576660156,2.4508936405181885
8,43.999508,0.13157839,0.1579567412213866,378.7666015625,2.88278865814209
16,42.863907,0.12961546,0.20086108434001015,376.4330139160156,2.7518014907836914
32,38.125164,0.10112076,0.36778885096188985,351.7153015136719,2.4590871334075928
