train_sample_num,rmse,nrmse,r2,nll,time
4,30.865496,0.10016915,0.43601841497427773,189.8442840576172,2.432450532913208
8,26.376127,0.078937046,0.5881487056279987,164.50537109375,2.298757314682007
16,24.810219,0.07822411,0.635598944413459,149.92831420898438,2.4618167877197266
32,25.00244,0.07722644,0.6299305679918977,182.18019104003906,2.3354527950286865
