train_sample_num,rmse,nrmse,r2,nll,time
4,37.343204,0.13888288,0.48911869870478575,287.5209045410156,2.891075611114502
8,37.882168,0.13732229,0.4742654877980882,323.18731689453125,2.926323652267456
16,38.246418,0.13012123,0.4641066866893674,350.71710205078125,2.700031280517578
32,38.56818,0.11578153,0.4550519483336868,400.05841064453125,2.5738027095794678
