train_sample_num,rmse,nrmse,r2,nll,time
4,38.505165,0.11553562,0.4114510549774969,262.8171081542969,2.5330052375793457
8,38.865353,0.11945816,0.40038866939585116,277.6636047363281,2.360670328140259
16,37.987663,0.11648815,0.427164659874256,283.9535217285156,2.3507821559906006
32,34.317383,0.11951779,0.5325093955922717,329.6928405761719,2.908200740814209
