train_sample_num,rmse,nrmse,r2,nll,time
4,0.4951684,0.10341575,0.6920952083512133,-0.26009225845336914,0.8846437931060791
8,0.49277294,0.13266946,0.695067093725934,-0.280416876077652,0.9710264205932617
16,0.4534332,0.1113454,0.7418113198269647,-0.4837644696235657,0.9884705543518066
32,0.44248965,0.14270149,0.7541236105079703,-0.2991483509540558,1.1514310836791992
