train_sample_num,rmse,nrmse,r2,nll,time
4,0.8325907,0.06045351,0.12949014448457108,0.018004238605499268,0.8247368335723877
8,0.6917231,0.061103556,0.39913736627225427,-0.15393079817295074,0.805267333984375
16,0.68882865,0.060667392,0.404155413533429,-0.29637467861175537,0.8369410037994385
32,0.4519805,0.09297211,0.7434629792137932,-0.47829750180244446,0.8439981937408447
