train_sample_num,rmse,nrmse,r2,nll,time
4,0.27207854,0.09284434,0.8647671686149996,-0.7667547464370728,0.930283784866333
8,0.2713927,0.091073155,0.8654480447514359,-0.768962562084198,0.9715948104858398
16,0.2623628,0.090876415,0.8742528606083323,-0.7770788669586182,0.9547889232635498
32,0.26111344,0.09184812,0.8754475886115174,-0.7788637280464172,0.8597931861877441
