train_sample_num,rmse,nrmse,r2,nll,time
4,0.5604512,0.08522737,0.42618863173133903,-0.07647011429071426,0.9348978996276855
8,0.49035403,0.0646636,0.560748663207355,-0.17195816338062286,0.7986240386962891
16,0.35570532,0.07819514,0.768860470039772,-0.37420928478240967,0.96291184425354
32,0.35259598,0.07356158,0.7728837219169775,-0.6364703178405762,0.8488945960998535
