train_sample_num,rmse,nrmse,r2,nll,time
4,1.649848,0.16367513,-1.6493055326403603,1.6739225387573242,0.8787825107574463
8,1.3860668,0.13933912,-0.8698745196577811,0.9579846262931824,0.8311553001403809
16,1.2875147,0.12223012,-0.6134243445661245,0.7901076674461365,0.8909869194030762
32,0.6773161,0.111691624,0.5534942976401105,0.01826494187116623,0.8989906311035156
