train_sample_num,rmse,nrmse,r2,nll,time
8,1.6816262,0.12694375,-10.011726095206258,58.43377685546875,2.8512122631073
16,1.0908372,0.09072268,-3.633577196071375,119.28196716308594,3.1184000968933105
32,0.62874943,0.071402065,-0.5394006463855563,18.93702507019043,2.819756269454956
64,0.4114483,0.0929524,0.3407851361517793,8.668394088745117,3.0651910305023193
