train_sample_num,rmse,nrmse,r2,nll,time
8,0.9175176,0.11577918,-2.278123370747468,1.4058356285095215,1.372706413269043
16,0.5015527,0.07553194,0.020443229381645223,-0.11707993596792221,1.3370187282562256
32,0.2696715,0.0562649,0.7168174163083605,-0.7462049722671509,1.5330817699432373
64,0.0995237,0.06707253,0.9614300097910703,-0.8834002614021301,1.4248688220977783
