train_sample_num,rmse,nrmse,r2,nll,time
8,0.7743243,0.108737335,-1.79533148876836,0.9581530690193176,1.3664896488189697
16,0.28213367,0.10751521,0.6288945376754651,-0.7264325022697449,1.2793951034545898
32,0.095578715,0.034983307,0.9574097807841997,-0.9606320261955261,1.3620948791503906
64,0.1541498,0.04340802,0.8892169195078422,-0.8382424712181091,1.274139404296875
