train_sample_num,rmse,nrmse,r2,nll,time
8,0.7685894,0.106300935,-1.7540784592240088,4.605283260345459,2.305553913116455
16,0.2656998,0.104260005,0.6708680753400076,4.713239669799805,2.2234668731689453
32,0.08959575,0.053428,0.9625749539150832,4.809815883636475,2.401334762573242
64,0.14239967,0.04553463,0.9054622067526537,4.894268989562988,2.5748589038848877
