train_sample_num,rmse,nrmse,r2,nll,time
8,0.5208195,0.07913825,-0.26656674865669916,5.0805134773254395,2.2850003242492676
16,0.39787626,0.078782305,0.2608209716754425,5.752036094665527,2.1848487854003906
32,0.23321131,0.07155397,0.7460472804096866,5.849940776824951,2.3198399543762207
64,0.2608915,0.08948616,0.6821856724345645,5.862869739532471,2.4640438556671143
