train_sample_num,rmse,nrmse,r2,nll,time
4,1.5247005,0.16622329,-1.2626284351351629,3.069404363632202,1.3671364784240723
8,1.4006735,0.1444444,-0.9094926673023476,3.2729690074920654,1.3027441501617432
16,1.3056245,0.12679808,-0.6591312310908302,3.285971164703369,1.344388484954834
32,0.64440125,0.11976516,0.5958366543042073,3.3467276096343994,1.6912415027618408
