train_sample_num,rmse,nrmse,r2,nll,time
8,0.42537844,0.13536091,0.15510142910935865,0.4824982285499573,3.576695442199707
16,0.18023005,0.052452285,0.8483271072069207,-1.3320188522338867,3.4663283824920654
32,0.122635536,0.02533878,0.9297758887534714,-1.7509983777999878,3.532862424850464
64,0.15870257,0.045761183,0.8823961512067496,-1.6901049613952637,3.6184396743774414
