train_sample_num,rmse,nrmse,r2,nll,time
8,0.396995,0.120531425,0.26521955193881797,-0.4426255226135254,2.9718892574310303
16,0.17707215,0.10537807,0.8538199726327613,-1.2734873294830322,2.966064691543579
32,0.10211988,0.08185606,0.9513807697006677,-1.826945185661316,3.0599586963653564
64,0.07456472,0.052755058,0.9740788520637603,-2.1595354080200195,3.3860867023468018
