train_sample_num,rmse,nrmse,r2,nll,time
4,1.6496104,0.16289672,-1.6485420247059226,1.4171507358551025,0.7795078754425049
8,1.3488642,0.13484107,-0.7708454979168513,0.8161109089851379,0.7524576187133789
16,1.2408038,0.116779625,-0.4984781194754955,0.6306500434875488,0.8377606868743896
32,0.5530439,0.0980384,0.7023105936660565,-0.07496676594018936,0.7418146133422852
