train_sample_num,rmse,nrmse,r2,nll,time
8,1.3793005,0.09374902,-6.408226346436012,3.1637094020843506,3.0018322467803955
16,0.5542929,0.06741947,-0.19639640297334626,0.16020567715168,3.305119037628174
32,0.3060256,0.100940876,0.6353200059894353,0.0669775903224945,3.144296884536743
64,0.11604067,0.08799573,0.9475655255827766,-1.6666151285171509,3.1170146465301514
