train_sample_num,rmse,nrmse,r2,nll,time
8,0.8231209,0.06989255,-2.163594941697116,2.1788017749786377,2.971071243286133
16,0.5244587,0.061491624,-0.2843286886320644,0.7777122259140015,2.912046194076538
32,0.2663188,0.08367552,0.6688251923684566,-0.154184952378273,3.011683464050293
64,0.3139714,0.11796956,0.5397076112714059,1.0024909973144531,3.048154592514038
