train_sample_num,rmse,nrmse,r2,nll,time
4,1.2754161,0.425622,-20.28454741650014,8.628186225891113,2.4278371334075928
8,1.1116323,0.4024704,-15.168994943819026,9.869545936584473,2.3375232219696045
16,1.0284064,0.4178761,-12.838534131505838,12.806556701660156,2.386579990386963
32,0.97173893,0.45490375,-11.355485868298024,22.3693904876709,2.47771954536438
