train_sample_num,rmse,nrmse,r2,nll,time
4,0.87930536,0.33386618,-8.52271675491669,5.152811050415039,3.5256764888763428
8,0.94859594,0.3794056,-10.082656908609845,8.125933647155762,3.210158109664917
16,0.94921476,0.39945385,-10.097122151849089,14.412575721740723,3.191936731338501
32,0.95839703,0.41770598,-10.312856953936667,21.832048416137695,2.9120662212371826
