train_sample_num,rmse,nrmse,r2,nll,time
4,1.082092,0.36623603,-15.441867935885252,6.564813137054443,2.324359655380249
8,1.0042121,0.35358456,-13.160343450960847,6.404602527618408,2.4521830081939697
16,0.9246737,0.34820864,-11.006037648250212,8.445169448852539,2.344766139984131
32,0.8821127,0.38334075,-9.926246584467785,14.906625747680664,2.4950647354125977
