train_sample_num,rmse,nrmse,r2,nll,time
4,0.3316006,0.30241805,-0.4219665670827424,2.581515312194824,3.1381568908691406
8,0.26223472,0.34682247,0.1107187158762084,0.23935428261756897,3.4720728397369385
16,0.22499198,0.24905047,0.3453745495739087,-0.24531276524066925,4.0286760330200195
32,0.22111481,0.25394338,0.3677417452874213,-0.2644955813884735,3.704338312149048
