train_sample_num,rmse,nrmse,r2,nll,time
4,0.4023743,0.2986572,-1.2734389683083536,3.7887794971466064,3.6893041133880615
8,0.31235218,0.26433468,-0.3699729146490942,0.9770259857177734,3.77898907661438
16,0.2592436,0.24880981,0.05628918466302146,0.09227658063173294,3.2245004177093506
32,0.21026322,0.17807311,0.37920312523780964,-0.47088897228240967,3.4162042140960693
