train_sample_num,rmse,nrmse,r2,nll,time
4,0.3531022,0.29057238,-0.5356147877620092,2.110260009765625,3.509784698486328
8,0.25553292,0.2249776,0.1957796872054226,0.1346614956855774,2.976991653442383
16,0.24389872,0.21672246,0.26734351353622954,0.010302114300429821,3.088085889816284
32,0.23869091,0.20683022,0.298297393860269,-0.02767719328403473,3.563026189804077
