train_sample_num,rmse,nrmse,r2,nll,time
4,0.54030526,0.3705116,-2.8197855180771327,3.529818534851074,3.2047653198242188
8,0.4196221,0.3460696,-1.303972534604147,1.0635707378387451,3.5670337677001953
16,0.32051784,0.2707432,-0.3442035705964408,-0.0317399837076664,3.494373083114624
32,0.23833425,0.22856012,0.25675241069974164,-0.7172568440437317,3.6882431507110596
