train_sample_num,rmse,nrmse,r2,nll,time
4,0.26514694,0.2137853,0.08011427203316812,4.645979881286621,5.995580196380615
8,0.23722146,0.21611807,0.2636765533999649,4.727841377258301,5.619215250015259
16,0.29284295,0.19093339,-0.12209632627114142,3.647451400756836,5.809788942337036
32,0.31523558,0.18538965,-0.3002625554213578,3.8562467098236084,6.0417749881744385
