train_sample_num,rmse,nrmse,r2,nll,time
4,0.21513025,0.21815722,0.35013104190714617,5.8476128578186035,5.309118270874023
8,0.25148588,0.2100507,0.1119241569810504,5.945392608642578,5.6008899211883545
16,0.4758071,0.35024026,-2.178957428268693,6.397310733795166,5.104891300201416
32,0.4272919,0.24773632,-1.5637292288833335,5.291898250579834,5.600655555725098
