train_sample_num,rmse,nrmse,r2,nll,time
4,0.23772736,0.27535567,0.2691686792246697,4.535241603851318,4.8438169956207275
8,0.3171627,0.24988759,-0.3008373973934926,4.7966413497924805,4.800743103027344
16,0.36502907,0.2471003,-0.723112861874287,4.470094680786133,4.471118211746216
32,0.38371825,0.24743307,-0.9040734260345418,4.191065788269043,5.199644327163696
