train_sample_num,rmse,nrmse,r2,nll,time
4,0.36533394,0.24373963,-0.7259922338888205,-0.5096817016601562,2.6858716011047363
8,0.25746915,0.21177824,0.14274674042528446,-0.7656344771385193,2.5975587368011475
16,0.22777386,0.2060052,0.32908646913052475,-0.9236831665039062,3.9742143154144287
32,0.21105862,0.21514553,0.42394360411366905,-0.8754474520683289,2.951601982116699
