train_sample_num,rmse,nrmse,r2,nll,time
4,0.224358,0.19859049,0.2931846511939622,-0.6201716661453247,2.831911087036133
8,0.24915566,0.20634286,0.12830555576913305,-0.7748043537139893,2.8733415603637695
16,0.25326827,0.19116259,0.09929121481574388,-0.8648802042007446,3.0202090740203857
32,0.21169715,0.19586927,0.37070714316073017,-0.9291902184486389,2.829697847366333
