train_sample_num,rmse,nrmse,r2,nll,time
4,0.60891074,0.28036392,-4.206311332069861,0.085212342441082,2.5829501152038574
8,0.4360437,0.25336015,-1.6698259787536625,-0.3301391303539276,2.8495237827301025
16,0.32532847,0.24382754,-0.48616480624797176,-0.5643567442893982,2.601760149002075
32,0.21859741,0.18358979,0.3290149137020616,-0.8077784180641174,3.243882179260254
