train_sample_num,rmse,nrmse,r2,nll,time
4,0.37400928,0.37982923,-0.7228447629938803,-0.515683114528656,3.2856404781341553
8,0.25874862,0.2556688,0.17541115331477553,-0.7658445239067078,2.852504253387451
16,0.24438864,0.22780702,0.2643971501057576,-0.8019267916679382,3.0900120735168457
32,0.23515747,0.20774806,0.3189186765873224,-0.7336591482162476,2.806192636489868
