train_sample_num,rmse,nrmse,r2,nll,time
4,0.58715427,0.2603197,-3.458238490901624,0.04547925293445587,3.373602867126465
8,0.30207482,0.25010023,-0.18001591161439667,-0.6808820366859436,4.73323130607605
16,0.23234066,0.27021825,0.301913488116618,-0.8918546438217163,3.852625846862793
32,0.2189901,0.2588933,0.37983424505291996,-0.8742775917053223,4.198261737823486
