train_sample_num,rmse,nrmse,r2,nll,time
4,0.28896195,0.20266892,-0.6693498795057922,-0.5949199199676514,2.6067698001861572
8,0.1901678,0.20137453,0.276997080856037,-0.8985569477081299,3.2783315181732178
16,0.15430324,0.14089377,0.52398985836057,-1.1564520597457886,2.866943359375
32,0.15784957,0.14728262,0.5018582619275236,-1.1976474523544312,3.0218610763549805
