train_sample_num,rmse,nrmse,r2,nll,time
4,0.5561121,0.13003103,0.5968196156215599,-0.13041141629219055,1.0348796844482422
8,0.5515097,0.12997288,0.6034654932731474,-0.19020619988441467,1.0826292037963867
16,0.53537583,0.17017697,0.6263265901400533,-0.24726103246212006,0.9968974590301514
32,0.5289856,0.1738546,0.6351935604132677,-0.05148632079362869,1.0929243564605713
