train_sample_num,rmse,nrmse,r2,nll,time
4,0.62526494,0.18883331,0.4903139122231732,4.461198329925537,1.5681450366973877
8,0.62201107,0.1833744,0.49560482985079124,4.464978218078613,1.6842153072357178
16,0.6099869,0.20197396,0.5149173680280144,4.503575801849365,1.6635539531707764
32,0.6159679,0.17952661,0.505358167109524,4.511040210723877,1.6921093463897705
