train_sample_num,rmse,nrmse,r2,nll,time
4,0.8551772,0.07347691,0.04657400614765839,0.1429624706506729,0.6699297428131104
8,0.7751812,0.079561695,0.2166043612382168,0.011649656109511852,0.7647380828857422
16,0.75325835,0.074553676,0.2602881023058412,-0.09271205216646194,0.6852390766143799
32,0.55767494,0.12447345,0.594550377449137,-0.19832538068294525,0.7185354232788086
