train_sample_num,rmse,nrmse,r2,nll,time
8,3.789738,0.0902238,-0.9555712532429446,1.8384482860565186,2.4604640007019043
16,2.5489929,0.14170867,0.11530719071480011,1.4314106702804565,2.468148708343506
32,2.8004453,0.09647594,-0.06784792192766265,1.5470471382141113,2.652700901031494
64,3.0004923,0.122278504,-0.22585845526650816,1.6523563861846924,3.133772134780884
