train_sample_num,rmse,nrmse,r2,nll,time
8,3.6612248,0.101303145,-0.7119520694596142,1.7894362211227417,2.954875946044922
16,2.8783512,0.13045065,-0.05809914026869456,1.7077722549438477,3.41721773147583
32,4.3019743,0.072291315,-1.363602309526141,1.7048962116241455,3.246847629547119
64,3.916546,0.077432945,-0.9590489380324054,1.7576115131378174,3.2965457439422607
