train_sample_num,rmse,nrmse,r2,nll,time
8,3.471821,0.10740966,-0.5394071550785735,1.7430419921875,2.7156825065612793
16,3.0740418,0.12633109,-0.20686412120519204,1.5409696102142334,2.6374990940093994
32,2.6023762,0.1035153,0.1350739151511059,1.4778279066085815,2.658565044403076
64,2.6719534,0.123026125,0.08820634743116118,1.4953545331954956,2.7961161136627197
