train_sample_num,rmse,nrmse,r2,nll,time
8,3.1109312,0.12973654,-0.3177592722986058,1.586234450340271,2.754672050476074
16,2.8782585,0.12692982,-0.1280147885094205,1.5092638731002808,2.6891863346099854
32,2.7181401,0.13212432,-0.006002270714555724,1.4823265075683594,2.777726173400879
64,2.9249637,0.14628057,-0.16492029026594124,1.6144427061080933,2.742581367492676
