train_sample_num,rmse,nrmse,r2,nll,time
8,3.14199,0.13130346,-0.3442028680193494,1.6003289222717285,4.659450531005859
16,2.8392613,0.12011793,-0.09765525575070089,1.5120820999145508,4.6309654712677
32,2.932535,0.0800239,-0.17095884408767037,1.566585659980774,4.785346508026123
64,2.9734638,0.086809605,-0.20387267773488116,1.6068696975708008,4.4749767780303955
