train_sample_num,rmse,nrmse,r2,nll,time
8,3.1088812,0.12962644,-0.3160231739152941,1.5845139026641846,3.3461430072784424
16,2.8169863,0.11900827,-0.08049996168533857,1.4905375242233276,2.942183256149292
32,2.6405916,0.14271584,0.05058143202133203,1.4581156969070435,2.8936517238616943
64,2.9991968,0.093117334,-0.22479999949967677,1.6353293657302856,2.9279212951660156
