train_sample_num,rmse,nrmse,r2,nll,time
8,3.43131,0.1515894,-0.5304082623150426,2.066506862640381,2.7792513370513916
16,3.4458575,0.13748068,-0.5434127414455452,2.469989776611328,2.7320749759674072
32,3.7116637,0.12813091,-0.7907075491233224,2.0464863777160645,2.6557188034057617
64,3.6047606,0.12708044,-0.6890411443899558,1.935553789138794,2.7527248859405518
