train_sample_num,rmse,nrmse,r2,nll,time
4,0.6972618,0.17671916,0.49196475336856915,0.27135008573532104,0.844578742980957
8,0.645884,0.1808363,0.5640756440710266,0.41373947262763977,0.8249514102935791
16,0.6042758,0.20254108,0.6184314286798704,0.6663851737976074,0.8604295253753662
32,0.5757053,0.21281531,0.6536600547250775,0.9113156199455261,0.810962438583374
