train_sample_num,rmse,nrmse,r2,nll,time
4,0.69618964,0.18032126,0.49352589212187226,1.531524658203125,0.9585368633270264
8,0.6482796,0.1906536,0.5608359912756189,1.4106738567352295,0.991363525390625
16,0.60772157,0.19414762,0.6140675075331574,1.0670663118362427,1.0464632511138916
32,0.5759252,0.18791512,0.6533954627453296,0.8336713910102844,1.0528721809387207
