train_sample_num,rmse,nrmse,r2,nll,time
4,0.70849574,0.17864734,0.4754625090020692,0.2349153310060501,0.8230576515197754
8,0.6523605,0.18596596,0.5552895206884354,0.3021758198738098,0.80497145652771
16,0.6093272,0.19709086,0.6120255155636336,0.4835395812988281,0.7781097888946533
32,0.57754284,0.18842098,0.6514457085237851,0.6676763296127319,0.8317627906799316
