train_sample_num,rmse,nrmse,r2,nll,time
8,13.486977,0.07804542,-0.18218332231130652,6.8947672843933105,1.465831995010376
16,6.576398,0.064610295,0.7189187782207196,9.415621757507324,1.3742249011993408
32,5.5956225,0.07613852,0.7965056291159107,9.704148292541504,1.5767951011657715
64,5.350279,0.10630145,0.8139590861674865,9.212817192077637,1.504504680633545
