train_sample_num,rmse,nrmse,r2,nll,time
8,45.546303,0.12828603,-10.488067177852297,5.694596767425537,2.089221239089966
16,11.492585,0.053603318,0.268564343333211,3.134019136428833,2.1550445556640625
32,8.573176,0.083961785,0.5929720461184087,3.4982593059539795,2.3333184719085693
64,4.496455,0.09234658,0.8880352758735015,2.3097755908966064,2.30025053024292
