train_sample_num,rmse,nrmse,r2,nll,time
4,0.8555355,0.5181818,-24.11328888320823,3.436556816101074,2.532752513885498
8,0.89561534,0.56806856,-26.52139809400475,6.602357864379883,2.7183291912078857
16,0.9324131,0.63668734,-28.829379647102595,11.423121452331543,2.45603609085083
32,0.9136451,0.7034016,-27.64062643851025,13.926721572875977,2.4339072704315186
