train_sample_num,rmse,nrmse,r2,nll,time
4,0.94894016,0.5770366,-38.67787315176807,4.4257917404174805,2.5440633296966553
8,1.0057207,0.63043535,-43.56823614969712,10.124642372131348,2.3882219791412354
16,0.9763088,0.676123,-40.99959725535684,15.26947021484375,2.8199963569641113
32,0.98211145,0.78423274,-41.50032489697994,17.512466430664062,2.4909896850585938
