train_sample_num,rmse,nrmse,r2,nll,time
4,0.85349345,0.49857828,-30.230212853717767,3.5238537788391113,2.473320484161377
8,0.9068079,0.5480849,-34.25373804069904,8.433394432067871,2.3649768829345703
16,0.9221996,0.6544965,-35.460653875208436,11.815666198730469,2.557063341140747
32,0.90013826,0.7252636,-33.73705430067979,14.711020469665527,2.3900344371795654
