train_sample_num,rmse,nrmse,r2,nll,time
4,0.18044275,0.4007722,-0.44198389993078613,-1.1205679178237915,3.15360426902771
8,0.14514028,0.4612611,0.06705215549933141,-1.4106111526489258,2.7233688831329346
16,0.10017359,0.2765594,0.5555856634243456,-1.7149566411972046,2.7720160484313965
32,0.081565164,0.21447596,0.7053605179270888,-1.8263142108917236,2.6283962726593018
