train_sample_num,rmse,nrmse,r2,nll,time
4,0.2261313,0.32527402,-0.7544820373015322,-0.6180172562599182,2.5842537879943848
8,0.20079054,0.27020216,-0.383292269974538,-0.9455166459083557,2.547464370727539
16,0.16099587,0.24256068,0.11068244220469259,-1.3363057374954224,2.6452817916870117
32,0.11093712,0.26311782,0.577738750185306,-1.6676373481750488,2.6321327686309814
