train_sample_num,rmse,nrmse,r2,nll,time
4,0.18818016,0.40911272,-0.24454678272649977,-1.1319825649261475,2.860520839691162
8,0.20617779,0.37275106,-0.49398867814617,-1.0808640718460083,2.635685920715332
16,0.20412138,0.36699575,-0.4643351244286502,-1.0876154899597168,2.5612897872924805
32,0.14720982,0.35237893,0.23838204512969963,-1.3760430812835693,2.5991203784942627
