train_sample_num,rmse,nrmse,r2,nll,time
4,0.22318655,0.2542934,-1.1355547022687955,-0.583382785320282,2.5636017322540283
8,0.19915496,0.19100693,-0.700422267422433,-0.8110890984535217,2.932795763015747
16,0.1392513,0.15991047,0.16867066788322538,-1.495985984802246,2.7725367546081543
32,0.09248103,0.12371754,0.6333261750139371,-1.7937517166137695,2.6490042209625244
