train_sample_num,rmse,nrmse,r2,nll,time
4,0.27887225,0.2855383,-2.426741148747117,0.02430105209350586,2.812434434890747
8,0.24923505,0.2844871,-1.7370889116422554,-0.25793740153312683,2.596916437149048
16,0.18129063,0.29716998,-0.44817626721868953,-1.1076560020446777,2.730112314224243
32,0.13488157,0.31529957,0.1983663485489513,-1.5103987455368042,2.634089946746826
