train_sample_num,rmse,nrmse,r2,nll,time
4,0.23914348,0.40430617,-1.5327862481434957,8.308368682861328,3.7308757305145264
8,0.118549034,0.2417662,0.3775886048114022,8.074997901916504,3.7209670543670654
16,0.10092615,0.17301863,0.5488832704070976,8.152183532714844,3.701786518096924
32,0.14097649,0.2124953,0.11981309559511832,7.9185662269592285,4.501762628555298
