train_sample_num,rmse,nrmse,r2,nll,time
4,0.22389548,0.2713009,-1.1491427271300232,5.8990373611450195,3.6739683151245117
8,0.1802914,0.14944802,-0.3935565735069191,5.8824543952941895,3.5556159019470215
16,0.1782945,0.15800427,-0.36285756637220157,5.703861713409424,3.631087303161621
32,0.18359952,0.20665595,-0.4451659112538173,5.664919853210449,4.166025400161743
