train_sample_num,rmse,nrmse,r2,nll,time
4,0.2247443,0.2975189,-1.2256048383095663,6.602560997009277,3.5969409942626953
8,0.19289914,0.2684553,-0.6395748762019828,6.578986167907715,3.7440109252929688
16,0.21358053,0.2130143,-1.0099907369533638,6.4768290519714355,3.59013295173645
32,0.25923425,0.2923814,-1.9611159712107407,6.296125888824463,4.2394866943359375
