train_sample_num,rmse,nrmse,r2,nll,time
4,0.21381418,0.31196746,-0.5685577479058972,6.445122718811035,3.6193294525146484
8,0.18331036,0.3291114,-0.15292608459633472,6.468928813934326,3.5698840618133545
16,0.2128659,0.2096421,-0.5546752787569287,6.228349208831787,3.5501868724823
32,0.24144168,0.3010863,-1.0001009702118973,5.993803024291992,3.924255132675171
