train_sample_num,rmse,nrmse,r2,nll,time
4,0.20533304,0.19514658,-0.4465889103619425,-0.9536516070365906,2.3793277740478516
8,0.1805886,0.1870459,-0.11894326391689769,-1.1429450511932373,2.577468156814575
16,0.15078668,0.18080577,0.2198943299675049,-1.3652331829071045,2.5219833850860596
32,0.101585016,0.19441932,0.6459319304742943,-1.650901436805725,2.939894914627075
