train_sample_num,rmse,nrmse,r2,nll,time
4,0.16161385,0.18473348,-0.15087429926460616,-1.0202200412750244,2.415090560913086
8,0.15103175,0.19173081,-0.005095335667583134,-1.1925973892211914,2.497844696044922
16,0.14025436,0.18848316,0.13323077290724883,-1.3812915086746216,2.418020725250244
32,0.1081166,0.21526062,0.48494283732124843,-1.6166146993637085,2.441359043121338
