train_sample_num,rmse,nrmse,r2,nll,time
4,0.18909512,0.15343055,-0.5329755754818102,-0.9894137382507324,2.5680463314056396
8,0.17464532,0.1447181,-0.3076408054527835,-1.1704821586608887,2.5490190982818604
16,0.14065012,0.13514589,0.15188500550707318,-1.4005615711212158,2.408907651901245
32,0.113599546,0.128715,0.44674194741483986,-1.6323431730270386,2.4511539936065674
