train_sample_num,rmse,nrmse,r2,nll,time
4,0.16499743,0.19416942,0.04320737889998649,-0.9853752851486206,2.3746836185455322
8,0.1362903,0.20638281,0.34718012566495915,-1.2093814611434937,2.262030601501465
16,0.12507297,0.36802122,0.4502180787448884,-1.3875731229782104,2.2558462619781494
32,0.11506306,0.3009367,0.5346975536540454,-1.5999797582626343,2.2527806758880615
