train_sample_num,rmse,nrmse,r2,nll,time
4,0.2548883,0.2977413,-1.229088428573053,-0.7081050872802734,2.480811357498169
8,0.20839225,0.2870862,-0.49001479526613156,-0.8795582056045532,2.478166341781616
16,0.15804832,0.27232504,0.1429480104538684,-1.1197903156280518,2.484052896499634
32,0.11671379,0.31457847,0.5326181277243099,-1.3694955110549927,2.63315486907959
