train_sample_num,rmse,nrmse,r2,nll,time
4,0.25624833,0.26035896,-1.81511819579854,-0.7379196286201477,2.474846363067627
8,0.22697373,0.19328445,-1.2086443821062658,-0.9365279674530029,2.653956174850464
16,0.13195936,0.18104084,0.25345675408990864,-1.1910935640335083,2.556248426437378
32,0.084224015,0.14163637,0.6958790076975186,-1.43752121925354,2.603152275085449
