train_sample_num,rmse,nrmse,r2,nll,time
4,0.32718217,0.28023073,-3.7168268115186907,-0.5987536907196045,2.3772637844085693
8,0.29426017,0.2747685,-2.8153438454290582,-0.748332142829895,2.4255974292755127
16,0.20281012,0.32018647,-0.8123829670381948,-1.071765422821045,2.398228406906128
32,0.13974898,0.34868103,0.13946612555827975,-1.3046718835830688,2.542996883392334
