train_sample_num,rmse,nrmse,r2,nll,time
4,0.21823452,0.4024702,-0.6738266248576077,-0.6378015279769897,2.473155975341797
8,0.21575435,0.3623461,-0.6359975751301763,-0.8325634002685547,2.471053123474121
16,0.21169847,0.3466257,-0.5750667496477679,-0.9864564538002014,2.365309476852417
32,0.15756986,0.31747773,0.1274109339133419,-1.2827253341674805,2.459792375564575
