train_sample_num,rmse,nrmse,r2,nll,time
4,0.4976235,0.1819136,-3.193423048614105,0.5978841185569763,2.4959635734558105
8,0.44720012,0.16878307,-2.3866528635279347,0.6030232906341553,2.6036484241485596
16,0.38840997,0.16990933,-1.5547458606733677,0.08583282679319382,2.6146702766418457
32,0.34297332,0.1695789,-0.9919918049309264,-0.08058950304985046,2.5170817375183105
