train_sample_num,rmse,nrmse,r2,nll,time
4,0.53074855,0.20390594,-3.680111880815291,0.9112917184829712,2.4926040172576904
8,0.47314966,0.21065708,-2.719423616905006,0.28949055075645447,2.3979835510253906
16,0.43073747,0.19137432,-2.082505015132109,0.49689459800720215,2.405717372894287
32,0.38927248,0.18852825,-1.517595854688547,0.36224380135536194,2.4294276237487793
