train_sample_num,rmse,nrmse,r2,nll,time
8,0.46010837,0.18106969,-2.124192361722024,11.202799797058105,3.672024726867676
16,0.17993708,0.16012116,0.5221860672705121,2.2177352905273438,3.5383875370025635
32,0.19872232,0.16265388,0.4172117703387179,3.659991502761841,3.538017988204956
64,0.13105772,0.2121804,0.7465205111987587,0.31671419739723206,3.628695249557495
