train_sample_num,rmse,nrmse,r2,nll,time
4,0.5288056,0.19956112,-2.4254122101049522,0.4722723662853241,3.2364156246185303
8,0.5236892,0.20016977,-2.359447471963386,0.898383617401123,2.2586758136749268
16,0.49090827,0.2014275,-1.9520340579181554,0.7014182806015015,2.2346465587615967
32,0.43714014,0.19286145,-1.3407879963360463,0.759020209312439,2.2412261962890625
