train_sample_num,rmse,nrmse,r2,nll,time
8,0.55986035,0.15826707,-3.507442333224656,9.562031745910645,3.546990156173706
16,0.08412167,0.18966688,0.8982378211091312,-1.775546908378601,3.7509381771087646
32,0.13238847,0.142932,0.7479590620149672,0.5302350521087646,3.3816871643066406
64,0.2475695,0.11568935,0.11861628191741336,11.417876243591309,3.5713040828704834
