train_sample_num,rmse,nrmse,r2,nll,time
4,0.25585747,0.09079255,-0.01934987997154458,-0.8213313817977905,2.418306350708008
8,0.21076389,0.13080926,0.30829749670118045,-1.0488171577453613,2.4007742404937744
16,0.16160159,0.10399351,0.5933523794289219,-1.2215629816055298,2.3104302883148193
32,0.13810171,0.1134172,0.7030213965074388,-1.3207212686538696,2.3488810062408447
