train_sample_num,rmse,nrmse,r2,nll,time
4,0.37806726,0.15360135,-1.3747434918901593,0.7051225900650024,2.314100980758667
8,0.28081578,0.15096627,-0.3101518485789554,-0.6684772372245789,2.2514004707336426
16,0.22198275,0.12261139,0.1813146192495596,-1.0112088918685913,2.3123292922973633
32,0.15930136,0.10851391,0.5783835804568478,-1.3311010599136353,2.257086992263794
