train_sample_num,rmse,nrmse,r2,nll,time
4,0.33253974,0.12889838,-0.8726387488678589,-0.13654527068138123,3.269537925720215
8,0.2689121,0.11518546,-0.2245814824715442,-0.6915826201438904,2.2892367839813232
16,0.18995784,0.1163797,0.38894350401040123,-1.160430908203125,2.182786464691162
32,0.14322567,0.13365433,0.6526168980056293,-1.3059800863265991,2.246227502822876
