train_sample_num,rmse,nrmse,r2,nll,time
8,0.11044915,0.1045921,0.8199710909761141,-1.6067179441452026,1.4148449897766113
16,0.048981998,0.06467125,0.9645928917910384,-1.4448519945144653,1.4518895149230957
32,0.036215458,0.099640675,0.9806444512895615,-1.3981415033340454,1.285444974899292
64,0.031431843,0.10755703,0.9854200091380269,-1.4849706888198853,1.2791860103607178
