train_sample_num,rmse,nrmse,r2,nll,time
4,0.39001364,0.11317026,-1.1323425430583796,2.1608502864837646,2.3576643466949463
8,0.31678653,0.09654676,-0.40679479193430046,0.5810400247573853,2.224933624267578
16,0.2220243,0.086875215,0.3089675068373463,-1.0189498662948608,2.2237772941589355
32,0.1598519,0.07284418,0.6417938872038667,-1.4158135652542114,2.40641450881958
