train_sample_num,rmse,nrmse,r2,nll,time
4,0.26975393,0.1395982,-0.010968641947651792,5.841211318969727,3.734651803970337
8,0.2841066,0.1400969,-0.12141106472194285,5.684029579162598,3.6379854679107666
16,0.26567608,0.13796411,0.019365894138671735,5.599658012390137,3.527129650115967
32,0.23196174,0.14171712,0.2524593352805736,5.653047561645508,3.847524881362915
