train_sample_num,rmse,nrmse,r2,nll,time
4,0.396494,0.15563625,-1.6621969994667034,6.675578594207764,3.8073678016662598
8,0.31039566,0.1254701,-0.6315418852222296,6.875678062438965,3.789574384689331
16,0.2345461,0.11438166,0.06841301675124045,7.1711812019348145,3.6168947219848633
32,0.19365032,0.13170007,0.3649566323325609,7.300440788269043,4.220241546630859
