train_sample_num,rmse,nrmse,r2,nll,time
8,0.14417508,0.07621228,0.676242257337902,3.808302402496338,2.2530722618103027
16,0.04362202,0.028816951,0.9703618362496851,3.643747568130493,2.1181130409240723
32,0.0377372,0.056376826,0.97781910295804,3.6284871101379395,2.566518783569336
64,0.030589122,0.04598342,0.9854261654528076,3.60526442527771,2.6563405990600586
