train_sample_num,rmse,nrmse,r2,nll,time
4,0.23060198,0.0912508,0.17195676010392535,-0.7991296648979187,2.296048164367676
8,0.22139014,0.14612554,0.23679079308311535,-0.9161426424980164,2.2712481021881104
16,0.16498294,0.10578445,0.5761569326036271,-1.1470043659210205,2.377499580383301
32,0.14079767,0.114111274,0.6913132666336562,-1.3444743156433105,2.2784392833709717
