train_sample_num,rmse,nrmse,r2,nll,time
8,0.17993338,0.124773204,0.522205617313507,-1.3517862558364868,3.114757776260376
16,0.034010842,0.057987764,0.9829292642475007,-2.733386278152466,3.016216516494751
32,0.02417769,0.116150126,0.9913732522378716,-2.830026149749756,2.992722749710083
64,0.026919052,0.090185225,0.9893060778412233,-2.964775800704956,2.960434913635254
