train_sample_num,rmse,nrmse,r2,nll,time
4,0.2903268,0.121988125,-0.4273853645227148,-0.7478533387184143,2.1643683910369873
8,0.243141,0.11311897,-0.0011134582474001675,-0.9382286071777344,2.180083751678467
16,0.18459329,0.11607604,0.4229694967622306,-1.1571495532989502,2.2641448974609375
32,0.14819324,0.13422684,0.6281020980395676,-1.3570976257324219,2.2098617553710938
