train_sample_num,rmse,nrmse,r2,nll,time
4,0.2943986,0.13350156,-0.061676439426830765,-0.697782576084137,2.1162679195404053
8,0.28357205,0.13168445,0.014974228150924196,-0.8112446665763855,2.0681259632110596
16,0.25274724,0.12617119,0.21748353151025546,-0.9741317629814148,2.1900522708892822
32,0.20080186,0.11856231,0.5060805576875733,-1.1805814504623413,2.0618739128112793
