train_sample_num,rmse,nrmse,r2,nll,time
8,0.11663098,0.15056767,0.7881309094538336,-1.7858998775482178,3.49491024017334
16,0.02157077,0.08419073,0.992752785519664,-2.733400344848633,3.4296658039093018
32,0.03398924,0.10879496,0.982006208671404,-2.725886821746826,3.5274548530578613
64,0.024298102,0.105360456,0.9908043069600367,-2.8827576637268066,4.120560884475708
