train_sample_num,rmse,nrmse,r2,nll,time
4,0.2704067,0.09153364,-0.13857559580066425,-0.6579488515853882,2.1501381397247314
8,0.20823435,0.12976111,0.3248009066342816,-0.8023245334625244,2.257145643234253
16,0.15774475,0.106753424,0.6125311376473829,-1.0195643901824951,2.1903882026672363
32,0.13346334,0.1223224,0.7226354792516659,-1.2242965698242188,2.2298696041107178
