train_sample_num,rmse,nrmse,r2,nll,time
4,0.41386232,0.11631841,-1.4010942228682435,-0.40989959239959717,2.1840062141418457
8,0.33227038,0.09812195,-0.547678031761458,-0.6582823991775513,2.1942756175994873
16,0.22594865,0.08801161,0.28432329065544826,-0.9357661604881287,2.2148795127868652
32,0.15755133,0.07249967,0.6520301881212786,-1.1915992498397827,2.2026920318603516
