train_sample_num,rmse,nrmse,r2,nll,time
4,3.1799042,0.11205742,0.1349028430476743,12.339818000793457,2.304356098175049
8,3.0460923,0.1124661,0.20617844839034394,19.388103485107422,2.7413454055786133
16,2.8719685,0.120342925,0.2943389819390334,27.367795944213867,2.699033737182617
32,3.0201707,0.10867818,0.21963147285730855,52.1294059753418,2.863360643386841
