train_sample_num,rmse,nrmse,r2,nll,time
4,3.7458165,0.19102627,-0.8476266510268744,28.484128952026367,2.571700096130371
8,3.7810924,0.18503436,-0.8825906175480209,33.842037200927734,3.0995447635650635
16,3.7014132,0.19310282,-0.804082581696544,55.226444244384766,2.3665857315063477
32,4.515042,0.18353815,-1.6843852921039772,39.31773376464844,2.343282461166382
