train_sample_num,rmse,nrmse,r2,nll,time
4,2.8696778,0.07050684,0.3067773267910494,13.774271011352539,2.3719327449798584
8,3.039339,0.066430435,0.22238480084134793,24.664649963378906,2.288074254989624
16,2.743548,0.06762293,0.3663760788909274,13.170948028564453,2.365912675857544
32,2.8052022,0.12475654,0.3375779454735397,28.952260971069336,2.333225965499878
