train_sample_num,rmse,nrmse,r2,nll,time
4,3.6560972,0.11829887,-0.3038982871406797,23.532323837280273,2.331265449523926
8,3.121112,0.098775305,0.049773911759467326,15.551897048950195,3.0574591159820557
16,2.7293415,0.09728705,0.2733521989836315,19.611658096313477,3.146867275238037
32,2.6120489,0.09915499,0.33446518521441326,28.309263229370117,2.2411649227142334
