train_sample_num,rmse,nrmse,r2,nll,time
4,3.4193735,0.13699545,0.15072372303862447,14.598040580749512,2.9675724506378174
8,3.526065,0.14125052,0.09689878147598896,24.207632064819336,3.1395349502563477
16,3.300736,0.099034436,0.2086338186373583,36.6917724609375,2.788207530975342
32,3.1964328,0.10139594,0.25785797127252785,46.08522033691406,2.846923828125
