train_sample_num,rmse,nrmse,r2,nll,time
4,3.6418254,0.052245118,-0.11646386433686895,31.903928756713867,2.170142889022827
8,3.7699883,0.056095853,-0.19642735295648084,9.440608024597168,2.214193105697632
16,3.9752424,0.061152615,-0.3302513175967925,43.07204055786133,2.2560219764709473
32,2.069846,0.1202216,0.6393528704987882,3.293518304824829,2.3819732666015625
