train_sample_num,rmse,nrmse,r2,nll,time
4,3.7284334,0.13419826,-0.009737829027999467,107.66685485839844,3.525926113128662
8,3.7458262,0.13903835,-0.01918050839909613,112.8233871459961,2.785871982574463
16,2.775776,0.1069897,0.44033953041279295,54.841800689697266,2.6565158367156982
32,2.725937,0.1138191,0.460256442214231,52.73537063598633,2.843951463699341
