train_sample_num,rmse,nrmse,r2,nll,time
4,2.9530988,0.05491982,0.2658879838225485,36.095062255859375,2.4259541034698486
8,3.0644999,0.05568519,0.20945651449655744,49.34725570678711,2.6044509410858154
16,2.9286585,0.053938434,0.27798883386630213,28.0434513092041,2.590921401977539
32,2.6705828,0.09079523,0.39963066083961407,21.842384338378906,2.6492562294006348
