train_sample_num,rmse,nrmse,r2,nll,time
4,2.7611237,0.1112144,0.34775843687483377,59.049991607666016,2.4625155925750732
8,2.7124553,0.08978008,0.37054899953146747,55.27024459838867,3.4892730712890625
16,2.7501945,0.071563184,0.35291156188551465,54.04181671142578,3.191349506378174
32,2.6966252,0.081709914,0.3778745196614439,53.98006820678711,3.1519930362701416
