train_sample_num,rmse,nrmse,r2,nll,time
4,3.0052655,0.11966791,0.11900401337454791,81.02849578857422,2.471727132797241
8,2.516649,0.09110572,0.38219196991896887,44.82130432128906,2.6321303844451904
16,2.439064,0.056855876,0.4196973050332834,38.1380500793457,2.419093132019043
32,2.4826803,0.051888965,0.39875738616599576,38.29314422607422,2.5002188682556152
