train_sample_num,rmse,nrmse,r2,nll,time
4,3.1164064,0.1159969,-0.2788790141868773,72.42767333984375,2.4067301750183105
8,3.0218005,0.11129268,-0.20241096694309957,64.73522186279297,2.559218406677246
16,3.0090668,0.094741985,-0.19229829269518106,70.7507553100586,2.4846532344818115
32,4.980423,0.18649605,-2.266283081433362,127.93582153320312,2.6257898807525635
