train_sample_num,rmse,nrmse,r2,nll,time
4,3.7935722,0.06507286,-0.21144353456807607,6.922629356384277,3.806213855743408
8,3.17398,0.060556956,0.1519629261526163,5.76937198638916,3.861894130706787
16,6.547066,0.20680894,-2.6082772613971703,8.60090160369873,4.080115079879761
32,5.2188177,0.14297819,-1.2927185024727978,9.31079387664795,4.369262933731079
