train_sample_num,rmse,nrmse,r2,nll,time
4,2.970186,0.056581583,-0.16168542627404325,6.228635311126709,4.0223681926727295
8,3.059316,0.058327284,-0.23245181687759553,6.426893711090088,4.071680545806885
16,3.894278,0.17215458,-0.996986731790483,5.949515342712402,3.795311212539673
32,8.597221,0.30671436,-8.732792342040684,8.165013313293457,4.349731922149658
