train_sample_num,rmse,nrmse,r2,nll,time
4,3.2438805,0.074506715,-0.026450184164986013,5.642714977264404,3.9588189125061035
8,7.2028275,0.3789727,-4.06074277631551,6.652482986450195,4.1068809032440186
16,8.405114,0.41145182,-5.891209823028081,6.931108474731445,3.888524055480957
32,8.530315,0.42032275,-6.098038384575945,6.926236152648926,4.265584230422974
