train_sample_num,rmse,nrmse,r2,nll,time
4,5.448819,0.2506744,-1.1565552812548452,8.629222869873047,3.8274922370910645
8,5.2322383,0.23502608,-0.9885242357906627,8.5441312789917,3.757488489151001
16,6.2023754,0.40860978,-1.7942929375478327,8.85790729522705,3.8446218967437744
32,5.891829,0.4123559,-1.5214836166041712,8.667922019958496,4.220975637435913
