train_sample_num,rmse,nrmse,r2,nll,time
4,3.438465,0.057524875,-0.1532872192987702,6.906616687774658,1.1652865409851074
8,7.1637096,0.15634924,-4.005922970392311,7.851540565490723,1.1507999897003174
16,5.3516235,0.14184578,-1.793696909811334,7.8874192237854,1.208282470703125
32,4.9120355,0.13803448,-1.3535918438866332,7.829899311065674,1.1575357913970947
