train_sample_num,rmse,nrmse,r2,nll,time
4,5.936624,0.13959369,-2.0151981364846816,6.82740592956543,1.1764247417449951
8,5.5717335,0.13720812,-1.6559352425233862,6.912260055541992,1.2078092098236084
16,5.1373653,0.13217843,-1.2579676475688961,6.988194465637207,1.0956592559814453
32,4.687073,0.13578573,-0.8794908729128188,7.111225605010986,1.282987117767334
