train_sample_num,rmse,nrmse,r2,nll,time
4,6.845684,0.17170428,-2.404000250140924,7.361672401428223,1.1453280448913574
8,5.7090483,0.13138,-1.3674632954258406,7.013045787811279,1.1395151615142822
16,4.117058,0.10850044,-0.23120352610438655,6.770041465759277,1.1735525131225586
32,4.6151276,0.11916077,-0.5471171450551338,6.840494155883789,1.2138724327087402
