train_sample_num,rmse,nrmse,r2,nll,time
4,2.2290053,0.069721825,0.6391073282035293,2.0213754177093506,2.302713394165039
8,2.1300786,0.06658192,0.6704303997134988,1.91845703125,2.3908159732818604
16,2.082024,0.06416719,0.685132821272022,1.835365891456604,2.3265230655670166
32,1.7945766,0.06642545,0.7660732622923045,1.849542498588562,2.3289852142333984
