train_sample_num,rmse,nrmse,r2,nll,time
4,3.3760326,0.042752482,-0.11178678225469807,6.004009246826172,2.4845287799835205
8,3.3696613,0.042591397,-0.1075944479768749,2.370347261428833,2.3357796669006348
16,3.3601058,0.04235174,-0.10132138409027713,2.34505033493042,2.335418224334717
32,3.384918,0.042927835,-0.11764663590774482,2.5213327407836914,2.570927381515503
