train_sample_num,rmse,nrmse,r2,nll,time
4,3.5206542,0.048558846,-0.06043352964056514,2.6249349117279053,2.2779109477996826
8,3.5226076,0.048612736,-0.061610891321600025,2.549827814102173,2.8523290157318115
16,3.4899783,0.04762944,-0.04203485380284855,2.4405276775360107,2.5147502422332764
32,3.4868143,0.047627345,-0.04014624437590131,2.4701201915740967,2.4421114921569824
