train_sample_num,rmse,nrmse,r2,nll,time
4,2.8123899,0.036958374,-0.041531279301006085,3.9492790699005127,2.943071126937866
8,2.8188841,0.037225507,-0.04634706913024855,4.187932014465332,2.480480670928955
16,2.8316426,0.037563477,-0.05584016557768923,4.618619918823242,2.6791086196899414
32,1.6296728,0.1854469,0.6502786043506441,1.1084285974502563,2.6358084678649902
