train_sample_num,rmse,nrmse,r2,nll,time
4,3.5987358,0.05072539,-0.09020042282435203,6.838615894317627,2.9434757232666016
8,3.5887685,0.05066514,-0.0841698237775721,7.245981216430664,2.826622486114502
16,4.0315948,0.053860616,-0.3682332794393972,17.732851028442383,4.347455978393555
32,3.768959,0.06458809,-0.19577446373904506,6.153438091278076,2.84169602394104
