train_sample_num,rmse,nrmse,r2,nll,time
4,2.8911011,0.1642798,0.2849057148082593,6.227879047393799,5.417547702789307
8,2.8221009,0.112388715,0.3186318556947846,9.457396507263184,4.025654315948486
16,2.8641405,0.08250843,0.2981805658803732,14.988713264465332,4.184688329696655
32,2.6410224,0.09104602,0.4032658770747397,22.12415313720703,3.5981557369232178
