train_sample_num,rmse,nrmse,r2,nll,time
4,3.5644155,0.13792081,0.07714714402979284,19.01190948486328,3.848160743713379
8,3.6051862,0.14175089,0.05591482430350092,28.386255264282227,4.1465795040130615
16,2.8889124,0.08694104,0.393787800540097,15.414992332458496,3.480510950088501
32,2.8683603,0.08946426,0.40238259308214575,21.3055419921875,2.840062379837036
