train_sample_num,rmse,nrmse,r2,nll,time
4,3.6832504,0.18493019,-0.7864207949286373,12.412384986877441,2.617403268814087
8,3.6479182,0.18159427,-0.7523122831661286,12.326236724853516,2.8185858726501465
16,3.5774703,0.18569897,-0.6852850548828855,21.348312377929688,3.487840175628662
32,4.7850857,0.184628,-2.0150929534937796,52.61701583862305,4.768872499465942
