train_sample_num,rmse,nrmse,r2,nll,time
4,2.848672,0.06671667,0.31688884709417453,6.561976909637451,2.6669769287109375
8,2.972938,0.065184586,0.2559910176531345,12.412822723388672,2.597214698791504
16,2.767651,0.061139848,0.3551939901982365,7.924494743347168,2.4614970684051514
32,2.870093,0.06615578,0.30657676513862264,25.488204956054688,2.621892213821411
