train_sample_num,rmse,nrmse,r2,nll,time
4,3.6364229,0.11610224,-0.28990268241599315,12.791608810424805,4.4718568325042725
8,2.5541024,0.102921836,0.36366645413905396,5.690661430358887,5.360707521438599
16,2.5050957,0.06331361,0.3878514095309099,9.10545539855957,4.982194185256958
32,2.5412412,0.056815565,0.37005888241876295,15.179346084594727,4.461871385574341
