train_sample_num,rmse,nrmse,r2,nll,time
4,1.4987165,0.9788982,-118.50585194069332,13.760180473327637,2.7126669883728027
8,1.364243,0.95570165,-98.02247963000913,15.005821228027344,2.673696279525757
16,1.3641454,1.1972432,-98.00829066901089,23.043354034423828,2.77870774269104
32,1.4077731,1.4590981,-104.44245883132713,37.18263626098633,3.0351195335388184
