train_sample_num,rmse,nrmse,r2,nll,time
4,1.5655087,1.0280969,-131.13570114252693,14.396912574768066,2.761842966079712
8,1.4650723,0.9551912,-114.7250438626915,15.303359031677246,2.5689926147460938
16,1.3949379,1.1401079,-103.91048738199137,22.550277709960938,2.615112543106079
32,1.4838493,1.3797207,-117.71040152097981,37.778629302978516,2.601881980895996
