train_sample_num,rmse,nrmse,r2,nll,time
4,1.5314012,1.0160185,-100.06953522209957,12.106720924377441,2.6353070735931396
8,1.4180123,0.97837085,-85.65672902125011,15.48575210571289,2.870742082595825
16,1.3739994,1.0946302,-80.36084219409251,22.113977432250977,2.66194224357605
32,1.4362031,1.2968751,-87.89432509761956,36.92339324951172,2.606696367263794
