train_sample_num,rmse,nrmse,r2,nll,time
4,1.5716215,1.2319288,-106.53435065234753,11.742023468017578,2.6505918502807617
8,1.4912145,1.1307085,-95.81252680254389,16.781335830688477,2.592170476913452
16,1.526197,1.1366967,-100.4080593326124,25.169118881225586,2.6199140548706055
32,1.4957461,1.251843,-96.40181924507722,40.17469787597656,2.532809019088745
