train_sample_num,rmse,nrmse,r2,nll,time
4,0.33216187,0.2745591,-3.7549057130927155,1.1935442686080933,2.411543846130371
8,0.21581464,0.19656466,-1.0072620501862475,-0.6977541446685791,2.359914541244507
16,0.14028464,0.16968362,0.1518695524287983,-1.469544529914856,2.582035541534424
32,0.10600724,0.16751246,0.5157011653161047,-1.7098997831344604,2.5649473667144775
