train_sample_num,rmse,nrmse,r2,nll,time
4,0.3639984,0.30936414,-6.143453121974846,1.2287704944610596,2.5764124393463135
8,0.31862122,0.27684265,-4.473417059092644,0.47574058175086975,2.6226067543029785
16,0.16623256,0.22468936,-0.4898460648897953,-1.282167673110962,2.4769556522369385
32,0.12732826,0.2200532,0.12590460027320305,-1.5561877489089966,2.595200538635254
