train_sample_num,rmse,nrmse,r2,nll,time
4,0.28695738,0.26741242,-3.381118656168561,0.33647167682647705,2.7507286071777344
8,0.20151165,0.21678968,-1.160481488627691,-0.9177712202072144,2.5729386806488037
16,0.1199386,0.19058628,0.23463575413777016,-1.6569128036499023,3.024815559387207
32,0.07369511,0.17368697,0.7110467943843009,-1.9176074266433716,2.441884756088257
