train_sample_num,rmse,nrmse,r2,nll,time
4,1.1750113,0.8889719,-73.4377645851216,6.695171356201172,4.0491673946380615
8,1.0588143,0.8133118,-59.44337887711534,6.710518836975098,3.9829204082489014
16,0.8808668,1.2036761,-40.83403259575957,6.667777061462402,4.103994846343994
32,0.8319867,1.6777906,-36.32003333600423,6.630833625793457,4.202682018280029
