train_sample_num,rmse,nrmse,r2,nll,time
4,1.0903234,0.8905277,-62.25005433291764,7.873910903930664,4.009411811828613
8,0.93424743,0.8806446,-45.438060307897395,7.840859413146973,3.893890380859375
16,0.86489373,1.5086383,-38.79933245486036,7.831867218017578,3.9821181297302246
32,0.82568806,2.6786044,-35.272902020755154,7.8213725090026855,4.386211395263672
