train_sample_num,rmse,nrmse,r2,nll,time
4,1.077123,1.42317,-49.510523030778074,6.749969005584717,3.7769229412078857
8,1.0053264,1.2453364,-43.00128796663186,6.804380416870117,3.8327295780181885
16,0.9601192,1.2361364,-39.13299082994057,6.812728404998779,3.732369899749756
32,0.8557229,1.5077914,-30.879945251949646,6.7865095138549805,4.078621864318848
