train_sample_num,rmse,nrmse,r2,nll,time
4,1.065896,1.0242974,-47.963451265168025,6.631297588348389,4.1807966232299805
8,0.96439874,1.0204442,-39.08257781661466,6.639407157897949,3.9098708629608154
16,0.872625,1.3425983,-31.816906520095387,6.622717380523682,3.889251708984375
32,0.8262054,1.972022,-28.418353328382583,6.603785514831543,4.2729856967926025
