train_sample_num,rmse,nrmse,r2,nll,time
4,0.19795947,0.24234301,-0.6888649326501848,-0.8246702551841736,2.431368350982666
8,0.1486184,0.19148324,0.048108395732325615,-1.085201621055603,2.3118653297424316
16,0.11971086,0.17575938,0.3823969565890909,-1.3646819591522217,2.2652604579925537
32,0.10958643,0.17305192,0.482445700597958,-1.6107302904129028,2.3455705642700195
