train_sample_num,rmse,nrmse,r2,nll,time
4,0.2732225,0.32838956,-3.0247797727343455,-0.7209216356277466,2.3960983753204346
8,0.21923059,0.28029492,-1.591263722440765,-0.9629201292991638,2.475559949874878
16,0.1401031,0.23739608,-0.05829022204419698,-1.3173314332962036,2.3324825763702393
32,0.12915783,0.23033132,0.1006047140785643,-1.5311322212219238,2.4272444248199463
