train_sample_num,rmse,nrmse,r2,nll,time
4,0.20993595,0.27289984,-1.344897703544194,-0.828396201133728,2.3121836185455322
8,0.14821954,0.21896422,-0.16885647885512411,-1.1098418235778809,2.342984676361084
16,0.110800155,0.20145318,0.3468228680194885,-1.3935133218765259,2.288961887359619
32,0.08290743,0.18151325,0.6342897023682084,-1.677399754524231,2.378023862838745
