train_sample_num,rmse,nrmse,r2,nll,time
4,0.19043243,0.38329336,-0.9792072190519823,-0.8333662152290344,2.3636865615844727
8,0.14164641,0.31408855,-0.09501655046526647,-1.121861457824707,2.368025064468384
16,0.09835452,0.24215333,0.4720435600259717,-1.4165610074996948,2.4383182525634766
32,0.08642991,0.207824,0.5923029366690187,-1.6981240510940552,2.3790955543518066
