train_sample_num,rmse,nrmse,r2,nll,time
4,0.47485045,0.44072902,-8.816686985145994,-0.21733684837818146,2.324873208999634
8,0.3037524,0.30082542,-3.0168974231942842,-0.7146260142326355,2.2408719062805176
16,0.2687213,0.26230884,-2.1438041877367344,-0.9027479290962219,2.2679033279418945
32,0.15589486,0.19674802,-0.05807116231406173,-1.3394181728363037,2.332613945007324
