train_sample_num,rmse,nrmse,r2,nll,time
4,0.32477358,0.27211726,-4.611922158106955,-0.6101934909820557,2.3484385013580322
8,0.22178052,0.21782355,-1.616959836707776,-0.9041061401367188,2.229621410369873
16,0.12843178,0.18966036,0.1224028186581132,-1.2294929027557373,2.3235883712768555
32,0.073659405,0.16904598,0.7113266586729912,-1.5025076866149902,2.2495203018188477
