train_sample_num,rmse,nrmse,r2,nll,time
4,0.39309064,0.5000846,-7.433248397024558,-0.40580642223358154,2.294170618057251
8,0.20840573,0.366705,-1.3704389673136599,-0.9220406413078308,2.3259549140930176
16,0.10961762,0.2575443,0.3442018060896127,-1.2521789073944092,2.2998580932617188
32,0.07351075,0.20817019,0.7050752883814168,-1.5425126552581787,2.218249559402466
