train_sample_num,rmse,nrmse,r2,nll,time
4,0.40342143,0.30754605,-7.774596316194733,-0.436872661113739,2.2381985187530518
8,0.35197642,0.27590165,-5.679383216674032,-0.5935349464416504,2.292459726333618
16,0.18167625,0.22350727,-0.7795309912404849,-1.0997874736785889,2.4590699672698975
32,0.13304532,0.2176768,0.045648224956580385,-1.3572839498519897,2.1859350204467773
