train_sample_num,rmse,nrmse,r2,nll,time
4,0.40369585,0.2938695,-6.023457084189566,-0.38236698508262634,2.420889377593994
8,0.24168967,0.19936448,-1.5174359041248624,-0.8350130319595337,2.2752535343170166
16,0.1536239,0.17010358,-0.01709103657773725,-1.1580750942230225,2.3321011066436768
32,0.11007053,0.16535546,0.4778630002968257,-1.4343667030334473,2.318765878677368
