train_sample_num,rmse,nrmse,r2,nll,time
4,0.72573984,0.15290527,0.20857205126624412,0.1816387176513672,0.9396603107452393
8,0.78203475,0.15324606,0.08102955577190718,0.27510637044906616,0.8604328632354736
16,0.6384647,0.1569902,0.38747585845577537,0.05944903939962387,0.8537406921386719
32,0.6177032,0.1682794,0.4266641471884569,0.052861932665109634,0.9003803730010986
