train_sample_num,rmse,nrmse,r2,nll,time
4,0.72200406,0.15296653,0.21669889775335316,0.17494724690914154,0.7834608554840088
8,0.7596727,0.15003732,0.132833556701472,0.2519223093986511,0.8265395164489746
16,0.63711154,0.15482433,0.39006948403701514,0.046723175793886185,0.8968563079833984
32,0.6190225,0.16742013,0.4242124210713606,0.06266681849956512,0.8629159927368164
