train_sample_num,rmse,nrmse,r2,nll,time
4,0.5571903,0.23137239,0.6755788210536993,-0.052769675850868225,0.8603332042694092
8,0.54772276,0.2474616,0.6865100229348231,-0.03796257823705673,0.8287255764007568
16,0.5321882,0.20356317,0.7040403612193622,0.14253507554531097,0.7959520816802979
32,0.5140491,0.21455686,0.7238714742773265,0.32905906438827515,0.8214833736419678
