train_sample_num,rmse,nrmse,r2,nll,time
4,0.81022745,0.23317079,0.3140128362212068,0.37860772013664246,0.7558979988098145
8,0.7307902,0.19590013,0.4419314576906962,0.35423868894577026,0.76239013671875
16,0.67859757,0.18774809,0.5187987132970693,0.52000892162323,0.7915470600128174
32,0.5790106,0.15403427,0.6496717271285961,0.4982839822769165,0.7294409275054932
