train_sample_num,rmse,nrmse,r2,nll,time
4,0.54616445,0.35648042,-2.903079827902084,0.7975448369979858,3.139925003051758
8,0.4120523,0.31252703,-1.2215972238930206,0.01286828052252531,2.651352882385254
16,0.4104351,0.30311635,-1.2041928853201602,0.7818388342857361,2.7163689136505127
32,0.37359226,0.27441177,-0.8262335806982193,1.7922942638397217,2.9081320762634277
