train_sample_num,rmse,nrmse,r2,nll,time
4,0.43752545,0.25656664,-2.8271256874403767,0.2513866126537323,3.171424388885498
8,0.37374303,0.23438638,-1.792622853130394,0.1319654881954193,2.691180944442749
16,0.35833272,0.21966226,-1.5670779601845108,0.6187496185302734,2.4970293045043945
32,0.26147494,0.16644531,-0.3668668861251396,-0.2195187360048294,2.4052507877349854
