train_sample_num,rmse,nrmse,r2,nll,time
4,0.3229254,0.23195882,-0.46429061951585116,-0.5772455930709839,2.7817888259887695
8,0.39274025,0.24633597,-1.1658765032681355,0.16053219139575958,2.6020748615264893
16,0.33050698,0.22403848,-0.5338541971332968,-0.023664893582463264,2.6795897483825684
32,0.25788784,0.17322108,0.06613391115440781,-0.26133474707603455,2.8657476902008057
