train_sample_num,rmse,nrmse,r2,nll,time
4,0.37915283,0.25836012,-1.0186052402013033,1.9534133672714233,2.434032917022705
8,0.231702,0.17109352,0.2461544321485467,-0.13470959663391113,2.386929988861084
16,0.20943826,0.18833837,0.3840649837529615,-0.5803343653678894,2.37705135345459
32,0.20259151,0.18056078,0.4236779041013623,-0.6493223309516907,2.6962313652038574
