train_sample_num,rmse,nrmse,r2,nll,time
4,0.2299616,0.16590704,0.257436692096662,4.814818859100342,3.325430154800415
8,0.22057925,0.21661896,0.31679319565051045,4.848722457885742,3.2449824810028076
16,0.23637196,0.1988544,0.21546067493861942,4.895722389221191,3.2096948623657227
32,0.25266808,0.20094426,0.1035551764861884,6.448517322540283,3.511593818664551
