train_sample_num,rmse,nrmse,r2,nll,time
4,0.22787349,0.22135752,0.32849943812955207,4.8692240715026855,3.3986141681671143
8,0.23937455,0.23165584,0.2590059066468252,4.894745349884033,3.745088577270508
16,0.26047823,0.22317624,0.12259186648620002,4.949831008911133,3.4564764499664307
32,0.2738148,0.22343114,0.030444604683870002,4.98170280456543,4.1877360343933105
