train_sample_num,rmse,nrmse,r2,nll,time
4,0.2547433,0.23007537,0.20074218633401386,-0.7259325981140137,2.165292978286743
8,0.24626432,0.2694372,0.2530622927126952,-0.8734691739082336,2.195180892944336
16,0.2373447,0.24913248,0.3061902491111542,-0.9182112216949463,2.088977336883545
32,0.2336166,0.23103936,0.3278150454024156,-0.893394947052002,2.179023265838623
