train_sample_num,rmse,nrmse,r2,nll,time
4,0.32535082,0.23376006,-0.36887123939716826,-0.6543427109718323,2.5670270919799805
8,0.25656927,0.20920321,0.148728534492356,-0.8309754729270935,2.5794734954833984
16,0.22534388,0.20220815,0.3433252952724678,-0.9926918745040894,2.3577797412872314
32,0.20686595,0.20470296,0.4466030475906736,-1.0413947105407715,2.4107792377471924
