train_sample_num,rmse,nrmse,r2,nll,time
4,0.27305636,0.20080733,-0.49063283482796805,-0.7085375785827637,2.181946277618408
8,0.18340833,0.15062279,0.32748146660328925,-0.9639391899108887,2.1069960594177246
16,0.15917276,0.1233424,0.49347169893702025,-1.170003056526184,2.654383897781372
32,0.16041093,0.123257324,0.4855608970428832,-1.1724128723144531,2.8926644325256348
