train_sample_num,rmse,nrmse,r2,nll,time
4,0.35284895,0.23706774,-0.748237871958715,-0.5064305067062378,2.3259990215301514
8,0.290704,0.22057964,-0.1866561443365664,-0.6786773800849915,2.396214723587036
16,0.22619744,0.21099576,0.2815473127981253,-0.8649424910545349,2.33174204826355
32,0.20002401,0.17560938,0.43819308400068113,-0.9121805429458618,2.488055944442749
