train_sample_num,rmse,nrmse,r2,nll,time
4,0.6190457,0.36974174,0.21621545775554185,0.03420129418373108,0.9883737564086914
8,0.5627881,0.29292673,0.3521997022069032,-0.07778190821409225,1.0754156112670898
16,0.52554715,0.24597362,0.4350960289122673,-0.1925651580095291,1.088148832321167
32,0.3668955,0.12913898,0.7246810965069839,-0.46200817823410034,1.0842924118041992
