train_sample_num,rmse,nrmse,r2,nll,time
4,0.9722937,0.13604914,0.04411756386251897,0.7859025001525879,2.2677035331726074
8,0.79502594,0.12361083,0.3608950754578304,0.7647915482521057,2.220470905303955
16,0.75986284,0.119599536,0.4161786691336816,1.6395269632339478,2.1784493923187256
32,0.6917472,0.12040765,0.5161571482975533,1.5592799186706543,2.2464094161987305
