train_sample_num,rmse,nrmse,r2,nll,time
4,0.975255,0.121168464,-0.10643586195384303,2.1512324810028076,2.0503950119018555
8,0.9191904,0.11558468,0.017119163816532335,4.632343769073486,2.1132466793060303
16,0.8120807,0.10721524,0.2328359843377934,2.2376253604888916,2.189636707305908
32,0.5957801,0.102543816,0.5870838756847389,0.8557565212249756,2.233520984649658
