train_sample_num,rmse,nrmse,r2,nll,time
4,1.3343735,0.14749324,-0.6696851857477208,4.309344291687012,3.3015434741973877
8,1.0089085,0.13678068,0.04548360743158797,1.3180873394012451,2.1774349212646484
16,0.88409156,0.11266506,0.26705020503024524,1.3876701593399048,2.1450133323669434
32,0.7283778,0.12205461,0.5024998958156154,2.08251690864563,2.1431500911712646
