train_sample_num,rmse,nrmse,r2,nll,time
8,9.297813,0.071647294,0.4381541120533372,25.549728393554688,2.92202091217041
16,10.726569,0.05455613,0.25221400329264554,5.940907001495361,2.976562976837158
32,13.421328,0.061513435,-0.17070254225627646,11.981751441955566,2.8761518001556396
64,10.159126,0.059493072,0.3292381945961772,10.10596752166748,3.3938801288604736
