train_sample_num,rmse,nrmse,r2,nll,time
4,1.1659462,0.13219838,-0.9040960218756946,5.150313854217529,2.1569604873657227
8,1.0239472,0.11645403,-0.46854390458487116,3.7397351264953613,2.095083713531494
16,0.9285312,0.10663635,-0.2076049816290766,2.6486093997955322,2.1230695247650146
32,0.8844953,0.107338294,-0.09577883560419131,4.074098587036133,2.1194639205932617
