train_sample_num,rmse,nrmse,r2,nll,time
4,0.7161076,0.09078361,0.30354192228477694,0.26546967029571533,3.3754382133483887
8,0.5189471,0.06627221,0.6342496978971199,-0.25716567039489746,3.4607982635498047
16,0.659808,0.08524048,0.4087466229052551,0.5149974822998047,2.7337605953216553
32,0.5526578,0.07957738,0.5851882094032477,0.6803216338157654,2.2358593940734863
