train_sample_num,rmse,nrmse,r2,nll,time
8,39.76518,0.16135274,-7.756822088063188,3.6545445919036865,3.322968006134033
16,12.269818,0.09675689,0.16628636377012385,4.010861873626709,2.915876865386963
32,7.4933105,0.07513081,0.6890517468077055,3.7431397438049316,2.835024356842041
64,4.6344905,0.0714233,0.881055411300797,2.8205795288085938,3.1983463764190674
