train_sample_num,rmse,nrmse,r2,nll,time
8,9.240257,0.07062843,0.4450884355378124,59.1529426574707,3.2605831623077393
16,10.552614,0.06549075,0.2762714019364182,16.665185928344727,3.2585253715515137
32,11.61001,0.06305681,0.12396620911867262,18.658540725708008,3.071220636367798
64,10.061213,0.087167904,0.3421055471749188,20.273332595825195,3.3500783443450928
