train_sample_num,rmse,nrmse,r2,nll,time
4,0.93212175,0.114068,-0.21696223537793502,15.573412895202637,3.0777900218963623
8,0.8788805,0.10430213,-0.08191083808100008,15.755741119384766,3.3188581466674805
16,0.560135,0.06605582,0.5605420453658125,2.3006136417388916,3.428931474685669
32,0.4761803,0.061285373,0.6824042562495327,1.3675285577774048,3.585899829864502
