train_sample_num,rmse,nrmse,r2,nll,time
8,21.040695,0.09151284,-1.4516632481807576,3.6216788291931152,1.2196779251098633
16,10.539475,0.06170307,0.3848533235742707,2.815178394317627,1.3231608867645264
32,7.962317,0.057133727,0.6489091068232935,2.6749629974365234,1.1226379871368408
64,5.7772703,0.04770429,0.8151642276592054,2.4492576122283936,1.1482586860656738
