train_sample_num,rmse,nrmse,r2,nll,time
4,1.0851301,0.13557239,-0.10418890989654361,14.604905128479004,2.6781632900238037
8,0.7090008,0.122878246,0.5286177340281009,3.503549098968506,2.868229389190674
16,0.5160318,0.07783802,0.7502918487001596,0.9136562347412109,2.777841091156006
32,0.22117633,0.07251986,0.9541270061140975,-1.0444992780685425,2.6469666957855225
