train_sample_num,rmse,nrmse,r2,nll,time
8,13.454607,0.081754625,-0.17651558881885698,109.37431335449219,1.0510830879211426
16,6.212902,0.070640266,0.7491323879344736,2.460205078125,1.1108355522155762
32,5.4126353,0.10827983,0.8095972808641867,2.3285558223724365,1.2540855407714844
64,5.276245,0.11683392,0.819072104671826,2.337953805923462,1.4994711875915527
