train_sample_num,rmse,nrmse,r2,nll,time
4,0.5264968,0.10735957,0.6235303941958628,2.143172264099121,3.5875799655914307
8,0.3582112,0.07770675,0.8257323913451363,0.3023983836174011,3.5710017681121826
16,0.31969932,0.051222812,0.8611896394063618,-0.31061938405036926,3.4116814136505127
32,0.26662976,0.075507306,0.9034492568929142,-0.6927149891853333,2.6051247119903564
