train_sample_num,rmse,nrmse,r2,nll,time
4,0.74798584,0.123463,0.3491564197305812,5.201869964599609,3.4088292121887207
8,0.76386976,0.13716803,0.3212208309948653,9.751051902770996,3.5392491817474365
16,0.56704605,0.10564871,0.6259527087356196,2.395003318786621,3.5407450199127197
32,0.23747359,0.07326484,0.9343974757269902,-1.0558571815490723,3.672096014022827
