train_sample_num,rmse,nrmse,r2,nll,time
8,13.095671,0.072591744,0.10968423904303182,3.9405465126037598,1.1860380172729492
16,11.023398,0.07822226,0.3691594269344842,2.8614273071289062,1.2863690853118896
32,9.368284,0.056867592,0.5443737623965974,2.7877440452575684,1.3930294513702393
64,6.4034557,0.08112253,0.7871285567085576,2.537810802459717,1.1518073081970215
