train_sample_num,rmse,nrmse,r2,nll,time
4,0.831981,0.19869968,0.19477606239445044,6.015716552734375,5.099337577819824
8,0.8163073,0.19981588,0.2248297109384536,6.038558483123779,5.034952878952026
16,0.6701841,0.17071241,0.4775097856107431,4.887790203094482,4.682233095169067
32,0.49038184,0.114776336,0.7202574045736598,6.530274868011475,5.20986270904541
