train_sample_num,rmse,nrmse,r2,nll,time
4,0.53876996,0.14012657,0.7064945204963599,7.65708065032959,4.189439535140991
8,0.4712945,0.087890066,0.7754079832311993,4.206336498260498,4.085095643997192
16,0.45520914,0.089610636,0.7904770892817402,4.109285831451416,3.9022181034088135
32,0.5156913,0.117785566,0.7311010695024545,6.2971367835998535,4.4755377769470215
