train_sample_num,rmse,nrmse,r2,nll,time
4,0.6696589,0.12523583,0.3909600907297771,7.180002212524414,4.635587215423584
8,0.41842076,0.083631925,0.7622257004052865,6.189408779144287,4.9271769523620605
16,0.36986798,0.05215029,0.81420590407694,5.569633960723877,5.592680215835571
32,0.28662312,0.048825223,0.8884265595105,5.140217304229736,4.964162588119507
