train_sample_num,rmse,nrmse,r2,nll,time
8,13.430618,0.08163066,-0.17232389515016155,6.863940238952637,1.793623447418213
16,5.737037,0.07010322,0.7860900963832658,9.433555603027344,1.9083123207092285
32,5.3867965,0.12264317,0.8114108284975463,9.310432434082031,1.959871530532837
64,5.257522,0.12576227,0.8203538797367583,9.759896278381348,1.9301514625549316
