train_sample_num,rmse,nrmse,r2,nll,time
8,13.942654,0.06659418,-0.009205222623042353,8.069735527038574,1.8309097290039062
16,10.384335,0.07405721,0.4401831341504331,8.752374649047852,1.8293821811676025
32,9.091732,0.056386493,0.5708769790935044,9.002525329589844,2.180903196334839
64,6.492722,0.08802406,0.7811521944987228,8.814146995544434,2.2787482738494873
