train_sample_num,rmse,nrmse,r2,nll,time
4,0.96057373,0.14080872,-0.2923888979521161,5.007802963256836,15.5697922706604
8,0.891418,0.12562458,-0.11299855019342298,5.180154800415039,6.46813440322876
16,0.53378594,0.07431714,0.6009144133213291,3.7101547718048096,4.9658567905426025
32,0.44626984,0.067527965,0.7210496318568438,5.248807907104492,5.994034051895142
