train_sample_num,rmse,nrmse,r2,nll,time
4,0.9809867,0.13329615,0.09758546290879955,6.840401649475098,8.35668396949768
8,0.70881957,0.10358881,0.5288586690941488,7.293712615966797,3.909900188446045
16,0.6105167,0.09018984,0.6504776931214693,3.774381160736084,4.222726583480835
32,0.40074587,0.10144645,0.8494024580965983,5.000679969787598,13.794374942779541
