train_sample_num,rmse,nrmse,r2,nll,time
8,22.656548,0.10972018,-1.8426809924280203,10.688858985900879,1.9099926948547363
16,9.802028,0.06696119,0.46792538864780875,10.319518089294434,1.8613731861114502
32,7.4934607,0.06062849,0.6890392819029362,10.533223152160645,1.8684749603271484
64,5.7610097,0.05719695,0.8162032424438997,10.337780952453613,2.2081539630889893
