train_sample_num,rmse,nrmse,r2,nll,time
8,14.915523,0.08510199,-0.44588095038165765,77.0661849975586,3.0301709175109863
16,6.1307597,0.036153644,0.7557220415574822,1.7875181436538696,3.123950719833374
32,9.044002,0.049675386,0.4684098400863067,2.148458242416382,3.1279001235961914
64,5.7625937,0.09050433,0.7841800505135184,2.4516713619232178,3.0818583965301514
