train_sample_num,rmse,nrmse,r2,nll,time
8,12.020686,0.074100815,0.199798797802753,2.8834004402160645,3.165827989578247
16,12.0019455,0.060929127,0.20229197345827543,2.4828481674194336,3.230738878250122
32,4.5909705,0.03746111,0.8832788341964215,1.709649920463562,3.3802855014801025
64,2.159886,0.038230926,0.9741653713620566,1.0686787366867065,3.59857439994812
