train_sample_num,rmse,nrmse,r2,nll,time
4,1.01072,0.22461581,-0.03293083106012862,0.34727463126182556,2.4735262393951416
8,0.502193,0.21347642,0.7449937664028363,-0.2338007539510727,2.5271241664886475
16,0.3161555,0.11641852,0.8989326204338021,-0.5527467131614685,2.29889178276062
32,0.25954413,0.08798752,0.9318866960801089,-0.8073859214782715,2.8202574253082275
