train_sample_num,rmse,nrmse,r2,nll,time
4,0.91677487,0.289479,0.022278167623768885,1.2399340867996216,2.1575233936309814
8,0.8350519,0.23155434,0.18882071956978286,1.367891550064087,2.313089609146118
16,0.62438875,0.15413427,0.5464762261049032,0.19569192826747894,2.4373393058776855
32,0.32465282,0.13301049,0.8773893560107173,-0.7489594221115112,2.3248085975646973
