train_sample_num,rmse,nrmse,r2,nll,time
4,0.96024823,0.14735004,-0.2915131325505509,1.0626558065414429,2.277451515197754
8,0.8386886,0.11000721,0.01477980536729051,0.860689640045166,2.075927257537842
16,0.5660659,0.07127296,0.5511865304714502,-0.29163774847984314,2.211543560028076
32,0.4604606,0.06630767,0.7030271016547565,-0.4686637222766876,2.1780946254730225
