train_sample_num,rmse,nrmse,r2,nll,time
4,1.188629,0.19020464,-0.32486765528886963,2.5767788887023926,2.6731057167053223
8,1.0937524,0.21612428,-0.12180613017557018,1.3660285472869873,2.338420867919922
16,0.59125704,0.11296596,0.6721822680625724,-0.10185310989618301,2.1287600994110107
32,0.24679162,0.099144235,0.9428862633675107,-0.8204482197761536,2.228790283203125
