train_sample_num,rmse,nrmse,r2,nll,time
8,14.020233,0.08867636,-0.020467221143800396,4.125638008117676,2.8160881996154785
16,9.359474,0.07665274,0.545230300275495,2.7903213500976562,3.031980514526367
32,7.7035217,0.07899402,0.691917364789014,2.8954572677612305,2.9300858974456787
64,6.9085293,0.093496166,0.7522236533193656,2.4078481197357178,3.0343453884124756
