train_sample_num,rmse,nrmse,r2,nll,time
4,0.8425783,0.2353888,0.035818088660617975,0.6832217574119568,2.257202625274658
8,0.4917923,0.1911942,0.6715253285919255,-0.2801557779312134,2.3182549476623535
16,0.3506729,0.10722121,0.8329898464680872,-0.6469730138778687,2.612269163131714
32,0.32501492,0.11696812,0.8565353150694561,-0.7419790029525757,2.825042486190796
