train_sample_num,rmse,nrmse,r2,nll,time
4,0.96366215,0.103880815,-0.3007128671666963,0.8712935447692871,2.1735856533050537
8,0.90608984,0.10417625,-0.14993782368021513,1.709378719329834,2.101539134979248
16,0.6163361,0.067924075,0.4679321751692469,-0.23691345751285553,2.141855478286743
32,0.5179477,0.0618637,0.6242459693811335,-0.4249495267868042,2.3198235034942627
