train_sample_num,rmse,nrmse,r2,nll,time
4,1.0187775,0.120492175,0.02671841499381622,0.6341518759727478,2.1700010299682617
8,0.66591644,0.10789515,0.5841667852015199,-0.060812808573246,2.0932273864746094
16,0.5304341,0.077435456,0.7361587827103291,-0.3437899053096771,2.049156665802002
32,0.22714534,0.072671466,0.9516175949180471,-0.8865312337875366,2.060299873352051
