train_sample_num,rmse,nrmse,r2,nll,time
4,0.5002153,0.08159206,0.6601772696951791,-0.21596957743167877,2.159008264541626
8,0.36900866,0.07156202,0.8150682090719588,-0.4874318838119507,2.2435672283172607
16,0.3567615,0.05472204,0.8271400456328655,-0.7325829863548279,2.164799690246582
32,0.2655396,0.07267224,0.9042371506471953,-0.8533979058265686,2.1503822803497314
