train_sample_num,rmse,nrmse,r2,nll,time
8,39.08695,0.16037479,-7.4606593555602085,3.535245656967163,3.1259243488311768
16,12.132775,0.119066074,0.18480601861131696,3.3483753204345703,3.381304979324341
32,7.749572,0.064257,0.6674200068801305,2.547466516494751,3.5156638622283936
64,3.4233212,0.060761616,0.9351012988086269,1.667759895324707,3.515819549560547
