train_sample_num,rmse,nrmse,r2,nll,time
8,11.306504,0.06516292,0.33634046338846413,2.294482946395874,3.2751688957214355
16,10.918498,0.0703191,0.38110868110430474,3.018376350402832,3.2910561561584473
32,12.253529,0.108058944,0.22050921013719083,3.8371615409851074,3.3360087871551514
64,14.302701,0.0677819,-0.06200049331940605,4.734470367431641,3.271106004714966
