train_sample_num,rmse,nrmse,r2,nll,time
8,9.002484,0.06719935,0.4732793252218044,9.193012237548828,2.9985194206237793
16,10.535946,0.05296837,0.2785559718463655,4.033970355987549,3.38664174079895
32,13.605597,0.063664824,-0.20306974860187155,6.5052361488342285,3.267979383468628
64,10.066879,0.056817044,0.3413641544524867,6.797560214996338,2.9931352138519287
