train_sample_num,rmse,nrmse,r2,nll,time
4,0.7776331,0.10103879,0.2965401402452489,0.2614997625350952,2.2035725116729736
8,0.75836504,0.10114078,0.33096868035827476,0.6267204880714417,2.1184370517730713
16,0.5486632,0.09407788,0.6498118391521912,-0.12104330211877823,2.0802040100097656
32,0.23395653,0.068058655,0.9363262791188869,-0.8803021311759949,2.0826637744903564
