train_sample_num,rmse,nrmse,r2,nll,time
4,2.9919076,0.12181283,0.020587993681860928,2.410195827484131,1.792846441268921
8,3.5237536,0.34959543,-0.35856427632962906,1.9927401542663574,1.8456413745880127
16,1.9854795,0.13710469,0.5686796928348494,1.2504106760025024,1.7756016254425049
32,2.4145179,0.14236256,0.3621333652609572,1.3826419115066528,1.743849515914917
