train_sample_num,rmse,nrmse,r2,nll,time
4,0.4744155,0.14595199,-0.8126706907536494,0.5378401875495911,2.6241164207458496
8,0.3868471,0.12623651,-0.20525763354744075,-0.1592976301908493,2.7042953968048096
16,0.35631242,0.1291467,-0.022499359985351353,-0.28400853276252747,2.606940746307373
32,0.33775708,0.1443185,0.08122309351569712,-0.05992620065808296,2.55670428276062
