train_sample_num,rmse,nrmse,r2,nll,time
4,2.9919224,0.12181388,0.020578230670531772,2.4102492332458496,4.483123064041138
8,3.5248473,0.34959882,-0.3594076066286158,1.9933503866195679,5.25255274772644
16,1.9853153,0.13685347,0.5687510669711526,1.2501857280731201,6.541946172714233
32,2.4151652,0.14239067,0.36179124618838354,1.3828821182250977,5.3205885887146
