train_sample_num,rmse,nrmse,r2,nll,time
4,2.7992105,0.177775,0.161961376789709,1.526892900466919,4.80269980430603
8,3.323975,0.1600454,-0.18170300559930364,1.7097434997558594,6.830986261367798
16,3.2843232,0.15151696,-0.15367792711285544,1.7005805969238281,7.559262275695801
32,3.5053687,0.15746288,-0.3141963570323183,1.882814645767212,4.975758790969849
