train_sample_num,rmse,nrmse,r2,nll,time
4,3.605101,0.18597156,-0.8862706882264064,2.1214535236358643,4.834508657455444
8,2.6270566,0.13216147,-0.001631470086720821,1.6144448518753052,5.062800645828247
16,2.8968508,0.15059054,-0.21792723067440445,1.6013129949569702,4.557241201400757
32,2.6263871,0.14028431,-0.0011210578192035747,1.4707638025283813,4.959876298904419
