train_sample_num,rmse,nrmse,r2,nll,time
4,2.9294124,0.18244375,-0.10321610497453948,2.5568082332611084,4.221250772476196
8,2.6449382,0.14126615,0.10064604321084847,2.2926676273345947,5.447198867797852
16,2.4377022,0.10074866,0.23605724356003832,1.4942831993103027,6.1440794467926025
32,3.156443,0.14500643,-0.2808417950185642,1.886142373085022,4.32532000541687
