train_sample_num,rmse,nrmse,r2,nll,time
4,0.67284185,0.22094083,-2.12175493224149,2.6793887615203857,2.5693798065185547
8,0.5180417,0.18076165,-0.850555796464348,0.3668225407600403,2.444492816925049
16,0.4450099,0.17174114,-0.36556444444149827,0.3766977787017822,2.518350839614868
32,0.44427598,0.18998592,-0.36106397425990067,1.095852255821228,2.6386542320251465
