train_sample_num,rmse,nrmse,r2,nll,time
4,3.3550832,0.19636194,-0.7177718252960708,1.7084256410598755,4.885589599609375
8,3.0446343,0.15947253,-0.41458534428493277,1.6530125141143799,3.5113508701324463
16,2.9643397,0.17568837,-0.3409569739028415,1.7253648042678833,4.035448789596558
32,2.606356,0.13551082,-0.03663590974690778,1.5007224082946777,5.967253684997559
