train_sample_num,rmse,nrmse,r2,nll,time
4,3.3551216,0.1963637,-0.7178109047115147,1.7084370851516724,2.851184368133545
8,3.045118,0.15946846,-0.41503476407075657,1.6532206535339355,1.7618052959442139
16,2.9644709,0.17569613,-0.3410753699611502,1.7254245281219482,1.757863998413086
32,2.6068473,0.13552457,-0.03702701272184972,1.5009995698928833,1.8709394931793213
