train_sample_num,rmse,nrmse,r2,nll,time
4,0.44118974,0.13755156,-0.43192432766042876,-0.2935318052768707,2.582711935043335
8,0.4203116,0.13993804,-0.29960699811425595,-0.24397633969783783,2.645731210708618
16,0.39191148,0.13747746,-0.1299137667755803,0.02187073789536953,2.5809805393218994
32,0.42938587,0.13332076,-0.3563281549568045,1.0790332555770874,2.635075807571411
