train_sample_num,rmse,nrmse,r2,nll,time
4,0.4314217,0.18992162,-0.17994246204187592,-0.1270434856414795,2.4926295280456543
8,0.44062424,0.17599043,-0.2308174286315159,-0.06473220139741898,2.597592353820801
16,0.38890174,0.21164224,0.04118095280611689,-0.051977671682834625,2.4567742347717285
32,0.3751006,0.22392602,0.1080257889864783,0.2060367614030838,2.664904832839966
