train_sample_num,rmse,nrmse,r2,nll,time
4,0.4909345,0.16103809,-0.8019450060839921,0.07356446981430054,2.6752212047576904
8,0.44896066,0.15649825,-0.506992195417298,0.2261846959590912,2.6946895122528076
16,0.44498336,0.15709163,-0.4804100008088046,0.5932561755180359,2.63801908493042
32,0.3713558,0.1632794,-0.03103834014887097,0.451955109834671,2.488323926925659
