train_sample_num,rmse,nrmse,r2,nll,time
4,2.7988448,0.17773965,0.1621804608905022,1.5267530679702759,2.075141668319702
8,3.3241153,0.16005293,-0.18180298909142434,1.7097936868667603,1.8857417106628418
16,3.2842731,0.15151429,-0.15364275535601268,1.7005616426467896,1.9710865020751953
32,3.5054116,0.1574647,-0.31422858108404617,1.882838249206543,2.1316754817962646
