train_sample_num,rmse,nrmse,r2,nll,time
4,2.328448,0.11311782,0.303000137293018,1.1460959911346436,1.0089898109436035
8,1.4408648,0.14860284,0.733101564505185,0.8972482085227966,0.8008809089660645
16,1.904855,0.08407746,0.5335302883945316,1.164845585823059,0.8021547794342041
32,1.7388756,0.08932033,0.6112802361394356,1.0360928773880005,0.8908462524414062
