train_sample_num,rmse,nrmse,r2,nll,time
4,0.63641655,0.2151291,-1.7929030921953397,7.665823459625244,4.802048683166504
8,0.44834,0.17169717,-0.3860784579881238,2.055781126022339,3.400196075439453
16,0.37530443,0.19445083,0.028729522652808148,0.8960479497909546,4.077840566635132
32,0.36640447,0.24078405,0.07424866825843102,0.7363224029541016,3.563446521759033
