train_sample_num,rmse,nrmse,r2,nll,time
4,1.6825316,0.10299837,0.5891384180418051,1.0170633792877197,1.6917619705200195
8,2.1951,0.12500896,0.3006771727876777,1.3841960430145264,1.2548997402191162
16,1.925684,0.139058,0.46180566778963794,1.1639002561569214,1.1209559440612793
32,1.7218398,0.16580108,0.5697165563062612,1.1562469005584717,1.2140288352966309
