train_sample_num,rmse,nrmse,r2,nll,time
4,2.7049341,0.12975167,0.19946105312913498,2.497605085372925,1.3067498207092285
8,2.5259676,0.12963071,0.30188866732996145,1.5068320035934448,1.1150116920471191
16,2.1896756,0.17610043,0.47539957065606,1.2792341709136963,1.163099765777588
32,1.8684342,0.13352941,0.618034003456453,1.1469097137451172,1.2384803295135498
