train_sample_num,rmse,nrmse,r2,nll,time
4,0.4509365,0.15761337,-0.5202855537263256,0.710002601146698,3.1046578884124756
8,0.39471692,0.15655202,-0.1648389689111016,0.16305632889270782,3.1692004203796387
16,0.3921356,0.15836957,-0.14965337873091,0.161931112408638,3.2622509002685547
32,0.33745587,0.23117454,0.1486103481165868,-0.2714456617832184,3.317542552947998
