train_sample_num,rmse,nrmse,r2,nll,time
4,0.45860615,0.39883122,-0.3333267959288959,2.239609479904175,3.473888397216797
8,0.39465573,0.21900792,0.012598641693645218,0.7834475040435791,4.192606210708618
16,0.41661504,0.30206645,-0.10033954502705544,1.0640438795089722,3.929750680923462
32,0.3848627,0.19336303,0.06099368864324939,0.5711062550544739,4.10564661026001
