train_sample_num,rmse,nrmse,r2,nll,time
4,2.427571,0.1616424,0.10070383520345305,1.4329659938812256,0.882063627243042
8,2.5380995,0.15353647,0.016948809974688506,1.4316918849945068,0.9545300006866455
16,1.5851676,0.16110039,0.6165495741578154,0.9950820803642273,0.8746786117553711
32,1.58929,0.14841434,0.6145526232920268,0.9940640926361084,0.869086742401123
