train_sample_num,rmse,nrmse,r2,nll,time
4,2.7049341,0.12975167,0.19946105312913498,2.497605085372925,0.8005402088165283
8,2.5259676,0.12963071,0.30188866732996145,1.5068320035934448,0.7673521041870117
16,2.1896756,0.17610043,0.47539957065606,1.2792341709136963,0.8818578720092773
32,1.8684342,0.13352941,0.618034003456453,1.1469097137451172,1.012589931488037
