train_sample_num,rmse,nrmse,r2,nll,time
4,0.45821783,0.14305001,-0.6910058987958325,2.6455602645874023,3.4156153202056885
8,0.36094835,0.13112296,-0.049279674167180376,0.8563180565834045,3.034594774246216
16,0.33973116,0.1557186,0.07045193146000772,0.23752325773239136,3.1010935306549072
32,0.33619964,0.22452766,0.08967670480236423,0.21354363858699799,5.604919672012329
