train_sample_num,rmse,nrmse,r2,nll,time
4,2.427571,0.1616424,0.10070383520345305,1.4329659938812256,1.2150530815124512
8,2.5380995,0.15353647,0.016948809974688506,1.4316918849945068,1.121957540512085
16,1.5851676,0.16110039,0.6165495741578154,0.9950820803642273,1.2605667114257812
32,1.58929,0.14841434,0.6145526232920268,0.9940640926361084,1.829437017440796
