train_sample_num,rmse,nrmse,r2,nll,time
4,0.6468112,0.22132312,-1.884880468455552,4.962836742401123,4.070091485977173
8,0.45020533,0.17391853,-0.3976360018811742,5.4679083824157715,3.8834950923919678
16,0.36821392,0.21483131,0.0650825956996377,7.878581523895264,3.8913533687591553
32,0.36839962,0.22423714,0.06413928674569846,7.6383843421936035,4.280213832855225
