train_sample_num,rmse,nrmse,r2,nll,time
4,0.5262282,0.37891325,-1.0371246271531964,9.704377174377441,3.9903059005737305
8,0.432252,0.35768872,-0.3744956996435751,9.196846961975098,3.7724790573120117
16,0.3609788,0.20080066,0.04141021636602271,8.149675369262695,3.9686949253082275
32,0.37024108,0.14859042,-0.00841317312274037,7.562740325927734,4.822564601898193
