train_sample_num,rmse,nrmse,r2,nll,time
4,0.53976285,0.17659113,-1.178213409517936,7.618698596954346,5.965304374694824
8,0.4812318,0.16369179,-0.7314227014014179,7.359121322631836,5.327749252319336
16,0.44646415,0.1587923,-0.4902791643154303,4.282114028930664,5.909225940704346
32,0.3453205,0.18818791,0.10846333831628463,7.613080024719238,4.959464073181152
