train_sample_num,rmse,nrmse,r2,nll,time
4,2.8988223,0.1753195,-0.2823363886735053,5.616729736328125,1.5955204963684082
8,2.9899933,0.16125484,-0.36426673949472543,5.305215835571289,1.521219253540039
16,1.5697285,0.16377613,0.6239826414036141,5.137050628662109,1.4449527263641357
32,1.5851537,0.15172218,0.6165563508575773,5.170716762542725,1.646390676498413
