train_sample_num,rmse,nrmse,r2,nll,time
4,0.49118182,0.40983397,-0.5294716145717986,6.276665687561035,4.889407634735107
8,0.3934007,0.23017548,0.018868846830892405,8.416299819946289,4.867955684661865
16,0.39793807,0.32373434,-0.0038938724258459345,8.332633018493652,4.866425275802612
32,0.36425045,0.24785843,0.15888174265328703,8.054985046386719,5.042946815490723
