train_sample_num,rmse,nrmse,r2,nll,time
4,0.49739712,0.15264475,-0.9925426570365536,5.735381603240967,4.655379056930542
8,0.3801884,0.12636827,-0.16412287275945325,6.039370536804199,5.370845556259155
16,0.34648427,0.13799359,0.0331296820269974,6.615781307220459,3.9404900074005127
32,0.33247125,0.19070618,0.10975544291860517,8.248485565185547,4.403950929641724
