train_sample_num,rmse,nrmse,r2,nll,time
4,2.6715677,0.13258842,0.2190892873520378,5.273204326629639,2.6013033390045166
8,2.4853823,0.1320704,0.32414194684743936,5.7298054695129395,3.277899742126465
16,2.249477,0.21090686,0.4463539395095749,6.023275375366211,2.224625587463379
32,1.8623022,0.13697106,0.6205369790594167,5.904941558837891,2.302767753601074
