train_sample_num,rmse,nrmse,r2,nll,time
4,2.0956998,0.11395402,0.4353781852690284,7.390036582946777,2.8208422660827637
8,1.4317665,0.11570102,0.73646157304136,6.188877105712891,2.493943691253662
16,1.989439,0.07786551,0.4911839187537813,6.451621055603027,3.883978843688965
32,1.7341365,0.09031232,0.6133962071073993,6.609145641326904,4.977849006652832
