train_sample_num,rmse,nrmse,r2,nll,time
4,2.107857,0.13573661,0.3219821763195546,1.1856328248977661,2.270045757293701
8,2.0168924,0.16135792,0.3792392579763656,1.7297537326812744,2.253544569015503
16,2.5266118,0.12032453,0.02582739754462393,12.023964881896973,2.240314245223999
32,2.3956366,0.111901045,0.12420868201470059,4.186641693115234,1.9909119606018066
