train_sample_num,rmse,nrmse,r2,nll,time
4,2.978987,0.12077845,0.02902892804774948,4.448697090148926,3.3205251693725586
8,2.7412436,0.12482769,0.17782487148381532,2.9851763248443604,3.182654619216919
16,2.51478,0.146684,0.3080589896772429,4.505133628845215,3.285818576812744
32,1.789521,0.12049618,0.6496172803949151,1.084183931350708,3.190402030944824
