train_sample_num,rmse,nrmse,r2,nll,time
4,2.6561036,0.10872835,-0.02390373353563069,2.0440938472747803,3.3103458881378174
8,1.9663357,0.10751614,0.43884298239970954,2.1124651432037354,2.9767370223999023
16,1.714094,0.09530256,0.5735792215446285,1.5167487859725952,3.0213510990142822
32,2.060329,0.13559769,0.3839127836892753,2.537899971008301,3.3951752185821533
