train_sample_num,rmse,nrmse,r2,nll,time
4,0.4675249,0.43550152,-0.3856907271775314,-0.1304512619972229,3.714063882827759
8,0.381873,0.2760936,0.0755258965713087,-0.37288206815719604,3.7873010635375977
16,0.370766,0.310272,0.1285214740819589,-0.22376985847949982,3.166102886199951
32,0.35514984,0.24265961,0.2003864371102806,-0.16084939241409302,3.693486452102661
