train_sample_num,rmse,nrmse,r2,nll,time
4,2.107857,0.13573661,0.3219821763195546,1.1856328248977661,4.273510932922363
8,2.0168924,0.16135792,0.3792392579763656,1.7297537326812744,4.2531914710998535
16,2.5266118,0.12032453,0.02582739754462393,12.023964881896973,4.170635223388672
32,2.3956366,0.111901045,0.12420868201470059,4.186641693115234,3.3547730445861816
