train_sample_num,rmse,nrmse,r2,nll,time
4,0.5752453,0.20703486,-1.2818075877991726,0.5032132863998413,3.703028917312622
8,0.47957075,0.20929861,-0.5859087726444381,-0.09141325950622559,3.80700421333313
16,0.39152828,0.18399957,-0.057058707941693765,0.09280428290367126,4.299846887588501
32,0.38208792,0.1917482,-0.006698538957161437,1.0093132257461548,3.586555242538452
