train_sample_num,rmse,nrmse,r2,nll,time
4,2.943589,0.18677458,-0.11391988634361061,3.6719512939453125,1.8656306266784668
8,2.1633096,0.117383435,0.3983597673131637,1.7519497871398926,1.8329193592071533
16,2.047896,0.084299035,0.46084286625680904,1.4071135520935059,1.9958505630493164
32,1.7214376,0.09981025,0.6190375732967511,1.0448249578475952,1.908339500427246
