train_sample_num,rmse,nrmse,r2,nll,time
4,0.41139102,0.13337423,-0.36304670609251866,-0.3163083791732788,3.024724245071411
8,0.37535834,0.12831832,-0.13473197098244705,-0.33271467685699463,2.8997035026550293
16,0.34853393,0.16439824,0.021656764165009057,-0.224696546792984,3.484463930130005
32,0.35273102,0.2514291,-0.0020476300878444764,0.3353274166584015,3.1648974418640137
