train_sample_num,rmse,nrmse,r2,nll,time
4,0.4341852,0.16204146,-0.4094329298656929,-0.313464492559433,2.7140777111053467
8,0.38407853,0.1599438,-0.10289590833631168,-0.33251917362213135,2.598126173019409
16,0.36865577,0.1624634,-0.01610013466197202,-0.046495918184518814,2.655750274658203
32,0.34255823,0.22971062,0.12266933996479712,0.39053967595100403,2.889162063598633
