train_sample_num,rmse,nrmse,r2,nll,time
4,0.48863363,0.15004523,-0.9229493422992849,-0.06920599937438965,2.3179335594177246
8,0.3606778,0.1339554,-0.04770719087164421,-0.5314652919769287,2.432615280151367
16,0.34163177,0.14860381,0.06002220625817445,-0.579696536064148,2.5391430854797363
32,0.3319528,0.19155847,0.11252978150882975,-0.4945322275161743,2.5033044815063477
