train_sample_num,rmse,nrmse,r2,nll,time
4,0.46563953,0.15654942,-0.6210413379883346,-0.2925209105014801,2.275571584701538
8,0.4115829,0.15285587,-0.2665109204834548,-0.3824484944343567,2.392876625061035
16,0.4212907,0.15609047,-0.32696088113565613,-0.24076606333255768,2.3398795127868652
32,0.33886367,0.21879272,0.14149191053872345,-0.3666280508041382,2.394120693206787
