train_sample_num,rmse,nrmse,r2,nll,time
4,0.6761571,0.21897751,-2.152594015576495,0.8867974877357483,2.4261317253112793
8,0.45168015,0.16837984,-0.40680810076777085,-0.28073668479919434,2.3815391063690186
16,0.37805244,0.19133046,0.014453850917137578,-0.44227534532546997,2.3527157306671143
32,0.3647969,0.2545515,0.08235406785834298,-0.28560519218444824,2.7432031631469727
