train_sample_num,rmse,nrmse,r2,nll,time
4,0.43761596,0.2617301,-0.2140685025185196,-0.3322945535182953,3.0345773696899414
8,0.40839347,0.20120272,-0.05733947489546942,-0.4116447865962982,2.7751684188842773
16,0.43114254,0.38748533,-0.17841590178750533,-0.20162560045719147,2.956094980239868
32,0.3839255,0.2115951,0.0655614486151902,-0.25320520997047424,2.7820534706115723
