train_sample_num,rmse,nrmse,r2,nll,time
4,2.65272,0.15384507,-0.07384512374206187,1.8653253316879272,3.0805413722991943
8,2.1036618,0.14966583,0.324678329878204,1.5508044958114624,3.0462069511413574
16,1.8913088,0.14699326,0.45413693167779046,1.3660304546356201,3.478280544281006
32,1.5971332,0.13353013,0.6107388390467885,1.3020334243774414,3.0113205909729004
