train_sample_num,rmse,nrmse,r2,nll,time
4,3.0827856,0.12698925,-0.039814039008782,2.174367904663086,3.140049934387207
8,2.6322634,0.12673004,0.24189787591566125,1.4612690210342407,3.0666050910949707
16,2.2006536,0.17747496,0.4701261605039192,1.3256208896636963,2.9564802646636963
32,2.0200768,0.12394638,0.5535170475274963,1.3229267597198486,3.094646453857422
