train_sample_num,rmse,nrmse,r2,nll,time
4,3.08362,0.16963309,-0.01698513399006507,1.6480226516723633,3.112950325012207
8,2.8346276,0.12317232,0.14062062378550577,1.7794910669326782,3.074652671813965
16,2.6817315,0.1231626,0.2308281026419965,1.6696542501449585,3.0194106101989746
32,2.6425605,0.12018182,0.25313385855028203,1.569491982460022,3.0428073406219482
