train_sample_num,rmse,nrmse,r2,nll,time
4,2.9403272,0.18380344,-0.11145246389399,1.7708566188812256,3.0820579528808594
8,1.9011439,0.09335176,0.535346227136772,1.0155447721481323,3.289292097091675
16,2.219912,0.089723796,0.36646422093690967,1.2732394933700562,3.215550422668457
32,1.9850618,0.07746022,0.49342047048693694,1.2689082622528076,2.987006902694702
