train_sample_num,rmse,nrmse,r2,nll,time
4,1.0868181,0.36205938,-14.27469469624173,7.151101112365723,2.212265968322754
8,0.9312303,0.3331402,-10.21432022269777,6.542709827423096,2.438905715942383
16,0.8965113,0.35472625,-9.393703953837617,10.561206817626953,2.3364083766937256
32,0.84066284,0.3587714,-8.139080563472254,14.602267265319824,2.4304418563842773
