train_sample_num,rmse,nrmse,r2,nll,time
4,1.082092,0.36623603,-15.441867935885252,6.564813137054443,2.411783218383789
8,1.0042121,0.35358456,-13.160343450960847,6.404602527618408,2.3746590614318848
16,0.9246737,0.34820864,-11.006037648250212,8.445169448852539,2.289242744445801
32,0.8821127,0.38334075,-9.926246584467785,14.906625747680664,2.5777037143707275
