train_sample_num,rmse,nrmse,r2,nll,time
4,0.3316006,0.30241805,-0.4219665670827424,2.581515312194824,2.302598476409912
8,0.26223472,0.34682247,0.1107187158762084,0.23935428261756897,2.3687565326690674
16,0.22499198,0.24905047,0.3453745495739087,-0.24531276524066925,2.229249954223633
32,0.22111481,0.25394338,0.3677417452874213,-0.2644955813884735,2.3139755725860596
