train_sample_num,rmse,nrmse,r2,nll,time
4,0.4023743,0.2986572,-1.2734389683083536,3.7887794971466064,2.251187324523926
8,0.31235218,0.26433468,-0.3699729146490942,0.9770259857177734,2.2525835037231445
16,0.2592436,0.24880981,0.05628918466302146,0.09227658063173294,2.3439297676086426
32,0.21026322,0.17807311,0.37920312523780964,-0.47088897228240967,2.3645708560943604
