train_sample_num,rmse,nrmse,r2,nll,time
4,0.23772736,0.27535567,0.2691686792246697,4.535241603851318,3.583289384841919
8,0.3171627,0.24988759,-0.3008373973934926,4.7966413497924805,3.4468257427215576
16,0.36502907,0.2471003,-0.723112861874287,4.470094680786133,3.2248470783233643
32,0.38371825,0.24743307,-0.9040734260345418,4.191065788269043,3.6634974479675293
