train_sample_num,rmse,nrmse,r2,nll,time
4,0.17830755,0.14770469,0.36436823748218317,6.705333709716797,3.2453973293304443
8,0.23626077,0.1342957,-0.11596179215076852,6.686899185180664,3.2853355407714844
16,0.30591753,0.15484254,-0.871004557003755,5.969894886016846,3.282335042953491
32,0.2637926,0.12703377,-0.39120581500575846,6.184939384460449,3.8070967197418213
