train_sample_num,rmse,nrmse,r2,nll,time
4,0.224358,0.19859049,0.2931846511939622,-0.6201716661453247,2.236058235168457
8,0.24915566,0.20634286,0.12830555576913305,-0.7748043537139893,2.1702733039855957
16,0.25326827,0.19116259,0.09929121481574388,-0.8648802042007446,2.200883388519287
32,0.21169715,0.19586927,0.37070714316073017,-0.9291902184486389,2.1246540546417236
