train_sample_num,rmse,nrmse,r2,nll,time
4,0.2706587,0.2295395,0.04147242314782018,-0.6139282584190369,2.1532390117645264
8,0.24919157,0.21931021,0.18749265737830167,-0.6949625611305237,2.245405673980713
16,0.23089755,0.24201827,0.3024117221689484,-0.8597450256347656,2.1818654537200928
32,0.22593161,0.24101776,0.33209500592222874,-0.7963778972625732,2.2159829139709473
