train_sample_num,rmse,nrmse,r2,nll,time
4,0.58715427,0.2603197,-3.458238490901624,0.04547925293445587,2.2267813682556152
8,0.30207482,0.25010023,-0.18001591161439667,-0.6808820366859436,2.229102611541748
16,0.23234066,0.27021825,0.301913488116618,-0.8918546438217163,2.2161178588867188
32,0.2189901,0.2588933,0.37983424505291996,-0.8742775917053223,2.332719326019287
