train_sample_num,rmse,nrmse,r2,nll,time
4,0.7525102,0.317776,-6.409438707944231,0.3735027015209198,2.244593381881714
8,0.544888,0.2949748,-2.884857130083089,0.20668143033981323,2.180832624435425
16,0.3788221,0.31810266,-0.8777213782337001,-0.22614867985248566,2.256221294403076
32,0.24009688,0.23464404,0.2457182175644429,-0.6137279868125916,2.209942102432251
