train_sample_num,rmse,nrmse,r2,nll,time
4,74.07155,0.16520938,-3.7812835788689334,831.42626953125,2.5054454803466797
8,68.170074,0.15927279,-3.0497591042438144,865.7489013671875,2.4129421710968018
16,90.356316,0.23248406,-6.114735190869236,1690.0146484375,2.7265279293060303
32,90.866196,0.2090247,-6.1952593749654685,1900.3590087890625,2.5272467136383057
