train_sample_num,rmse,nrmse,r2,nll,time
4,51.40963,0.16615091,-1.222818618441254,828.8245239257812,2.7122044563293457
8,41.546642,0.15757132,-0.4517336455265293,561.80419921875,2.447895050048828
16,39.7696,0.16403335,-0.3302019087928594,512.3494262695312,2.465336561203003
32,38.661797,0.18205403,-0.257127116298556,486.2379150390625,2.465038299560547
