train_sample_num,rmse,nrmse,r2,nll,time
4,38.958138,0.15319514,-0.11418181869044441,824.5242309570312,2.553471803665161
8,54.4242,0.16215941,-1.1744213378329107,1008.4818725585938,2.346956729888916
16,45.497684,0.1906871,-0.5196313398778554,816.61328125,2.4327077865600586
32,47.487328,0.19490816,-0.655446478619047,797.0284423828125,2.6187996864318848
