train_sample_num,rmse,nrmse,r2,nll,time
4,49.638165,0.13331138,-1.1472032453403598,904.8158569335938,2.5565803050994873
8,43.52535,0.116355374,-0.6509206908637666,796.044189453125,2.440305709838867
16,43.27674,0.11676322,-0.6321152242748123,732.677734375,2.5718607902526855
32,43.419727,0.10692946,-0.6429180047195489,693.9728393554688,2.4719717502593994
