train_sample_num,rmse,nrmse,r2,nll,time
4,84.44702,0.18398331,-6.58579530743165,34.70588302612305,3.9309093952178955
8,71.3359,0.15118828,-4.413133417255311,26.20598602294922,3.7714321613311768
16,141.86581,0.3769159,-20.408585098240106,44.918617248535156,3.784172296524048
32,175.7391,0.5454296,-31.8525615934255,48.279022216796875,4.412048816680908
