train_sample_num,rmse,nrmse,r2,nll,time
4,109.82177,0.36375824,-8.73256742426822,296.2050476074219,3.742715835571289
8,141.51985,0.5517316,-15.161634295575702,51.57145690917969,3.6487419605255127
16,152.52574,0.5136425,-17.77313446656486,45.909034729003906,3.722352981567383
32,183.6082,0.602448,-26.204120398454354,49.88413619995117,4.197904348373413
