train_sample_num,rmse,nrmse,r2,nll,time
4,102.46557,0.31452078,-8.149504697712604,136.69775390625,4.058027982711792
8,73.2354,0.20899306,-3.6739469421934965,20.101163864135742,3.988273859024048
16,121.07373,0.34525,-11.77443067111745,28.96196746826172,3.9770190715789795
32,136.95879,0.41243163,-15.34637779637388,28.041032791137695,4.465520143508911
