train_sample_num,rmse,nrmse,r2,nll,time
4,134.114,0.46881852,-14.127368422174351,33.51597595214844,4.221278429031372
8,163.76045,0.59858215,-21.554498691844692,41.906227111816406,3.9564242362976074
16,142.8799,0.40141055,-16.169489795993726,31.897802352905273,3.9943227767944336
32,170.31798,0.5115807,-23.396985357084375,37.04582595825195,4.580058336257935
