train_sample_num,rmse,nrmse,r2,nll,time
4,53.31003,0.1704764,-1.3901932275243554,556.3231811523438,2.4047727584838867
8,44.712864,0.15563057,-0.6814350207761319,465.12933349609375,2.3792724609375
16,41.716145,0.16333924,-0.4636035413751023,483.6673889160156,2.3732175827026367
32,37.849693,0.17296712,-0.20486922737474655,509.6069641113281,2.394183397293091
