train_sample_num,rmse,nrmse,r2,nll,time
4,33.428204,0.1312758,0.17967531457391883,346.8908996582031,2.5723671913146973
8,37.9221,0.13357228,-0.055709611102366274,459.4452819824219,2.5288517475128174
16,46.604214,0.17968778,-0.5944468770885769,656.2514038085938,2.380103588104248
32,48.38561,0.18981135,-0.7186681779705417,764.3456420898438,2.397284507751465
