train_sample_num,rmse,nrmse,r2,nll,time
4,0.100850694,0.06960741,0.9871145231729437,-0.3195786774158478,0.9151449203491211
8,0.09660111,0.061549645,0.9881775635113917,-0.4056333899497986,0.914189338684082
16,0.090576895,0.062580794,0.9896061242488304,-0.5621716380119324,1.0533089637756348
32,0.07314334,0.05782997,0.9932221443426437,-0.7779914736747742,0.9774672985076904
