train_sample_num,rmse,nrmse,r2,nll,time
4,0.09117217,0.0798481,0.9894690560128886,-0.9910407066345215,1.0065014362335205
8,0.083299346,0.06879821,0.9912092504726543,-0.9959880113601685,1.1504364013671875
16,0.079411045,0.057515454,0.9920107766884239,-1.004948616027832,1.355677843093872
32,0.08243615,0.06318796,0.9913904966711917,-1.014472484588623,1.0187079906463623
