train_sample_num,rmse,nrmse,r2,nll,time
4,0.19003546,0.10045432,0.954247797861288,3.6428256034851074,1.262977123260498
8,0.18852054,0.09770502,0.9549743466490083,3.6459572315216064,1.2389178276062012
16,0.2121422,0.11760941,0.94298398742003,3.6349854469299316,1.2846646308898926
32,0.21862113,0.13032989,0.9394482099873548,3.6539146900177,1.38279128074646
