train_sample_num,rmse,nrmse,r2,nll,time
8,2.6477838,0.22836415,0.4191595414804121,4.422173976898193,2.6539409160614014
16,1.4433621,0.2922103,0.8273993028734605,2.1749560832977295,2.6932647228240967
32,1.1674159,0.2621798,0.887087218898596,1.058711290359497,3.101701021194458
64,0.79630023,0.24664141,0.9474653823411171,0.31584790349006653,3.0794284343719482
