train_sample_num,rmse,nrmse,r2,nll,time
8,8.290143,0.22639567,-5.112630152069672,35.962440490722656,2.814586877822876
16,3.3091316,0.03533401,0.026060125761606656,10.597272872924805,2.989567995071411
32,1.2967019,0.3689217,0.8504506879668015,1.3770551681518555,2.5784804821014404
64,0.45858663,0.3474991,0.9812954675997384,-0.13777156174182892,2.6744484901428223
