train_sample_num,rmse,nrmse,r2,nll,time
8,4.089967,0.15313004,-0.4877968293268069,3.6317427158355713,3.0991973876953125
16,3.8717587,0.0581098,-0.3332777162865912,8.609716415405273,3.13407564163208
32,1.3080727,0.3398453,0.8478164042413685,1.334272861480713,3.2531111240386963
64,0.42511863,0.34103858,0.9839259855053838,-0.1611684113740921,3.6127121448516846
