train_sample_num,rmse,nrmse,r2,nll,time
8,3.1965396,0.3081742,0.09956881055840017,4.256008148193359,2.4678213596343994
16,1.3290594,0.27188462,0.8443392161479749,1.285498857498169,2.764249563217163
32,0.8613661,0.36831123,0.9346168409713802,0.4098392128944397,3.155911922454834
64,0.57401544,0.20432094,0.9709639477534492,-0.03425348177552223,3.00067400932312
