train_sample_num,rmse,nrmse,r2,nll,time
8,1.7706246,0.15966734,0.7237238570802196,2.0167951583862305,3.2739439010620117
16,1.5846816,0.17352507,0.7787035592187337,3.1672751903533936,3.3560268878936768
32,0.7216575,0.18152736,0.9541063421648186,0.17546461522579193,3.59360408782959
64,0.50115925,0.19519317,0.9778669145483111,-0.11053582280874252,3.459366798400879
