train_sample_num,rmse,nrmse,r2,nll,time
8,8.997958,0.22932902,-6.200987487336122,31.299823760986328,2.727647066116333
16,3.2095249,0.049469694,0.08380987579089394,10.656678199768066,2.761078119277954
32,1.2816181,0.33588925,0.8539097095963983,1.325162410736084,3.050093412399292
64,0.47464952,0.32007957,0.9799621913147532,-0.12074659019708633,3.286348819732666
