train_sample_num,rmse,nrmse,r2,nll,time
8,8.256867,0.22402693,-5.063659205540126,31.62306022644043,2.3147079944610596
16,3.1309698,0.42922193,0.12810976926778905,8.590727806091309,2.3210108280181885
32,1.3235503,0.38049975,0.8441936871154723,1.3579493761062622,2.3333137035369873
64,0.48712617,0.28575888,0.9788949163621713,-0.0932568833231926,2.3874237537384033
