train_sample_num,rmse,nrmse,r2,nll,time
8,2.4503896,0.22458804,0.5025354050977182,3.4582250118255615,2.3201146125793457
16,1.2851105,0.21777542,0.8631726665270927,1.958735704421997,2.3245344161987305
32,1.1524432,0.31497952,0.8899649827622537,1.0711220502853394,2.4933762550354004
64,0.8373986,0.2442785,0.9419026462170165,0.400637149810791,2.5283312797546387
