train_sample_num,rmse,nrmse,r2,nll,time
8,2.2415419,0.17133412,0.5572239321828738,3.259019136428833,2.351907968521118
16,1.2612041,0.31216738,0.859828031129866,1.1078120470046997,2.3855485916137695
32,0.81558955,0.37080437,0.9413816333555016,0.3169283866882324,2.349713087081909
64,0.5916231,0.21612066,0.9691552924918216,-0.0035497292410582304,2.3796136379241943
