train_sample_num,rmse,nrmse,r2,nll,time
8,4.0710306,0.15322806,-0.4740521951919441,4.968735218048096,3.3536617755889893
16,2.5867548,0.06618681,0.40486613332038845,6.450526714324951,3.474773406982422
32,1.259532,0.2793858,0.8589014806231783,1.2036539316177368,3.5424022674560547
64,0.4001859,0.32515135,0.9857561406022696,-0.17884689569473267,3.8624277114868164
