train_sample_num,rmse,nrmse,r2,nll,time
8,2.7310007,0.15074547,0.3820753596812305,18.003259658813477,3.299438953399658
16,1.7205068,0.22116178,0.7547524329134405,3.017634391784668,3.342863082885742
32,1.1389838,0.31968513,0.8925201521066598,1.0114688873291016,3.3970041275024414
64,0.76774806,0.23383997,0.9511652099653847,0.26384881138801575,3.4737908840179443
