train_sample_num,rmse,nrmse,r2,nll,time
8,1.7791309,0.16305783,0.7210629260697092,1.9963301420211792,3.0945005416870117
16,1.7765142,0.14369321,0.7218828646555702,2.794283866882324,3.312894105911255
32,0.88908696,0.15130992,0.9303407348710052,0.47556865215301514,3.2780892848968506
64,0.52089876,0.22131309,0.9760890373797909,-0.09199178963899612,3.1446726322174072
