train_sample_num,rmse,nrmse,r2,nll,time
8,3.7612944,0.205666,-0.17210508687006,10.016948699951172,3.353245735168457
16,1.925151,0.16389994,0.6929412321244821,4.1209259033203125,2.3644771575927734
32,1.2070101,0.2731754,0.8792982107579991,1.1928048133850098,2.360114097595215
64,0.84836596,0.22288503,0.9403708835315376,0.4179031252861023,2.4015300273895264
