train_sample_num,rmse,nrmse,r2,nll,time
8,3.0587993,0.15180555,0.22483552948896224,12.463250160217285,3.0356476306915283
16,1.4607413,0.20931831,0.8232177967842778,2.4601404666900635,3.0018503665924072
32,1.1787624,0.2312533,0.8848816810201909,1.1142395734786987,2.9573469161987305
64,0.81282717,0.24218231,0.9452620705247639,0.35471612215042114,3.054177761077881
