train_sample_num,rmse,nrmse,r2,nll,time
4,32.5115,0.14433566,-0.8831832250541114,1826.029052734375,2.6070444583892822
8,27.245949,0.122758836,-0.3225814563172722,162.587890625,2.4215996265411377
16,19.343538,0.055165023,0.3333615702268149,149.6656494140625,2.5914416313171387
32,14.260263,0.04600515,0.6376955930653273,132.6913604736328,2.4146714210510254
