train_sample_num,rmse,nrmse,r2,nll,time
4,20.142471,0.09898796,0.3674701586887714,114.19854736328125,2.4366159439086914
8,15.240869,0.11571202,0.6378612555466779,116.65283203125,2.443552255630493
16,13.039112,0.1352735,0.7349355222644738,131.2741241455078,2.5269532203674316
32,9.763092,0.12838095,0.851396083431015,112.95584869384766,2.469378709793091
