train_sample_num,rmse,nrmse,r2,nll,time
4,24.363674,0.07395439,-0.37983610972363113,146.0107879638672,2.4538609981536865
8,21.734919,0.07022003,-0.09814046214343075,145.48316955566406,2.8553247451782227
16,14.804593,0.058684744,0.4905109699049587,124.62914276123047,2.5455408096313477
32,11.754649,0.049292177,0.6788105682628287,179.85821533203125,2.4467952251434326
