train_sample_num,rmse,nrmse,r2,nll,time
4,19.22011,0.12954168,0.2860769610332544,121.25868225097656,2.5864856243133545
8,18.254345,0.11428102,0.35602028196430924,130.23379516601562,2.5220694541931152
16,15.502633,0.31057072,0.535537556464779,158.5865478515625,2.5659162998199463
32,6.94942,0.12886663,0.9066666871630844,86.92938232421875,2.4863085746765137
