train_sample_num,rmse,nrmse,r2,nll,time
4,32.74392,0.14676863,-0.9102044709186585,6961.587890625,2.572737455368042
8,27.511097,0.12479756,-0.3484483045668507,1491.8743896484375,2.6703262329101562
16,20.180265,0.061002776,0.27444174514050645,725.1726684570312,2.7069709300994873
32,15.42473,0.05026824,0.576109479389999,410.22686767578125,2.633394479751587
