train_sample_num,rmse,nrmse,r2,nll,time
4,20.72669,0.0947858,0.3302458170367558,1075.739501953125,2.5607385635375977
8,15.892437,0.095049076,0.6062354751804946,684.996826171875,2.6352150440216064
16,13.903228,0.099396616,0.6986391943455126,542.15087890625,2.539607524871826
32,11.388709,0.09709102,0.7977891347601868,356.86407470703125,2.6191632747650146
