train_sample_num,rmse,nrmse,r2,nll,time
4,18.91399,0.1122184,0.3086374065006737,1137.46484375,2.593744993209839
8,18.657732,0.10731302,0.327244441545246,1058.5015869140625,2.589473009109497
16,13.385976,0.18254457,0.6537101889117622,629.48876953125,2.4721662998199463
32,7.2525,0.11016881,0.8983481892880655,183.1647491455078,2.5963072776794434
