train_sample_num,rmse,nrmse,r2,nll,time
4,23.329987,0.10936573,-0.24519419098061812,7.342086315155029,3.872659921646118
8,19.951342,0.11748044,0.08934842671249532,9.477197647094727,3.930034875869751
16,13.95289,0.12114162,0.5546141367090767,9.603494644165039,4.237239360809326
32,6.992005,0.14416938,0.8881562959110348,8.985272407531738,4.197746992111206
