train_sample_num,rmse,nrmse,r2,nll,time
4,18.264627,0.11810581,0.47991164540583875,9.705406188964844,3.6318910121917725
8,8.437692,0.16929355,0.8890051681700577,9.95535659790039,3.6350409984588623
16,7.976518,0.16692148,0.9008067201569792,9.695281028747559,3.7922773361206055
32,7.596608,0.17797895,0.9100305660446159,9.370619773864746,4.1945273876190186
