train_sample_num,rmse,nrmse,r2,nll,time
4,24.55051,0.088429965,-0.4010801549645493,8.267317771911621,3.9821746349334717
8,21.19232,0.094845235,-0.04399622213680132,9.090130805969238,4.129334449768066
16,10.738199,0.06906829,0.7319567937240707,8.779117584228516,3.853348731994629
32,8.160345,0.044393886,0.8452042524198071,8.032934188842773,4.212418079376221
