train_sample_num,rmse,nrmse,r2,nll,time
4,32.246616,0.14690918,-0.8526223485615214,5.536228656768799,3.5535175800323486
8,24.134802,0.15958846,-0.03778176187579274,10.570037841796875,3.609088182449341
16,15.809594,0.057061628,0.5546925480515866,8.933335304260254,4.063978910446167
32,11.361976,0.050843157,0.770000862155238,8.548295021057129,4.131373405456543
