train_sample_num,rmse,nrmse,r2,nll,time
4,14.5818405,0.10500383,0.5890733441950611,7.285653114318848,3.680138111114502
8,14.407952,0.0745313,0.5988154171847422,7.920321464538574,3.504790782928467
16,7.406402,0.1358646,0.8939881848929923,7.949765205383301,3.5139434337615967
32,6.049979,0.16126198,0.9292628785232117,7.586715221405029,3.9099414348602295
