train_sample_num,rmse,nrmse,r2,nll,time
4,20.7922,0.065081395,0.1645113747714505,115.41242218017578,2.487867832183838
8,20.854761,0.064864665,0.15947600649236304,119.4175033569336,2.3881216049194336
16,18.163187,0.06773337,0.36243613552224063,76.94320678710938,2.3996057510375977
32,8.004771,0.10397125,0.8761667160174803,67.72469329833984,2.3929178714752197
