train_sample_num,rmse,nrmse,r2,nll,time
4,27.917198,0.12278207,-0.7830018022610519,363.44219970703125,2.3710663318634033
8,21.740915,0.07524287,-0.0813436257456206,91.3115234375,2.431135654449463
16,23.345825,0.08586012,-0.2468854967929781,105.89881896972656,2.460332155227661
32,11.213383,0.07106903,0.7123387695644774,93.24211120605469,2.474050760269165
