train_sample_num,rmse,nrmse,r2,nll,time
4,33.913975,0.15100968,-1.0491601747880543,895.7001342773438,2.590649127960205
8,32.903236,0.1421432,-0.9288380121690363,197.5634307861328,2.5310959815979004
16,29.622475,0.15279785,-0.5633681194800522,197.1709442138672,2.5003662109375
32,20.86879,0.07251776,0.22408694899908244,341.42156982421875,2.4457342624664307
