train_sample_num,rmse,nrmse,r2,nll,time
4,28.36583,0.08756582,-0.8703932551228721,164.85693359375,2.317038059234619
8,25.308615,0.07779536,-0.4889451068814856,153.2969970703125,2.3474018573760986
16,15.321116,0.04202724,0.45433922390144343,99.9668197631836,2.355684280395508
32,11.301398,0.027582336,0.7031026555160591,92.6269302368164,2.276113271713257
