train_sample_num,rmse,nrmse,r2,nll,time
4,27.50628,0.079868086,-0.1795576436641051,154.04689025878906,2.5245895385742188
8,17.841473,0.10077733,0.5037313113531703,112.77041625976562,2.348996639251709
16,13.9833555,0.07563128,0.6951555267303222,109.71135711669922,2.7964375019073486
32,12.5460825,0.085093886,0.7546016070901843,124.20329284667969,2.606353282928467
