train_sample_num,rmse,nrmse,r2,nll,time
4,24.742867,0.07572666,-0.42312159162451857,222.36293029785156,2.5348029136657715
8,22.455292,0.07200869,-0.1721397705746357,229.8061981201172,2.5000641345977783
16,16.091963,0.058716293,0.3980506026599626,188.8087158203125,2.422041416168213
32,10.777176,0.032480817,0.7300073790054015,166.02882385253906,2.4209156036376953
