train_sample_num,rmse,nrmse,r2,nll,time
4,19.295862,0.1121441,0.28043844415146857,184.9629669189453,2.367875099182129
8,19.041145,0.107236765,0.29931031375531847,210.66184997558594,2.258105754852295
16,13.545148,0.18020594,0.6454258071989483,180.06304931640625,2.381427526473999
32,7.2773542,0.11107586,0.8976502887837821,97.24445343017578,2.41493558883667
