train_sample_num,rmse,nrmse,r2,nll,time
4,21.140059,0.09504455,0.3032646999131463,180.75599670410156,2.460780620574951
8,16.145555,0.09520506,0.5935927047549786,173.24444580078125,2.3770318031311035
16,14.122264,0.09977764,0.6890689056959709,186.91722106933594,2.358933210372925
32,11.498204,0.09757017,0.793882184263619,172.79287719726562,2.418836832046509
