train_sample_num,rmse,nrmse,r2,nll,time
4,32.42862,0.14401157,-0.873594158921212,1072.0938720703125,2.474097728729248
8,28.016134,0.12686206,-0.3984112580035082,256.14520263671875,2.6409249305725098
16,20.409077,0.06129786,0.25789521026345574,235.48033142089844,2.570073366165161
32,15.519559,0.05036539,0.5708814497476808,203.52915954589844,2.4414124488830566
