train_sample_num,rmse,nrmse,r2,nll,time
4,0.57919574,0.07699101,0.6943597954050376,0.03552928566932678,0.8970291614532471
8,0.5358732,0.06683325,0.738372245302011,-0.0974927693605423,0.9699699878692627
16,0.546387,0.06718891,0.7280052188062324,-0.15299086272716522,0.9505629539489746
32,0.521672,0.061779857,0.7520553295795827,-0.2711832821369171,0.9040508270263672
