train_sample_num,rmse,nrmse,r2,nll,time
8,9.363391,0.061524242,0.4302006073770006,32.332672119140625,3.249691963195801
16,10.060007,0.0688799,0.3422631544115873,5.992124557495117,3.1722257137298584
32,8.282726,0.08712509,0.5541361325303027,7.849364280700684,3.0641965866088867
64,7.9126334,0.10205036,0.5930906404719927,8.600593566894531,3.035971164703369
