train_sample_num,rmse,nrmse,r2,nll,time
8,24.598072,0.12353948,-2.350756459980915,3.780076503753662,1.2426865100860596
16,10.581441,0.065493286,0.3799449265841426,2.8278229236602783,1.3233790397644043
32,8.140377,0.060148954,0.6330307199226528,2.673734664916992,1.2851083278656006
64,5.7097783,0.075189345,0.8194576309605267,2.460797071456909,1.3645381927490234
