train_sample_num,rmse,nrmse,r2,nll,time
4,0.9474575,0.07297892,0.1821394615639923,0.3642396628856659,0.8677523136138916
8,0.91891026,0.06912897,0.23068183957391664,0.2509576082229614,0.8255603313446045
16,0.78865904,0.058710992,0.43331940452227147,0.1208936870098114,1.0492076873779297
32,0.70195884,0.052372724,0.5510654056773836,-0.11241227388381958,0.8895292282104492
