train_sample_num,rmse,nrmse,r2,nll,time
8,13.62946,0.10542581,-0.028721786007651406,3.1643660068511963,3.6388304233551025
16,8.698373,0.06800598,0.5809973824329336,2.4425208568573,3.6728618144989014
32,6.4355745,0.05698019,0.770641248119182,2.922443389892578,3.761977195739746
64,3.7413225,0.06929622,0.9224840623494336,2.2523369789123535,3.802288770675659
