train_sample_num,rmse,nrmse,r2,nll,time
8,14.979531,0.08545388,-0.45831727503067876,73.1834487915039,3.4765655994415283
16,4.6104817,0.024713058,0.8618508570578716,1.5851620435714722,3.665168046951294
32,5.205796,0.10083865,0.8238714048487674,1.9107275009155273,3.6786954402923584
64,5.6657815,0.10144093,0.791370699723468,2.6182713508605957,3.932875871658325
