train_sample_num,rmse,nrmse,r2,nll,time
4,0.5808085,0.07695863,0.6926552365120698,0.07083048671483994,0.7687480449676514
8,0.5333346,0.065995805,0.7408452045156597,-0.04368240386247635,0.7934670448303223
16,0.5520826,0.0662112,0.7223050769253517,-0.11270312964916229,0.7650630474090576
32,0.5437387,0.060952608,0.7306355286559709,-0.22585651278495789,0.8258514404296875
