train_sample_num,rmse,nrmse,r2,nll,time
8,45.546303,0.12828603,-10.488067177852297,5.694596767425537,3.331639289855957
16,11.492585,0.053603318,0.268564343333211,3.134019136428833,3.405843734741211
32,8.573176,0.083961785,0.5929720461184087,3.4982593059539795,3.442185640335083
64,4.496455,0.09234658,0.8880352758735015,2.3097755908966064,3.376399278640747
