train_sample_num,rmse,nrmse,r2,nll,time
4,0.5838229,0.15794925,0.6765068152491236,0.27948328852653503,0.9638962745666504
8,0.5372103,0.14052436,0.7261003033061454,0.058276861906051636,0.9815385341644287
16,0.3921128,0.116638474,0.8540766124964976,-0.47686007618904114,1.0010960102081299
32,0.26511294,0.12691522,0.9332940215425393,-0.8073927164077759,0.9032599925994873
