train_sample_num,rmse,nrmse,r2,nll,time
4,0.57543695,0.14763232,0.6857333195536358,-0.052771344780921936,0.8660004138946533
8,0.52690965,0.12969932,0.7365033490810138,-0.17968428134918213,0.8004791736602783
16,0.38929808,0.11193741,0.8561640681705764,-0.39676693081855774,0.8526992797851562
32,0.2608356,0.119058825,0.9354291382502505,-0.657285749912262,0.8315081596374512
