train_sample_num,rmse,nrmse,r2,nll,time
4,0.57543695,0.14763232,0.6857333195536358,-0.052771344780921936,0.7535395622253418
8,0.52690965,0.12969932,0.7365033490810138,-0.17968428134918213,0.745549201965332
16,0.38929808,0.11193741,0.8561640681705764,-0.39676693081855774,0.8573415279388428
32,0.2608356,0.119058825,0.9354291382502505,-0.657285749912262,0.7539832592010498
