train_sample_num,rmse,nrmse,r2,nll,time
4,38.07388,0.18058044,-1.7215023136563263,28.326757431030273,2.9026002883911133
8,7.175227,0.11909896,0.9033446814301899,2.821758508682251,2.8343658447265625
16,10.379793,0.2065314,0.7977298128061553,3.874971389770508,2.612184524536133
32,12.11219,0.16850536,0.7245772435780164,4.644309997558594,2.4541404247283936
