train_sample_num,rmse,nrmse,r2,nll,time
4,13.165898,0.13137136,0.6677980362383321,5.373732089996338,2.7775533199310303
8,10.694926,0.19096,0.7807918067982664,4.369531631469727,2.6148881912231445
16,16.307688,0.29354233,0.4903335928555369,9.475589752197266,2.5039122104644775
32,9.116025,0.2921749,0.8407380196365621,4.095406532287598,3.0777392387390137
