train_sample_num,rmse,nrmse,r2,nll,time
4,18.607273,0.24596033,0.14278830608386828,8.006994247436523,2.525087356567383
8,14.1850605,0.14535531,0.501821533149346,4.414149761199951,2.570889472961426
16,17.042328,0.16130757,0.28091480014543835,5.750678062438965,2.594303607940674
32,9.664383,0.18244335,0.7687558012184825,4.394487380981445,2.686676502227783
