train_sample_num,rmse,nrmse,r2,nll,time
4,14.623423,0.17842484,0.5901742711978238,3.3913462162017822,1.2109341621398926
8,10.636539,0.12621458,0.7831787404469792,2.9368579387664795,1.0838770866394043
16,11.515036,0.16915433,0.7458841614977025,3.0734047889709473,1.1630775928497314
32,8.635001,0.13946982,0.8571020773376435,2.9983773231506348,1.054872989654541
