train_sample_num,rmse,nrmse,r2,nll,time
4,55.17457,0.20744304,-4.71521217456915,5.428228855133057,1.1759734153747559
8,7.276309,0.10131879,0.9006022086956675,2.712204694747925,1.5392045974731445
16,15.936843,0.09253527,0.5231749540254765,3.2386388778686523,1.4071722030639648
32,11.659324,0.13003686,0.7447879567516282,3.168114423751831,1.5185132026672363
