train_sample_num,rmse,nrmse,r2,nll,time
4,54.286728,0.16538237,-5.648311387885541,4.985662460327148,1.3139667510986328
8,38.465656,0.14895338,-2.3378771805770255,4.328990459442139,1.2531886100769043
16,32.941666,0.1414917,-1.448020814720461,4.112671375274658,1.5829195976257324
32,5.48039,0.095661744,0.9322441286820904,2.935084581375122,1.3859834671020508
