train_sample_num,rmse,nrmse,r2,nll,time
4,14.568792,0.18660147,0.593230617697025,6.94293212890625,2.1115329265594482
8,11.26699,0.120102,0.7567140744019748,7.2569661140441895,2.173229694366455
16,13.309744,0.21268833,0.6604993276116005,10.448404312133789,1.9748623371124268
32,8.949838,0.18737476,0.8464918385483363,7.842304706573486,2.2369792461395264
