train_sample_num,rmse,nrmse,r2,nll,time
4,68.12771,0.15930125,-9.470598697020153,7.736725330352783,2.3631744384765625
8,47.313118,0.13900815,-4.049951397776258,7.5660858154296875,2.1275084018707275
16,40.225624,0.13031738,-2.6503090102893823,8.504804611206055,2.0676369667053223
32,5.411315,0.11364557,0.9339413527844338,8.549440383911133,2.608031749725342
