train_sample_num,rmse,nrmse,r2,nll,time
4,8.326943,0.08435082,0.8113964267392136,6.0114336013793945,2.1276299953460693
8,8.876052,0.105690025,0.785701860101373,6.228491306304932,1.742704153060913
16,5.3433137,0.17635208,0.9223395245350378,7.099318981170654,1.9243853092193604
32,6.111354,0.22740197,0.89840939667145,8.836014747619629,1.8187229633331299
