train_sample_num,rmse,nrmse,r2,nll,time
4,0.31804854,0.098258324,0.8911498622150991,4.101558208465576,1.2650587558746338
8,0.31590718,0.08376557,0.8926106555275494,4.0949482917785645,1.228501319885254
16,0.3663273,0.1145301,0.8555955160097457,4.060319900512695,1.300469160079956
32,0.37884527,0.119683236,0.8455578219033126,4.076621055603027,1.441330909729004
