train_sample_num,rmse,nrmse,r2,nll,time
4,64.04446,0.21188192,-6.70047645328588,9.299270629882812,2.345325231552124
8,7.2602615,0.11638123,0.9010401616671299,7.781658172607422,1.8626196384429932
16,18.194551,0.09422362,0.3785057816353694,8.154021263122559,1.7292730808258057
32,13.381503,0.10692624,0.6638258567589361,8.739361763000488,1.962463140487671
