train_sample_num,rmse,nrmse,r2,nll,time
4,18.532986,0.1054366,0.14961929464141188,3.407365083694458,4.8934454917907715
8,12.615606,0.11755388,0.605961352817852,3.506479501724243,3.4432222843170166
16,14.587312,0.17251647,0.4731668311644328,6.65675163269043,3.3779172897338867
32,9.907651,0.17779167,0.7569677032551159,5.586604118347168,3.834336042404175
