train_sample_num,rmse,nrmse,r2,nll,time
4,19.0364,0.09140943,0.014291849936461709,5.100738525390625,3.1781015396118164
8,14.641215,0.058799274,0.41691344145160714,3.3015804290771484,3.2267966270446777
16,2.4035778,0.13634357,0.9842856988789295,1.6493823528289795,3.3207199573516846
32,3.4373963,0.15177408,0.9678605875761854,1.7235209941864014,3.628309726715088
