train_sample_num,rmse,nrmse,r2,nll,time
4,14.844354,0.2839174,0.5776973820324312,3.9986073970794678,3.807149648666382
8,10.406174,0.18718068,0.7924688503141959,4.545876502990723,3.385246753692627
16,16.87429,0.28105292,0.45430218031570935,4.960958480834961,3.965067148208618
32,10.141481,0.23301862,0.8028921254932961,3.0243029594421387,3.626875638961792
