train_sample_num,rmse,nrmse,r2,nll,time
4,21.810373,0.09768453,-0.0731246963006229,5.053682804107666,2.5383026599884033
8,20.635946,0.14190589,0.039333116128291046,5.193509578704834,2.4161481857299805
16,18.88976,0.13202286,0.19503518178461576,7.148703575134277,2.598345994949341
32,7.198422,0.18007398,0.8831042662637731,2.503817081451416,2.4269018173217773
