train_sample_num,rmse,nrmse,r2,nll,time
4,2.4335485,0.18823755,0.3100385066284903,11.536637306213379,2.071722984313965
8,2.1492739,0.22644411,0.4618189886017766,10.685964584350586,2.0830323696136475
16,2.2918265,0.15508491,0.38806068983405684,17.017227172851562,2.0848090648651123
32,2.316983,0.1600045,0.3745528118397342,22.148910522460938,2.1461527347564697
