train_sample_num,rmse,nrmse,r2,nll,time
4,1.996229,0.19196647,0.07577125121874362,8.447393417358398,3.123613119125366
8,2.1059296,0.16441569,-0.02859977589019902,14.22806167602539,2.1536247730255127
16,2.0423465,0.19247676,0.03257441032435837,15.724740982055664,2.078951358795166
32,1.955578,0.21026736,0.1130298233364645,19.74044418334961,2.060206651687622
