train_sample_num,rmse,nrmse,r2,nll,time
4,1.6813922,0.14702657,0.3320403127253231,8.710561752319336,2.0738327503204346
8,1.8513031,0.0995181,0.19021964437227423,17.426860809326172,2.123162031173706
16,1.7537922,0.09502618,0.2732775998142424,9.712767601013184,2.0290896892547607
32,1.855621,0.08483626,0.18643785570890692,16.138275146484375,2.1432855129241943
