train_sample_num,rmse,nrmse,r2,nll,time
4,2.0236099,0.23628093,0.5029229599028895,5.857428550720215,2.1180622577667236
8,2.0200899,0.23815429,0.5046505606737456,8.912762641906738,2.0921757221221924
16,2.1317005,0.15490796,0.4484020316546824,14.279003143310547,2.0619866847991943
32,2.223316,0.20158397,0.3999704673054525,17.989864349365234,2.1126933097839355
