train_sample_num,rmse,nrmse,r2,nll,time
4,1.7414047,0.10116219,0.28350764167862685,25.799116134643555,2.832045555114746
8,1.912773,0.08722517,0.13555168725555777,40.476715087890625,2.6293437480926514
16,1.827846,0.082684204,0.2106103797190383,27.78896713256836,2.817265748977661
32,1.9017344,0.077303454,0.14550035698246166,35.51601791381836,2.9739437103271484
