train_sample_num,rmse,nrmse,r2,nll,time
4,2.4921262,0.14825444,0.27642274387264476,49.19775390625,2.502774715423584
8,2.2942607,0.15309946,0.38676007733839757,36.00406265258789,2.4144275188446045
16,2.5277102,0.12708493,0.25561183725049197,44.946075439453125,2.5665218830108643
32,2.529923,0.12741075,0.25430801418845084,47.724769592285156,2.654635429382324
