train_sample_num,rmse,nrmse,r2,nll,time
4,2.2105358,0.117844544,0.197834837792901,33.097503662109375,2.829636812210083
8,2.2355597,0.121251106,0.17957066275028855,41.80084991455078,6.727148771286011
16,1.9810317,0.23520257,0.3557544101310066,28.606647491455078,3.984754800796509
32,2.1973805,0.11028175,0.20735411221754263,39.17259216308594,3.3571243286132812
