train_sample_num,rmse,nrmse,r2,nll,time
4,1.9506896,0.15507986,0.11745864740000656,18.833711624145508,4.176548719406128
8,2.0534074,0.12104352,0.022067281584363996,25.350561141967773,3.6025781631469727
16,1.9061792,0.2021477,0.15727434480424463,14.322848320007324,3.944837808609009
32,1.8246316,0.18019345,0.227836866993244,12.854345321655273,3.292001724243164
