train_sample_num,rmse,nrmse,r2,nll,time
4,2.0914505,0.23873466,0.4690356226414021,31.87637710571289,3.1252362728118896
8,2.0996418,0.24394837,0.46486825641205454,32.756431579589844,3.320430040359497
16,2.2478528,0.1414061,0.3866533218039425,37.92461013793945,2.9478559494018555
32,2.411745,0.15159145,0.29395397902168907,35.75941467285156,2.769731283187866
