train_sample_num,rmse,nrmse,r2,nll,time
4,3.4309838,0.4024704,-0.4289187087655555,7.220144271850586,5.061209678649902
8,2.5018384,0.23919731,0.24021838131057427,6.108193397521973,5.054857969284058
16,2.7553637,0.1363634,0.07843045841783314,6.171892166137695,5.112359523773193
32,6.5860715,0.4410871,-4.265299951532743,8.056256294250488,6.031548738479614
