train_sample_num,rmse,nrmse,r2,nll,time
4,1.8581146,0.08138495,0.1992376118356941,5.102342128753662,5.871906280517578
8,3.5598447,0.31342295,-1.939144002108553,6.102135181427002,4.7180376052856445
16,7.621069,0.38581643,-12.47071042871616,8.369409561157227,5.008605480194092
32,7.4723625,0.39345425,-11.950141942511866,8.114235877990723,5.621678829193115
