train_sample_num,rmse,nrmse,r2,nll,time
4,1.7869834,0.09413212,0.245510543895625,5.624764442443848,5.486970663070679
8,2.641159,0.2830236,-0.6481673649327093,5.966275215148926,5.27277398109436
16,1.8793406,0.09306759,0.16550600286423423,5.695549488067627,4.914504289627075
32,2.5863361,0.28716812,-0.580454774827837,6.106909275054932,5.983812570571899
