train_sample_num,rmse,nrmse,r2,nll,time
4,2.8413775,0.29418793,-0.325337528009084,5.718128681182861,4.978380441665649
8,2.9538233,0.2978261,-0.43231206514138587,6.048778057098389,5.356609344482422
16,2.1397254,0.16897511,0.2484035451751574,3.559398889541626,4.793295621871948
32,2.36384,0.11630855,0.08271392508160258,5.5109543800354,5.959817171096802
