train_sample_num,rmse,nrmse,r2,nll,time
4,1.883584,0.06725267,0.17713474815968655,1.5404653549194336,2.1335573196411133
8,1.9371307,0.064184,0.12968481461077308,2.1709957122802734,2.221151351928711
16,2.0538583,0.069633745,0.02163759441833024,2.788285732269287,2.191141128540039
32,2.0219631,0.09870496,0.051788718535857314,2.9931938648223877,2.2327632904052734
