train_sample_num,rmse,nrmse,r2,nll,time
4,2.9511971,0.11257083,-0.014708698742446735,2.6844263076782227,2.682210922241211
8,2.8737395,0.10673907,0.03785704117099076,2.770745038986206,2.5869836807250977
16,2.909369,0.109402515,0.013851106071978703,2.2856035232543945,3.4209110736846924
32,2.8411827,0.10434159,0.05953371017519693,2.4731605052948,3.110521078109741
