train_sample_num,rmse,nrmse,r2,nll,time
4,2.0236409,0.073270194,0.03243718911415061,3.7756807804107666,2.946401834487915
8,2.055511,0.07559371,0.0017212108730849662,4.732752799987793,3.1137142181396484
16,2.139935,0.083252974,-0.08196522486340507,1.9423671960830688,2.920649766921997
32,2.183515,0.084753074,-0.126482831984849,3.6553900241851807,2.6450202465057373
