train_sample_num,rmse,nrmse,r2,nll,time
4,2.0724595,0.19384368,0.00383603026078283,5.313216686248779,2.0770673751831055
8,2.0933204,0.19244635,-0.01631911798768204,7.7429656982421875,2.037656784057617
16,2.0562897,0.18998034,0.01932001188259136,8.920191764831543,2.115774631500244
32,1.8586371,0.23484316,0.19878712170805612,10.793839454650879,2.06034255027771
