train_sample_num,rmse,nrmse,r2,nll,time
4,2.4829128,0.19696657,0.2817629136795585,7.618955135345459,2.1384246349334717
8,2.174954,0.20085903,0.44888140608117877,6.926451206207275,2.084207773208618
16,2.3541894,0.17092311,0.35430466378001635,11.351202011108398,2.0679116249084473
32,2.1825056,0.21681646,0.4450477618527553,13.104286193847656,2.1559128761291504
