train_sample_num,rmse,nrmse,r2,nll,time
4,1.6668886,0.20782,0.3435141887885017,3.468045711517334,2.042654514312744
8,1.8587343,0.1011667,0.18370556790293135,8.513070106506348,2.133359909057617
16,1.7872283,0.09720011,0.24530354639663943,6.605219841003418,1.9993598461151123
32,1.8713588,0.08162297,0.17257945752453108,11.315574645996094,2.100973606109619
