train_sample_num,rmse,nrmse,r2,nll,time
4,2.2313051,0.106844746,0.18269035623750574,5.25621223449707,2.0681707859039307
8,2.2297606,0.10423282,0.18382165683313967,8.40049934387207,2.107314348220825
16,2.0173628,0.1703181,0.3319074080173151,9.260710716247559,2.188425302505493
32,1.988104,0.12327234,0.3511461995588502,13.544742584228516,2.146493673324585
