train_sample_num,rmse,nrmse,r2,nll,time
4,21479.324,0.19210109,-1.8784424625049896,10.809666633605957,3.133863925933838
8,17948.182,0.14048474,-1.0098205362286454,10.867033958435059,2.9390602111816406
16,15006.915,0.09742151,-0.4050739814385105,10.834796905517578,3.020587682723999
32,15576.829,0.110775426,-0.513820834006395,10.536572456359863,3.4286301136016846
