train_sample_num,rmse,nrmse,r2,nll,time
4,14979.194,0.13351664,-0.6297702382179784,11.54043197631836,5.134720325469971
8,13333.08,0.09532527,-0.2912501934717717,11.944005012512207,4.432698488235474
16,14340.996,0.092499904,-0.49385349081767527,10.55807113647461,5.605921030044556
32,13561.623,0.094653286,-0.3358964674686884,11.33561897277832,6.947509288787842
