train_sample_num,rmse,nrmse,r2,nll,time
4,19624.805,0.20629644,-1.4028523072225942,10.556536674499512,0.9834842681884766
8,16016.933,0.15267366,-0.6005714179306507,10.2932767868042,1.1158554553985596
16,14157.1455,0.12377985,-0.25045423644594234,10.10957145690918,1.0968012809753418
32,13778.194,0.17048228,-0.18440698911371012,10.145944595336914,1.1130118370056152
