train_sample_num,rmse,nrmse,r2,nll,time
4,0.7060118,0.14662467,0.030441130170544506,0.5257827639579773,1.1675920486450195
8,0.69828916,0.13581248,0.051535791124087016,0.5720910429954529,1.1510703563690186
16,0.69735694,0.13910186,0.0540665381239992,0.5707105398178101,1.1189007759094238
32,0.694975,0.17755401,0.06051740568029873,0.5820501446723938,1.2336335182189941
