train_sample_num,rmse,nrmse,r2,nll,time
4,15782.119,0.08802815,-0.20943761417281137,10.237648010253906,4.5397350788116455
8,14329.852,0.10094376,0.0029059689893048413,10.070287704467773,4.189253330230713
16,14393.985,0.084311955,-0.00603911288208514,10.116387367248535,4.148761749267578
32,13266.601,0.07588249,0.14538198733928465,9.9641695022583,4.366009950637817
