train_sample_num,rmse,nrmse,r2,nll,time
4,13308.524,0.15154478,-0.10503525372773881,10.011122703552246,4.005048513412476
8,13033.802,0.15310274,-0.05988445996979519,10.04025650024414,5.019392251968384
16,13116.528,0.14957553,-0.07338157244460253,10.023390769958496,6.7970569133758545
32,11609.877,0.13494061,0.15904727092194115,9.850685119628906,5.113800525665283
