train_sample_num,rmse,nrmse,r2,nll,time
4,14096.142,0.09908118,-0.3699611966650247,11.116560935974121,3.420602798461914
8,14056.555,0.10662766,-0.3622772587914682,10.066814422607422,3.4095711708068848
16,11980.2705,0.102942884,0.010442646521565457,9.882181167602539,3.61202073097229
32,11584.463,0.10114823,0.07474898043888212,9.864917755126953,3.976869583129883
