train_sample_num,rmse,nrmse,r2,nll,time
4,26293.713,0.13152231,-2.3570403865461724,10.725151062011719,3.526301860809326
8,22194.73,0.076392464,-1.391952210847121,10.637596130371094,3.7470431327819824
16,18324.02,0.10748635,-0.6304003532438709,10.309240341186523,3.7659993171691895
32,17721.982,0.100844875,-0.525026421509398,10.25659465789795,3.6554646492004395
