train_sample_num,rmse,nrmse,r2,nll,time
4,16341.641,0.14549959,-0.8411921213551419,10.268555641174316,4.41511869430542
8,16662.49,0.076086126,-0.9142008815919174,10.20400619506836,4.5238847732543945
16,16579.04,0.08298886,-0.8950749492630201,10.214427947998047,4.368730068206787
32,12912.631,0.076954395,-0.1495747190534371,9.975388526916504,3.6244688034057617
