train_sample_num,rmse,nrmse,r2,nll,time
4,27215.324,0.21554574,-3.6210785363656806,10.88943099975586,3.5093696117401123
8,19192.209,0.19838943,-1.2980857399879762,10.420296669006348,3.544301986694336
16,14117.524,0.12878044,-0.24346468445218372,10.041572570800781,3.271634817123413
32,14258.22,0.15101998,-0.2683727897464052,10.057303428649902,3.3880374431610107
