train_sample_num,rmse,nrmse,r2,nll,time
4,0.70728195,0.1265393,0.026949161571139357,0.3367033898830414,0.7554335594177246
8,0.69976014,0.11551222,0.04753550807436013,0.4062034487724304,0.8022065162658691
16,0.6979056,0.11874343,0.05257732466756637,0.38820716738700867,0.7974004745483398
32,0.6928476,0.16462842,0.06626037246809602,0.37174057960510254,0.7629969120025635
