train_sample_num,rmse,nrmse,r2,nll,time
4,14723.247,0.103651024,-0.5745505081533702,10.411787986755371,3.6487698554992676
8,13491.363,0.08789018,-0.3220901340817184,10.003643035888672,3.959641218185425
16,14267.372,0.08719444,-0.47855466645822897,10.071842193603516,4.350778579711914
32,12591.818,0.09366389,-0.1516654158413413,9.91049861907959,4.1626296043396
