train_sample_num,rmse,nrmse,r2,nll,time
4,31.654444,3.4050772,-938.6133120005064,1642.492919921875,2.723886013031006
8,29.029541,3.4737926,-789.242025647999,2055.767333984375,2.707993268966675
16,26.942106,4.0355024,-679.6799597473293,2662.434326171875,2.7324912548065186
32,25.599586,7.2011347,-613.5336699098766,3502.5380859375,2.71307110786438
