train_sample_num,rmse,nrmse,r2,nll,time
4,31.682482,3.2396195,-1362.2542751100161,1660.0037841796875,2.880978584289551
8,28.625698,4.3801374,-1111.8858879626148,2159.815673828125,2.5342068672180176
16,27.23482,3.927381,-1006.3664080918464,2916.560302734375,2.554229259490967
32,25.40473,6.347444,-875.5318613608285,3838.175048828125,2.613466739654541
