train_sample_num,rmse,nrmse,r2,nll,time
4,32.028526,5.8109293,-1435.8310643125637,1766.5128173828125,2.6908576488494873
8,28.748705,5.1745296,-1156.626282859798,2131.474609375,2.792827606201172
16,26.8949,4.4456167,-1012.1451844660794,2844.153076171875,2.629366874694824
32,26.01058,4.71135,-946.6149751877326,3815.949462890625,2.684805154800415
