train_sample_num,rmse,nrmse,r2,nll,time
4,31.46156,5.185122,-1150.4638992158928,1608.84326171875,2.6579630374908447
8,29.077633,4.3783875,-982.5762596496951,1988.9317626953125,2.6582555770874023
16,26.940474,7.3041797,-843.3069368968919,2647.72412109375,2.6420321464538574
32,25.227144,7.2956967,-739.3312010445825,3240.023681640625,2.6439802646636963
