train_sample_num,rmse,nrmse,r2,nll,time
4,30.87942,8.748917,-963.1571506224726,1599.8807373046875,2.7851920127868652
8,28.378988,6.5573044,-813.3354381467809,2007.9034423828125,2.6770331859588623
16,26.83852,5.156198,-727.3274149105922,2526.5107421875,2.702557325363159
32,25.556696,6.869523,-659.4180486805558,3535.433837890625,3.091585874557495
