train_sample_num,rmse,nrmse,r2,nll,time
4,7.5629306,0.71062535,-52.636456516699035,486.94305419921875,2.689387321472168
8,4.425654,0.448033,-17.36685221578715,162.61793518066406,2.64447283744812
16,2.4722712,0.34952018,-4.731548895152967,47.764102935791016,2.7670695781707764
32,0.87289435,0.2182106,0.2854984566248533,4.454017639160156,3.194643020629883
