train_sample_num,rmse,nrmse,r2,nll,time
4,6.6356177,1.9785872,-43.52175103224012,198.17579650878906,2.4628894329071045
8,3.6194074,1.2497215,-12.245991772240371,57.59050750732422,2.362001657485962
16,2.13152,0.35627946,-3.5939725955253037,18.858932495117188,2.401015520095825
32,0.9562592,0.23320758,0.07538528106923881,2.7237861156463623,2.410968780517578
