train_sample_num,rmse,nrmse,r2,nll,time
4,7.1743813,1.3137339,-58.87683383538909,377.5482482910156,2.6107122898101807
8,4.0915236,0.63674265,-18.474215530803253,120.21449279785156,2.6231768131256104
16,1.8902097,0.36025307,-3.1563283727017764,23.939537048339844,2.533196449279785
32,0.7770584,0.25415346,0.2975794859808353,2.6757233142852783,2.5479886531829834
