train_sample_num,rmse,nrmse,r2,nll,time
4,7.6834583,1.2141467,-81.68853109180384,565.7528686523438,2.622343063354492
8,3.9554694,0.4573892,-20.914314820808215,147.84262084960938,2.6407926082611084
16,2.0460758,0.21521056,-4.863748498669495,37.235755920410156,2.6377601623535156
32,1.283865,0.13967846,-1.308715681563672,13.231968879699707,2.6943681240081787
