train_sample_num,rmse,nrmse,r2,nll,time
4,7.4178157,0.6151084,-73.7292403702817,509.891357421875,2.678938865661621
8,3.5975783,0.43156588,-16.577575595412203,116.99603271484375,2.4837021827697754
16,2.2809708,0.24167214,-6.06606993545153,44.9454231262207,2.569141149520874
32,0.89057773,0.15238056,-0.07716487868830701,5.184391498565674,2.5400567054748535
