train_sample_num,rmse,nrmse,r2,nll,time
4,35.139557,4.587808,-1435.4233028378037,6.014249324798584,5.799743413925171
8,33.84512,3.9135647,-1331.545335174109,6.007991313934326,5.381455659866333
16,32.515377,7.7557054,-1228.8933820724835,6.045987606048584,4.513043165206909
32,31.859745,6.954323,-1179.794870564073,6.078240871429443,6.449819326400757
