train_sample_num,rmse,nrmse,r2,nll,time
4,36.191708,3.371104,-1777.9208294309533,6.138612747192383,5.060060024261475
8,34.01857,5.6587625,-1570.703478498415,6.107692718505859,4.70515775680542
16,33.95314,4.971063,-1564.6634455557526,6.152867317199707,4.1480371952056885
32,33.098255,7.9215593,-1486.8140363770303,6.153860569000244,5.275320053100586
