train_sample_num,rmse,nrmse,r2,nll,time
4,36.120975,3.1687226,-1222.4853345180231,6.559434413909912,4.023051023483276
8,34.712128,3.5235202,-1128.905901044761,6.564183235168457,3.9510390758514404
16,33.485947,4.8238006,-1050.489706013723,6.542011260986328,4.065329313278198
32,32.506977,6.620254,-989.9071017763733,6.544438362121582,4.763702154159546
