train_sample_num,rmse,nrmse,r2,nll,time
4,36.811573,5.6439457,-1897.0187488690663,5.988340377807617,4.297022342681885
8,34.7366,4.888389,-1689.0767530007397,6.020806789398193,4.083856582641602
16,33.686207,4.6873655,-1588.4102473827065,6.003576755523682,4.593075275421143
32,33.325768,5.00497,-1554.5789942849196,6.000772476196289,5.22799015045166
