train_sample_num,rmse,nrmse,r2,nll,time
4,35.289764,8.339458,-1258.2359515803444,6.193179130554199,4.779438018798828
8,34.18953,7.3666425,-1180.9410529114955,6.1863274574279785,4.6456921100616455
16,33.476334,5.697406,-1132.1445092133029,6.181193828582764,3.861164093017578
32,32.738667,7.2090487,-1082.7559375202936,6.183528900146484,4.594496011734009
