train_sample_num,rmse,nrmse,r2,nll,time
4,1.0632645,0.22672252,-0.3151414870918663,0.925437331199646,2.3970305919647217
8,1.0436779,0.21831152,-0.2671348234196873,1.0663652420043945,2.335818290710449
16,1.0491977,0.2138871,-0.2805735257736939,0.5393363833427429,2.2529115676879883
32,0.89814085,0.15940842,0.061620007486719475,0.5226451754570007,2.57417893409729
