train_sample_num,rmse,nrmse,r2,nll,time
4,0.97388834,0.14266497,-0.3284649606869994,0.44763678312301636,2.2548298835754395
8,0.9509755,0.1340977,-0.26669019673945793,0.5188314914703369,2.1631808280944824
16,0.9153295,0.12396009,-0.17350995368512034,0.4234464168548584,2.5983622074127197
32,0.6909794,0.07101695,0.33125274071590805,-0.21153484284877777,2.4098198413848877
