train_sample_num,rmse,nrmse,r2,nll,time
4,1.0306938,0.16868196,-0.07415945749677899,0.440481960773468,2.470705270767212
8,1.0033408,0.1725495,-0.017903229116106534,0.5871224403381348,2.4864261150360107
16,0.9944511,0.1593053,5.4413444801171273e-05,1.2344377040863037,2.428035020828247
32,0.5518125,0.11409088,0.6921120561677917,-0.33308354020118713,2.452049732208252
