train_sample_num,rmse,nrmse,r2,nll,time
4,1.1970041,0.175144,-0.3436033149201916,0.7383169531822205,2.2202398777008057
8,0.98227364,0.1480433,0.09521630286158766,0.6577677130699158,2.3101580142974854
16,0.8910641,0.21076542,0.2554433545362734,0.8333858251571655,2.2032816410064697
32,0.6443899,0.17510025,0.6106167446457702,0.12263066321611404,2.227126121520996
