train_sample_num,rmse,nrmse,r2,nll,time
4,0.9668271,0.19018394,-0.26950992528625806,0.46845299005508423,2.3271496295928955
8,0.8443663,0.16577192,0.03172153243924114,0.32423195242881775,2.4187753200531006
16,0.85739267,0.16856658,0.001615055740287863,0.5609663128852844,2.499274969100952
32,0.7573836,0.1816805,0.22094114653621588,0.5972754955291748,2.402723789215088
