train_sample_num,rmse,nrmse,r2,nll,time
4,9.159966,1.3213327,-96.60623586740552,81.40657043457031,2.258178472518921
8,5.389073,0.6656557,-32.784542978145545,39.291812896728516,2.38189959526062
16,2.4364834,0.48855555,-5.905842665323757,12.637657165527344,2.361508369445801
32,0.9902185,0.31230018,-0.14064880574484095,2.05293869972229,2.4213619232177734
