train_sample_num,rmse,nrmse,r2,nll,time
4,8.476978,3.121145,-71.65936779524284,73.44390106201172,2.2850468158721924
8,4.690789,1.1091689,-21.248534688784993,33.08934783935547,2.189831495285034
16,2.821152,0.36513767,-7.047528889030117,14.590156555175781,2.281334638595581
32,1.2501866,0.2437211,-0.5803713521586475,3.4339818954467773,2.268702983856201
