train_sample_num,rmse,nrmse,r2,nll,time
4,9.705913,1.6119043,-130.9485462935424,97.3614730834961,2.420330762863159
8,4.898518,0.55589426,-32.60943754506525,36.80401611328125,2.5375988483428955
16,2.5132751,0.2469586,-7.847323724414238,13.473426818847656,2.4500560760498047
32,1.5504718,0.15715218,-2.367127424777372,6.44932746887207,2.522705554962158
