train_sample_num,rmse,nrmse,r2,nll,time
4,9.491745,0.8012227,-83.48351882209161,86.26356506347656,2.565924882888794
8,5.453035,0.50305545,-26.884081822527683,41.09587097167969,2.5443081855773926
16,3.032223,0.37442487,-7.621882430393772,18.342992782592773,2.432154655456543
32,1.1383493,0.2408193,-0.21515278348573874,3.1531014442443848,2.607394218444824
