train_sample_num,rmse,nrmse,r2,nll,time
4,9.479959,0.6797593,-121.0538095596392,86.49152374267578,2.333829402923584
8,4.699059,0.5015917,-28.98888690530025,33.8250732421875,2.2512223720550537
16,2.9149008,0.2759014,-10.5394739040663,17.795122146606445,2.265894651412964
32,1.095258,0.17822118,-0.6291883691611109,2.996476173400879,2.2593867778778076
