train_sample_num,rmse,nrmse,r2,nll,time
4,116.81537,0.26609397,0.04886980542169794,5.3250298500061035,2.804757833480835
8,80.94805,0.0734217,0.5432771770079519,4.8865532875061035,2.332082748413086
16,69.949234,0.064965345,0.6589595849046556,4.826133728027344,2.260075330734253
32,74.89279,0.13799019,0.60905113938248,6.481203079223633,2.294682025909424
