train_sample_num,rmse,nrmse,r2,nll,time
4,86.2815,0.04994213,0.42822305031613206,6.108781337738037,2.441194534301758
8,74.54297,0.05972238,0.5732193787744982,5.80003547668457,2.3360302448272705
16,66.08844,0.06171138,0.6645388125714767,5.064211368560791,2.383572578430176
32,43.9917,0.06591811,0.8513610187969329,4.19672155380249,2.9817306995391846
