train_sample_num,rmse,nrmse,r2,nll,time
4,33.16903,0.10537577,0.37130949916300016,423.9803161621094,2.168964147567749
8,30.220686,0.087238446,0.4781087570948843,252.67205810546875,2.1857688426971436
16,27.873674,0.081414305,0.556023659438649,287.0414123535156,2.248617172241211
32,25.214846,0.10417206,0.636684500221554,332.6625671386719,2.2520296573638916
