train_sample_num,rmse,nrmse,r2,nll,time
4,85.13314,0.083954625,0.45969773076389764,11.635102272033691,2.1681289672851562
8,107.48723,0.11733372,0.13870229982350413,5.703964710235596,2.293473958969116
16,90.974495,0.10359714,0.38300905081252334,5.171257495880127,2.340035915374756
32,57.62738,0.10864282,0.7524304180383884,4.789223670959473,2.408522129058838
