train_sample_num,rmse,nrmse,r2,nll,time
4,149.33128,0.080045216,-0.9102103916094246,6.74001932144165,2.955564498901367
8,83.33198,0.06198611,0.40515592770841613,4.9123334884643555,3.1337201595306396
16,80.55043,0.10975349,0.4442039687237984,4.8409318923950195,2.5993340015411377
32,52.024776,0.083255425,0.7681536724801259,4.358764171600342,2.4928860664367676
