train_sample_num,rmse,nrmse,r2,nll,time
4,38.225903,0.15215696,0.2892868481649865,46.494869232177734,2.5787739753723145
8,33.19175,0.1185692,0.46415507438272374,9.206785202026367,2.4990456104278564
16,24.722809,0.12190153,0.7027139985293659,3.996788263320923,2.427987575531006
32,12.5617,0.16310813,0.9232504775537005,3.0065317153930664,2.55085825920105
