train_sample_num,rmse,nrmse,r2,nll,time
4,39.88149,0.16562286,0.22639089348668895,810.778564453125,2.2602431774139404
8,38.720768,0.15694398,0.2707660764676928,789.1007690429688,2.1828694343566895
16,33.174625,0.13230492,0.4647078403713797,420.4930114746094,2.54392409324646
32,18.378588,0.12536588,0.8357130218972861,349.7489013671875,2.155651569366455
