train_sample_num,rmse,nrmse,r2,nll,time
4,43.356075,0.1293078,0.24978686694125274,335.5513610839844,2.3401334285736084
8,34.843395,0.11001164,0.5154645165637081,298.77142333984375,2.350105047225952
16,22.463478,0.056828626,0.7986096504710346,195.99269104003906,2.412583351135254
32,19.16177,0.050617214,0.8534601004201429,161.9726104736328,2.716691017150879
