train_sample_num,rmse,nrmse,r2,nll,time
4,58.374138,0.082915634,-0.6065595633928011,5.585555553436279,2.524888515472412
8,35.32467,0.07408595,0.4116820610937125,10.481196403503418,2.5263023376464844
16,22.643633,0.078567594,0.7582602141318516,3.7171268463134766,2.5196831226348877
32,20.885506,0.09318085,0.7943418604492181,4.2804155349731445,2.583888530731201
