train_sample_num,rmse,nrmse,r2,nll,time
4,39.079227,0.102618665,0.3904959158336163,8.616147994995117,2.682227373123169
8,37.540134,0.12232341,0.43755985817598797,16.83001708984375,2.586690664291382
16,23.607864,0.17209056,0.7775676109651835,4.169775009155273,2.8704800605773926
32,33.95535,0.18475786,0.5398482418945105,10.956315040588379,2.7262167930603027
