train_sample_num,rmse,nrmse,r2,nll,time
4,38.760544,0.18959837,0.1414788696533632,32.323699951171875,2.5327696800231934
8,28.380407,0.10126428,0.5397343747180912,4.171483993530273,2.442775249481201
16,21.042458,0.088340856,0.746974515098583,3.410114049911499,2.5388948917388916
32,26.566872,0.15436491,0.5966777927615434,8.8767728805542,2.4817495346069336
