train_sample_num,rmse,nrmse,r2,nll,time
4,51.10878,0.0930518,0.02398320133568732,16.887975692749023,3.233888864517212
8,38.949223,0.10771736,0.4331556295032025,5.860999584197998,2.2024877071380615
16,26.319658,0.061517976,0.7411627801773413,4.485289096832275,2.488901138305664
32,30.058426,0.10579578,0.6624028813402487,10.079096794128418,2.471259593963623
