train_sample_num,rmse,nrmse,r2,nll,time
4,39.769882,0.12284273,0.2542993261140023,332.4594421386719,2.2452597618103027
8,34.85213,0.098776944,0.42731665296146415,343.14434814453125,2.2177248001098633
16,21.767147,0.101974465,0.7766124396395422,213.1791534423828,2.2085301876068115
32,16.113184,0.04619757,0.8775895126763534,170.4065399169922,2.322640895843506
