train_sample_num,rmse,nrmse,r2,nll,time
4,31.875563,0.1036761,0.4193866234581386,1154.2254638671875,2.763378381729126
8,30.31996,0.09687841,0.4746744292008479,1023.62939453125,3.496319055557251
16,25.931746,0.07625832,0.6157314643015654,744.4393920898438,3.5767784118652344
32,21.92418,0.07892763,0.7253257090615424,535.5847778320312,2.9455196857452393
