train_sample_num,rmse,nrmse,r2,nll,time
4,40.815025,0.15876234,0.18975006929113625,2587.02197265625,3.3657424449920654
8,39.710747,0.1537864,0.23300069501710408,2256.234619140625,2.7395639419555664
16,30.592804,0.12359529,0.5447840967720989,1068.6925048828125,2.8418378829956055
32,17.3087,0.12065669,0.8542838231235833,358.51031494140625,2.723996639251709
