train_sample_num,rmse,nrmse,r2,nll,time
4,110.429054,0.09309784,0.09091150499036815,5.675225257873535,0.8868377208709717
8,80.55979,0.09870828,0.516188583737071,5.0725178718566895,0.750114917755127
16,63.694126,0.091416664,0.6975606249975435,4.929910659790039,0.8763096332550049
32,42.006706,0.13930781,0.8684542703120463,4.725900650024414,0.9378118515014648
