train_sample_num,rmse,nrmse,r2,nll,time
4,43.325474,0.17251469,0.08701103287568368,7.808290004730225,1.0380396842956543
8,36.68049,0.15702792,0.34559129483614204,4.804854869842529,1.0246119499206543
16,23.833515,0.16306046,0.7237164127747753,3.61759090423584,0.8895039558410645
32,8.843757,0.08623145,0.9619589558009534,3.7049813270568848,0.9896819591522217
