train_sample_num,rmse,nrmse,r2,nll,time
4,97.880714,0.046229526,0.2641562594373418,4.939818859100342,1.2530293464660645
8,77.111946,0.04618837,0.5432961297712045,4.775697231292725,0.7790350914001465
16,66.97665,0.04116274,0.6554612623706901,4.6957292556762695,0.8509573936462402
32,44.182346,0.0412474,0.8500698945917005,4.720344066619873,0.8348026275634766
