train_sample_num,rmse,nrmse,r2,nll,time
4,51.23568,0.07997154,0.019130388553368127,5.955482006072998,0.9822945594787598
8,42.34507,0.0718587,0.3300043651244291,4.220398426055908,1.1371605396270752
16,28.295298,0.05070432,0.7008460152657041,3.898104190826416,0.9796557426452637
32,21.143335,0.046626456,0.8329628023238806,3.7775838375091553,1.0486207008361816
