train_sample_num,rmse,nrmse,r2,nll,time
4,96.03886,0.06932883,0.3571140942554968,5.368868827819824,0.9227848052978516
8,122.23872,0.06802081,-0.041495675946829014,5.217446804046631,0.7974920272827148
16,82.367905,0.04877597,0.5271145124850762,4.942410945892334,1.216386318206787
32,67.01681,0.041757155,0.6869545484918697,4.938339710235596,0.9835405349731445
