train_sample_num,rmse,nrmse,r2,nll,time
4,33.649616,0.07392938,0.46615381454529126,4.351292610168457,0.8641133308410645
8,22.09531,0.032501474,0.7698260499497379,3.8735601902008057,1.2492294311523438
16,18.132977,0.10005421,0.8449777067751806,3.8238158226013184,0.9196004867553711
32,12.8695135,0.06359637,0.921912737139471,3.7887232303619385,0.8841443061828613
