train_sample_num,rmse,nrmse,r2,nll,time
4,102.53619,0.16106878,0.09939560609044662,5.759673595428467,0.9541044235229492
8,93.65357,0.055480484,0.2486740779523846,5.031678676605225,0.8251771926879883
16,64.67833,0.1481759,0.6416583395297075,5.046131134033203,0.8404290676116943
32,45.051895,0.08615243,0.8261375112917833,4.97845458984375,0.8748164176940918
