train_sample_num,rmse,nrmse,r2,nll,time
4,35.928326,0.1011964,0.4848205090880965,4.00474214553833,1.0024011135101318
8,18.665186,0.10338125,0.8609569332483535,3.583087682723999,0.8662185668945312
16,13.048056,0.05211533,0.932052066554476,3.7959792613983154,1.0121383666992188
32,9.984202,0.083240144,0.9602157256483671,3.8119916915893555,1.0121562480926514
