train_sample_num,rmse,nrmse,r2,nll,time
4,53.090992,0.09490258,-0.05319265606600698,4372.49462890625,2.6550793647766113
8,30.715454,0.058626346,0.6474829391538136,741.196533203125,2.6072678565979004
16,30.221033,0.0556249,0.6587403758936554,705.1375122070312,2.954960346221924
32,26.698772,0.051488142,0.7336523704252131,549.2382202148438,2.8685719966888428
