train_sample_num,rmse,nrmse,r2,nll,time
4,26.91931,0.1156199,0.5859058044543404,3.7565386295318604,1.04054856300354
8,24.406113,0.13970678,0.6596164888087481,3.69148325920105,0.9375154972076416
16,18.909138,0.096488595,0.7956781681838134,3.617042303085327,1.1373612880706787
32,11.585129,0.15624148,0.923303940069615,3.525702714920044,0.9306910037994385
