train_sample_num,rmse,nrmse,r2,nll,time
4,41.711063,0.12990008,0.305636007324916,2043.4766845703125,3.7421875
8,35.756603,0.12750112,0.489733376482819,1507.7293701171875,3.0286965370178223
16,25.576107,0.0770719,0.7389320599837086,869.2759399414062,3.2129828929901123
32,17.823643,0.045029458,0.8732121787014815,373.4122619628906,3.1417646408081055
