train_sample_num,rmse,nrmse,r2,nll,time
4,27.251097,0.09454016,0.5756351894757524,7.696499824523926,4.279999256134033
8,23.606594,0.08966741,0.6815523757055997,8.191473960876465,4.676119089126587
16,21.79758,0.08607134,0.7284887325302059,7.855611801147461,4.215188264846802
32,17.979332,0.13594353,0.8152781099860308,7.84390115737915,7.13004994392395
