train_sample_num,rmse,nrmse,r2,nll,time
4,106.09363,0.16518067,0.035819566786225776,9.15093994140625,1.431884765625
8,98.02288,0.058438964,0.1769341134833099,7.541438579559326,1.453221321105957
16,65.76081,0.14676318,0.6295633152436964,7.733145236968994,1.3269336223602295
32,41.830635,0.09435766,0.8501113771100064,7.715918064117432,1.4244742393493652
