train_sample_num,rmse,nrmse,r2,nll,time
4,49.76805,0.077521935,0.0745189740291512,7.435619354248047,1.5334696769714355
8,41.831955,0.07263109,0.3461433139842556,7.9376912117004395,2.1999576091766357
16,27.60057,0.050015364,0.7153557985392319,7.415168285369873,1.3605804443359375
32,18.177666,0.04399626,0.876535409271186,7.485508918762207,1.5883476734161377
