train_sample_num,rmse,nrmse,r2,nll,time
4,97.505424,0.046511367,0.2697881680562403,8.34201431274414,1.3596370220184326
8,77.762634,0.04709709,0.5355561259826156,7.2379279136657715,1.3862242698669434
16,62.41335,0.042576812,0.7008105362419189,7.259840488433838,1.4641098976135254
32,42.02416,0.045264058,0.8643594909238144,7.369670867919922,1.3788566589355469
