train_sample_num,rmse,nrmse,r2,nll,time
4,60.649532,0.05736047,0.638278980914653,7.933536529541016,1.4821226596832275
8,61.039757,0.06918507,0.6336093446223736,7.25162410736084,1.4132869243621826
16,46.759468,0.049257025,0.7849903621436609,7.157158851623535,1.330014705657959
32,38.551952,0.06725856,0.8538456986047142,7.124805450439453,1.4857933521270752
