train_sample_num,rmse,nrmse,r2,nll,time
4,33.927887,0.08944325,0.4572879323970257,7.267011642456055,4.794291257858276
8,25.907572,0.05686658,0.6835469411846735,7.2867841720581055,5.9983532428741455
16,15.694063,0.06775654,0.8838747518711227,7.5473127365112305,4.6300225257873535
32,17.055328,0.07997857,0.8628562085932505,7.414315700531006,4.8402016162872314
