train_sample_num,rmse,nrmse,r2,nll,time
4,43.35477,0.17295605,0.08577599882388875,6.249248027801514,1.4490516185760498
8,38.133694,0.16471608,0.2927115624346799,5.8358154296875,1.5537986755371094
16,22.693087,0.13961385,0.7495241072433831,6.15427303314209,1.388824701309204
32,6.783563,0.09191901,0.9776182223612926,6.564601898193359,1.589249610900879
