train_sample_num,rmse,nrmse,r2,nll,time
4,31.83452,0.065980755,0.5221929581824154,7.8654561042785645,1.4661362171173096
8,22.667103,0.033041216,0.7577588558984841,6.804805755615234,1.4675564765930176
16,17.160511,0.10710068,0.8611594376327298,6.720973491668701,1.4213488101959229
32,11.279127,0.062652424,0.940019943951658,6.753840923309326,1.6378846168518066
