train_sample_num,rmse,nrmse,r2,nll,time
4,35.025658,0.09667727,0.5103821594279108,6.667132377624512,1.455329179763794
8,15.859493,0.09340125,0.8996162826342167,6.188212871551514,1.3830065727233887
16,10.827942,0.04327597,0.9532074728370117,6.503790378570557,1.3792798519134521
32,8.866955,0.14768833,0.968621391556367,6.554240703582764,1.5825586318969727
