train_sample_num,rmse,nrmse,r2,nll,time
4,36.342194,0.15026827,0.3576064864585924,6.73941707611084,6.765631914138794
8,35.643726,0.1525162,0.38206166602981806,6.95899772644043,5.640003442764282
16,23.87733,0.14647943,0.7226996440480586,7.046074390411377,5.302394866943359
32,14.0418,0.19971159,0.904098723873302,6.978175163269043,4.506056785583496
