train_sample_num,rmse,nrmse,r2,nll,time
4,26.370293,0.12076768,0.6026243792421049,6.942671298980713,1.429840087890625
8,24.27219,0.13512635,0.6633417620525129,6.493234634399414,1.4419996738433838
16,17.251862,0.10199104,0.8299239318876828,6.737636089324951,1.385007619857788
32,10.701218,0.19480379,0.9345608343546545,6.53415584564209,1.5652949810028076
