train_sample_num,rmse,nrmse,r2,nll,time
4,109.112114,0.09442266,0.1124651484111866,8.050361633300781,1.5267930030822754
8,77.95732,0.08778218,0.5469425038887505,8.55850601196289,1.3991377353668213
16,57.914116,0.08482839,0.7499606781152728,8.61262321472168,1.2276089191436768
32,39.18842,0.09971544,0.8855133088025554,8.201457023620605,1.3771960735321045
