train_sample_num,rmse,nrmse,r2,nll,time
4,95.68932,0.070320085,0.3617851226090021,9.443546295166016,1.3494515419006348
8,125.19258,0.0707723,-0.09243879063527438,8.53210735321045,1.1496257781982422
16,80.54015,0.04979806,0.5478685285989857,8.141897201538086,1.345139980316162
32,59.301994,0.04006873,0.7548801372179466,8.290796279907227,1.3372938632965088
