train_sample_num,rmse,nrmse,r2,nll,time
4,44.750145,0.08317516,0.25173546086151477,5.307137489318848,4.776860952377319
8,24.573322,0.052625265,0.7743714905003722,7.1590094566345215,5.040955066680908
16,25.312145,0.048895933,0.7606000155541417,7.1775126457214355,4.465292453765869
32,22.721384,0.051365685,0.8070983813508129,7.191118240356445,4.910133123397827
