train_sample_num,rmse,nrmse,r2,nll,time
4,42.533737,0.10646308,-0.03380449589051482,4.818877696990967,2.570441484451294
8,37.461468,0.10803095,0.19806181169456194,4.191152572631836,2.4958109855651855
16,21.258223,0.072379656,0.7417589776303715,3.3847994804382324,2.53853440284729
32,9.920564,0.12244022,0.943760163600905,2.7834763526916504,2.492845058441162
