train_sample_num,rmse,nrmse,r2,nll,time
4,49.65351,0.14651519,0.01602382070907038,5.02443790435791,4.87860369682312
8,49.207344,0.16175015,0.03362760894062622,4.810807704925537,5.278651714324951
16,14.077985,0.038340308,0.920901974484581,3.1204922199249268,5.231563568115234
32,7.5530453,0.03866812,0.9772317923914874,2.6525800228118896,5.6066203117370605
