train_sample_num,rmse,nrmse,r2,nll,time
4,119.21372,0.06154382,-0.09155051970615613,6.273392200469971,2.98116135597229
8,91.704254,0.049124856,0.354092638838986,5.269842624664307,2.5266780853271484
16,78.39217,0.04809276,0.5280057064244195,4.903573989868164,2.88814377784729
32,51.331005,0.028843531,0.7976277642664639,4.20430850982666,2.5680792331695557
