train_sample_num,rmse,nrmse,r2,nll,time
4,47.11713,0.13779274,-0.07978315066050778,469.3883056640625,2.2223739624023438
8,46.051414,0.13170901,-0.031489363318726094,447.2911682128906,2.4471821784973145
16,45.294888,0.12738511,0.0021226046463389547,451.54571533203125,2.48197078704834
32,37.774456,0.10059456,0.30597486763779236,367.6021423339844,3.309920072555542
