train_sample_num,rmse,nrmse,r2,nll,time
4,43.698452,0.10859656,-0.09119758503129405,381.04156494140625,2.9898974895477295
8,42.33395,0.121331796,-0.024115488340417324,363.6659240722656,2.7420520782470703
16,41.761887,0.11815377,0.003375305008314733,385.6826477050781,2.4445109367370605
32,39.157784,0.09479621,0.12379118774667786,403.48480224609375,2.536217451095581
