train_sample_num,rmse,nrmse,r2,nll,time
4,56.489033,0.18893754,-0.5044722361038145,781.940673828125,2.4057366847991943
8,48.01269,0.15128112,-0.08684607098442876,533.325439453125,2.430612087249756
16,46.92907,0.14462699,-0.03834054763702288,525.6826782226562,2.4896395206451416
32,43.76557,0.121074796,0.096930694169445,518.7511596679688,2.376812219619751
