train_sample_num,rmse,nrmse,r2,nll,time
4,97.98554,0.12143019,0.05584607919387563,5.046631336212158,2.5138461589813232
8,85.99482,0.08240075,0.2727841262005132,4.899335861206055,2.4222607612609863
16,62.30107,0.056461096,0.6183108107850671,4.430542469024658,2.3355934619903564
32,38.97457,0.05782634,0.8506237432485795,3.9029483795166016,2.2550368309020996
