train_sample_num,rmse,nrmse,r2,nll,time
4,131.33745,0.10043452,-0.28592773147025885,8.564796447753906,2.7489728927612305
8,78.49389,0.0761813,0.5406843953038096,4.847964763641357,3.11007022857666
16,56.272484,0.087263204,0.7639350141559168,4.595437526702881,2.7847445011138916
32,43.72865,0.060655802,0.8574485573752317,4.194433689117432,2.5900752544403076
