train_sample_num,rmse,nrmse,r2,nll,time
4,56.94265,0.097114906,-0.2115506918099157,637.9593505859375,2.2527029514312744
8,55.16727,0.09143911,-0.137180077023082,603.9793090820312,2.3651576042175293
16,53.403522,0.08512227,-0.06562904827058658,602.279052734375,2.3974242210388184
32,49.3663,0.09325757,0.08940058991805988,611.564697265625,2.7185733318328857
