train_sample_num,rmse,nrmse,r2,nll,time
4,48.53197,0.17860265,-0.11048264058111523,4.447927474975586,3.4230551719665527
8,39.537724,0.1758874,0.2629801032702186,3.996363878250122,3.445003032684326
16,20.990736,0.113359444,0.7922642491706938,3.482250452041626,4.557674884796143
32,9.899047,0.060177155,0.9537999308919792,2.7800514698028564,5.2511255741119385
