train_sample_num,rmse,nrmse,r2,nll,time
4,45.398502,0.16918206,-0.002448127856532256,19.82665252685547,2.7511096000671387
8,43.97797,0.16697797,0.05930408604473514,5.9698262214660645,2.658452033996582
16,28.255028,0.121156,0.6116973588023185,3.9832992553710938,2.5471720695495605
32,7.1519895,0.06073422,0.9751210197212115,2.6502127647399902,2.7269883155822754
