train_sample_num,rmse,nrmse,r2,nll,time
4,115.858696,0.072002314,0.06438501666167551,5.278250694274902,2.7339463233947754
8,82.20862,0.04440123,0.5289417363727569,4.815832138061523,3.4447903633117676
16,75.40623,0.04102597,0.6036724164342189,4.617246627807617,3.0819308757781982
32,58.587395,0.035777222,0.7607520072758507,4.524993419647217,3.1008007526397705
