train_sample_num,rmse,nrmse,r2,nll,time
4,50.522945,0.12072791,-0.018736729312900158,567.001708984375,2.476745843887329
8,51.5977,0.1261466,-0.06254007969325692,557.9677734375,2.427394151687622
16,46.620483,0.12619397,0.13256245796870825,508.4736022949219,2.45878267288208
32,44.06807,0.14612724,0.2249446708847168,513.2296142578125,2.5762434005737305
