train_sample_num,rmse,nrmse,r2,nll,time
4,62.903084,0.10541194,-0.47846175352756415,17.518741607666016,2.4533956050872803
8,29.120922,0.06623049,0.683133371093471,3.6447973251342773,2.4771156311035156
16,26.001545,0.057001945,0.7473818301355374,4.12272834777832,2.412651777267456
32,15.440521,0.041709978,0.9109179576560522,3.0640764236450195,2.4878251552581787
