train_sample_num,rmse,nrmse,r2,nll,time
4,36.889317,0.17655236,0.22237076419294177,4.1044111251831055,3.688293933868408
8,26.953508,0.09426957,0.5848529971437517,3.832629442214966,3.252790927886963
16,22.45471,0.09708407,0.7118715397275394,3.531367301940918,3.2531144618988037
32,12.133493,0.10798794,0.9158715307747003,2.910426139831543,3.5169451236724854
