train_sample_num,rmse,nrmse,r2,nll,time
4,33.16094,0.10510885,0.37161616288573074,403.0523376464844,2.2257068157196045
8,31.188608,0.09637306,0.44414273679819194,410.9188537597656,2.1775155067443848
16,26.670975,0.076861374,0.5935107471802323,380.45428466796875,2.223043441772461
32,22.3874,0.079283066,0.7135962552073936,363.1898193359375,2.1920995712280273
