train_sample_num,rmse,nrmse,r2,nll,time
4,51.0809,0.092993535,0.025047788327042575,15.082425117492676,5.566731929779053
8,45.681305,0.09229698,0.22027181642761684,4.724117755889893,4.809265613555908
16,27.642357,0.06199755,0.7144932656901759,4.190609931945801,5.161889314651489
32,21.527065,0.06378173,0.8268446706492217,3.590731620788574,4.03139328956604
