train_sample_num,rmse,nrmse,r2,nll,time
4,74.52573,0.09781451,0.45382566425015314,5.2256951332092285,3.3570377826690674
8,56.60658,0.08036333,0.684896904703344,4.546623706817627,2.5152227878570557
16,42.80083,0.051534057,0.8198545747729042,4.205138683319092,2.6456005573272705
32,35.69521,0.1314397,0.8747035758009305,3.942648410797119,2.5963821411132812
