train_sample_num,rmse,nrmse,r2,nll,time
4,51.912617,0.09322806,-0.006959857124562596,1113.5191650390625,2.3542518615722656
8,31.156301,0.05964985,0.6372912617224333,365.2620849609375,2.339141368865967
16,30.71231,0.05680818,0.6475551384365412,427.9295349121094,2.24668288230896
32,26.926662,0.052014213,0.7290860951685586,413.21356201171875,2.2320022583007812
