train_sample_num,rmse,nrmse,r2,nll,time
4,39.22508,0.1246884,0.2745900334805641,434.041259765625,2.211782693862915
8,35.243904,0.10915046,0.4143691824476661,523.717529296875,2.2163798809051514
16,24.448786,0.114784054,0.7181808466279006,385.69708251953125,2.5281822681427
32,17.265781,0.050391547,0.8594507813276282,251.2867431640625,2.2761151790618896
