train_sample_num,rmse,nrmse,r2,nll,time
4,115.664505,0.25864935,0.0675187394931982,5.242584705352783,2.5415844917297363
8,102.06618,0.081791826,0.27388792232942283,5.001907825469971,3.1929492950439453
16,74.25452,0.06369692,0.6156864973481009,4.717103958129883,3.3329033851623535
32,59.075615,0.061047364,0.7567480032558314,4.471789360046387,2.960905075073242
