train_sample_num,rmse,nrmse,r2,nll,time
4,86.41028,0.050028086,0.42651501124308155,6.036671161651611,2.395230770111084
8,77.390434,0.062111266,0.5399914429131656,5.538903713226318,2.1749794483184814
16,69.03176,0.05542886,0.6339931419643063,4.804144382476807,2.2929487228393555
32,34.913208,0.039376386,0.9063795371567164,4.0757622718811035,2.39477801322937
