train_sample_num,rmse,nrmse,r2,nll,time
4,84.83141,0.082794756,0.4635208391395933,6.564549446105957,2.5281665325164795
8,105.469574,0.1120074,0.17073397217003428,5.339062690734863,2.656050205230713
16,88.91082,0.100893684,0.41068328409230304,5.083772659301758,2.520942449569702
32,38.073853,0.08249504,0.8919330036893867,4.136837005615234,2.623507022857666
