train_sample_num,rmse,nrmse,r2,nll,time
4,36.47273,0.094818056,0.46908970587545573,4.884008884429932,3.3800101280212402
8,21.19121,0.11477344,0.8207760033820662,3.625297784805298,3.3414385318756104
16,11.038112,0.045905408,0.9513733666521653,3.0913913249969482,3.1748573780059814
32,8.760181,0.15588805,0.9693725499520309,2.861358404159546,2.9868853092193604
