train_sample_num,rmse,nrmse,r2,nll,time
4,38.33766,0.15293668,0.28512503061051975,12.102302551269531,3.5332703590393066
8,34.057983,0.1337117,0.4358212601472975,4.9059953689575195,3.4598019123077393
16,24.71847,0.1238387,0.7028183266193593,3.9244298934936523,3.2718288898468018
32,6.3237724,0.06346119,0.9805494756434966,2.7378721237182617,3.1023008823394775
