train_sample_num,rmse,nrmse,r2,nll,time
4,39.896034,0.15889762,0.2258265584922643,560.6702270507812,2.2319862842559814
8,38.945953,0.1526888,0.2622597040418284,612.5731811523438,2.178957462310791
16,31.25248,0.1239544,0.5249406762833329,520.8056030273438,2.1782047748565674
32,17.358519,0.12323869,0.8534438062888821,271.5336608886719,2.207458019256592
