train_sample_num,rmse,nrmse,r2,nll,time
4,56.34058,0.07721608,-0.49657509610377737,4.439400672912598,3.222839832305908
8,24.218658,0.034727763,0.7234611939437006,3.588759422302246,2.96384334564209
16,18.146828,0.07397485,0.8447408019980194,3.3516063690185547,3.178065061569214
32,10.083405,0.059918292,0.9520630543641099,2.845416307449341,3.326603651046753
