train_sample_num,rmse,nrmse,r2,nll,time
4,7.344802,0.11173385,0.16847339149755636,29.71245765686035,2.5090537071228027
8,7.4315953,0.11103219,0.14870493311618116,62.09418869018555,2.473507881164551
16,3.8500423,0.07811721,0.7715205694134621,9.148444175720215,2.479506254196167
32,3.0719492,0.093927994,0.8545398229700245,8.620797157287598,2.851245641708374
