train_sample_num,rmse,nrmse,r2,nll,time
4,5.0315523,0.08200572,0.5621011007592425,7.182711601257324,2.474611282348633
8,5.19952,0.0823133,0.5323764876762324,8.828485488891602,2.5100598335266113
16,5.063251,0.08217982,0.5565661922352196,11.326947212219238,2.424619197845459
32,2.8172472,0.16853438,0.8627160586734963,9.182127952575684,2.532682418823242
