train_sample_num,rmse,nrmse,r2,nll,time
4,6.555533,0.095088564,0.3384463235361985,25.722007751464844,2.379624366760254
8,3.6529582,0.11018264,0.7945820063373183,5.7576584815979,2.3680834770202637
16,3.099849,0.10111218,0.8520788786168365,6.319035530090332,2.506334066390991
32,2.418735,0.15492138,0.9099412859371351,6.664498329162598,2.335409164428711
