train_sample_num,rmse,nrmse,r2,nll,time
4,3.9498088,0.058520332,0.6338756543501094,3.9495859146118164,2.4385106563568115
8,3.1019351,0.0813558,0.7741906545044712,5.052218914031982,2.476447105407715
16,2.773032,0.056677036,0.8195378223509183,5.952535629272461,2.463254690170288
32,2.3428943,0.057957646,0.8711804429700684,6.635766983032227,2.6010544300079346
