train_sample_num,rmse,nrmse,r2,nll,time
4,4.627698,0.0831972,0.6295753628962454,32.93753433227539,2.5895919799804688
8,4.7634354,0.083019495,0.6075264054613796,36.12715148925781,2.503239631652832
16,4.6592155,0.08282514,0.6245124930266877,35.825870513916016,2.711655855178833
32,2.7746634,0.13811903,0.8668348855378206,12.160573959350586,2.72562575340271
