train_sample_num,rmse,nrmse,r2,nll,time
4,4.823665,0.06922601,0.6157591471344822,66.627685546875,2.5145797729492188
8,4.981982,0.07157697,0.5901228841178618,76.85932922363281,2.733018159866333
16,4.5216475,0.0738375,0.6623687184994453,61.20164489746094,2.7018368244171143
32,3.198721,0.09043633,0.8310329569062957,30.916030883789062,2.5427823066711426
