train_sample_num,rmse,nrmse,r2,nll,time
4,6.4355974,0.0949537,0.36243148250783186,166.77853393554688,2.4735591411590576
8,3.5489376,0.11090642,0.8061142664453643,30.171772003173828,2.588900089263916
16,3.0031514,0.099583596,0.8611635311501998,21.02242660522461,2.514284372329712
32,2.4821465,0.13728735,0.9051572941502422,16.387483596801758,2.536566972732544
