train_sample_num,rmse,nrmse,r2,nll,time
4,3.518062,0.058047526,0.7095419407560104,35.488624572753906,2.580965995788574
8,2.8291516,0.07435597,0.8121596472522639,26.53024673461914,2.5969126224517822
16,2.6071856,0.056082115,0.8404780705544682,20.325702667236328,2.7286980152130127
32,2.2899952,0.05951387,0.8769318862902753,15.863347053527832,2.636282205581665
