train_sample_num,rmse,nrmse,r2,nll,time
4,7.0829363,0.11195802,0.22670945581235025,211.67031860351562,2.6464104652404785
8,7.532938,0.11083574,0.12532884121799137,284.660888671875,2.8311972618103027
16,3.6757298,0.079032645,0.7917412860549968,34.21984100341797,2.579418659210205
32,3.0687287,0.09375992,0.8548446536508995,24.446561813354492,2.5529980659484863
