train_sample_num,rmse,nrmse,r2,nll,time
4,7.0658336,0.3366576,0.23144329879944647,6.640489101409912,4.9117655754089355
8,7.490816,0.2959925,0.13621158526324473,8.992027282714844,5.58336615562439
16,6.837956,0.30524606,0.2802167952570265,8.984347343444824,4.4174909591674805
32,5.7992516,0.3352912,0.48228238772137577,8.551440238952637,4.479604482650757
