train_sample_num,rmse,nrmse,r2,nll,time
4,6.2685666,0.19152491,0.3943070317186923,7.488643169403076,4.085662603378296
8,6.326717,0.18838872,0.38301750016426006,7.485293388366699,4.315157890319824
16,5.151996,0.25718096,0.5908645614164629,8.746402740478516,4.018129110336304
32,5.1985755,0.30753633,0.5834330658616238,8.769977569580078,4.400285482406616
