train_sample_num,rmse,nrmse,r2,nll,time
4,3.8879209,0.25877956,0.7503772897549248,7.6513352394104,5.28716516494751
8,3.0338936,0.10957146,0.8479977499759642,5.279760837554932,5.101563930511475
16,4.6450067,0.26542836,0.643694948962223,8.499171257019043,5.347966432571411
32,5.8351145,0.30732226,0.43772592558065115,9.073081970214844,5.052375078201294
