train_sample_num,rmse,nrmse,r2,nll,time
4,11.422486,0.10888036,-1.0084932644347973,27.695419311523438,2.4447572231292725
8,10.654472,0.10681708,-0.747483194992,24.123489379882812,2.4088051319122314
16,7.2947807,0.0746274,0.18083075121828296,14.745859146118164,2.3949713706970215
32,3.4194546,0.08272502,0.8200040299943546,6.880887031555176,3.7922921180725098
