train_sample_num,rmse,nrmse,r2,nll,time
4,11.901663,0.118135706,-1.3391848927390928,30.304462432861328,2.8604953289031982
8,11.702509,0.11421375,-1.2615554775540154,29.985132217407227,3.4303817749023438
16,6.8696713,0.081544235,0.22067031568775153,20.17705535888672,2.7777843475341797
32,5.5914545,0.110282324,0.4837038365787023,16.159582138061523,2.4117658138275146
