train_sample_num,rmse,nrmse,r2,nll,time
4,9.370727,0.07886013,-0.518855181403372,19.115571975708008,2.8430604934692383
8,9.274608,0.0774477,-0.48785616569061574,18.710840225219727,3.003432273864746
16,9.165847,0.07516475,-0.4531652823828376,18.637704849243164,3.030000925064087
32,4.3445115,0.08172323,0.6735235949838132,10.359821319580078,3.1192474365234375
