train_sample_num,rmse,nrmse,r2,nll,time
4,12.029415,0.1326731,-2.395982482541328,27.460472106933594,2.7760074138641357
8,10.604481,0.15202668,-1.6390963933030038,22.70538902282715,2.7703607082366943
16,4.5489955,0.049441446,0.514367816719561,9.412043571472168,2.815236806869507
32,4.136114,0.04206218,0.5985222953397658,10.359967231750488,2.7247071266174316
