train_sample_num,rmse,nrmse,r2,nll,time
4,5.315129,0.0707914,0.5334728927725851,15.398653984069824,2.3007373809814453
8,5.3488107,0.07239161,0.5275413508583642,19.87866973876953,2.3110620975494385
16,4.7369204,0.07372271,0.6294546167371888,21.951854705810547,2.4162988662719727
32,3.3487165,0.08962974,0.8148149328653702,15.585439682006836,2.3757901191711426
