train_sample_num,rmse,nrmse,r2,nll,time
4,7.338202,0.112334,0.16996700685625798,34.667842864990234,2.5949621200561523
8,7.4062066,0.11042778,0.15451152357702957,56.15206527709961,2.4942145347595215
16,3.9368224,0.07683684,0.7611046459646741,12.524935722351074,2.471686601638794
32,3.1659758,0.092219755,0.8454990327789278,11.598230361938477,2.7215566635131836
