train_sample_num,rmse,nrmse,r2,nll,time
4,4.306343,0.063272655,0.5647951640706177,6.827488899230957,2.532613515853882
8,2.9663453,0.06852389,0.7935000980463178,5.863073825836182,2.450753927230835
16,2.7674923,0.055036984,0.8202580800600587,7.705357074737549,2.4722418785095215
32,2.347407,0.058792405,0.8706837032878899,8.80759334564209,2.5245566368103027
