train_sample_num,rmse,nrmse,r2,nll,time
4,0.86762977,0.1609632,0.30361706657001386,0.38864487409591675,0.8770971298217773
8,0.8696697,0.16172503,0.30033854541489413,0.42330682277679443,0.937563419342041
16,0.86916935,0.16185708,0.3011433845828154,0.4046066403388977,0.8495166301727295
32,0.86373717,0.16043867,0.30985160165299797,0.4144383370876312,0.9517769813537598
