train_sample_num,rmse,nrmse,r2,nll,time
4,0.86786586,0.16104782,0.3032379142502355,0.4048880338668823,0.9943931102752686
8,0.86924005,0.16154519,0.3010297209534043,0.4052903354167938,0.8580353260040283
16,0.8691633,0.16185443,0.30115315618821425,0.40434589982032776,1.0521459579467773
32,0.8587733,0.15811612,0.3177613298250237,0.3940473794937134,1.0010130405426025
