train_sample_num,rmse,nrmse,r2,nll,time
8,10.278132,0.06496047,0.3134312521365007,53.55886459350586,3.7862823009490967
16,8.402381,0.07915945,0.5411609709725991,9.939988136291504,3.8981597423553467
32,9.627229,0.041517135,0.3976372222566985,6.952394008636475,3.818734645843506
64,7.3584037,0.08164784,0.6480971022507527,7.602329254150391,4.5420982837677
