train_sample_num,rmse,nrmse,r2,nll,time
8,11.227267,0.059896693,0.18077395915047745,40.535831451416016,2.66837739944458
16,8.145237,0.0749791,0.5688155812094493,9.515035629272461,2.7155044078826904
32,8.0287075,0.07092894,0.5810647300321066,7.271940231323242,2.6705238819122314
64,7.7718215,0.0948654,0.6074443195049368,8.840973854064941,2.6805307865142822
