train_sample_num,rmse,nrmse,r2,nll,time
8,35.82149,0.12626919,-5.661559970854559,11.935872077941895,4.752745151519775
16,15.959549,0.103226595,-0.3222994808832169,10.857882499694824,4.17060399055481
32,13.660323,0.10679821,0.03125260747023895,7.864492416381836,3.6537630558013916
64,6.796811,0.06946845,0.7601724738729643,5.612942218780518,3.8418893814086914
