train_sample_num,rmse,nrmse,r2,nll,time
8,10.660328,0.06469743,0.2614212649037162,46.89217758178711,3.892890691757202
16,8.4706745,0.07798263,0.5336718908067022,9.739526748657227,4.114323854446411
32,11.692627,0.023047512,0.1114542630554487,6.147594451904297,4.025567531585693
64,7.422795,0.09275768,0.6419113597025052,8.101243019104004,4.649740695953369
