train_sample_num,rmse,nrmse,r2,nll,time
8,47.013397,0.13996553,-11.240070934339634,6.9107513427734375,2.5753796100616455
16,10.880453,0.05991499,0.34440654249082014,6.313816070556641,2.707925319671631
32,8.437964,0.087924466,0.6057098117947104,5.567479610443115,2.719886064529419
64,4.993633,0.10622952,0.861906295288104,3.701270818710327,2.8264997005462646
