train_sample_num,rmse,nrmse,r2,nll,time
8,45.896523,0.13512559,-10.665415938436443,6.339322566986084,4.418100357055664
16,11.822006,0.061309125,0.22603200421077096,8.107871055603027,4.041585683822632
32,9.158287,0.064041816,0.5355177072893004,5.845649719238281,4.55107855796814
64,5.427906,0.06519748,0.8368431454519272,4.567687034606934,4.8773980140686035
