train_sample_num,rmse,nrmse,r2,nll,time
8,11.692168,0.06028199,0.11152403455002935,50.959468841552734,3.155275344848633
16,8.446585,0.07988706,0.5363204760057885,9.401349067687988,2.956212043762207
32,8.821553,0.060458366,0.49423858772369245,7.142920017242432,2.8310656547546387
64,7.6383514,0.098776616,0.6208116985356835,8.295109748840332,2.8803822994232178
