train_sample_num,rmse,nrmse,r2,nll,time
8,31.527708,0.1290996,-4.160281856242651,8.935604095458984,2.8615882396698
16,15.753452,0.108389765,-0.28836842628408776,9.830723762512207,2.896397590637207
32,9.539762,0.10331352,0.5275415105748877,5.7221479415893555,2.9908621311187744
64,6.5372643,0.064728975,0.7781391492131958,5.12914514541626,3.443845748901367
