train_sample_num,rmse,nrmse,r2,nll,time
8,42.75255,0.12733576,-9.121961762161048,8.55539321899414,2.8144800662994385
16,12.476491,0.07618792,0.13796359941328395,8.047224044799805,2.818859577178955
32,8.980715,0.08374343,0.5533550386689667,7.105774879455566,2.8360588550567627
64,4.9916625,0.10741596,0.8620152373512315,3.598998546600342,2.9178009033203125
