train_sample_num,rmse,nrmse,r2,nll,time
4,0.6496923,0.053777028,0.6073568570682756,0.03696081042289734,1.031926155090332
8,0.59832036,0.046446286,0.6669954291324389,-0.048426512628793716,0.8720254898071289
16,0.5136923,0.048390955,0.7545354571745242,-0.108396977186203,0.9663708209991455
32,0.43823692,0.036525376,0.8213510343786712,-0.2972642779350281,1.0955591201782227
