train_sample_num,rmse,nrmse,r2,nll,time
4,0.6496923,0.053777028,0.6073568570682756,0.03696081042289734,1.1486608982086182
8,0.59832036,0.046446286,0.6669954291324389,-0.048426512628793716,1.0772202014923096
16,0.5136923,0.048390955,0.7545354571745242,-0.108396977186203,1.0180928707122803
32,0.43823692,0.036525376,0.8213510343786712,-0.2972642779350281,1.3686940670013428
