train_sample_num,rmse,nrmse,r2,nll,time
4,0.6402091,0.048238117,0.6187356359005465,0.011282057501375675,0.9371170997619629
8,0.5928078,0.041832507,0.6731034263344975,-0.10343869030475616,0.8770956993103027
16,0.5154404,0.048964083,0.7528620194837837,-0.256834477186203,1.2399017810821533
32,0.43226007,0.03371542,0.8261907986258974,-0.397954523563385,1.194636344909668
