train_sample_num,rmse,nrmse,r2,nll,time
4,0.9435108,0.054439537,0.17191237120705827,0.45758217573165894,0.9240429401397705
8,0.91602516,0.05235614,0.21945586972729958,0.39316612482070923,1.0031394958496094
16,0.6264342,0.04934709,0.6349658147579704,0.024318823590874672,1.2200307846069336
32,0.5493031,0.03792142,0.7193231240214579,-0.1856679916381836,1.099336862564087
