train_sample_num,rmse,nrmse,r2,nll,time
4,0.9435108,0.054439537,0.17191237120705827,0.45758217573165894,1.309772253036499
8,0.91602516,0.05235614,0.21945586972729958,0.39316612482070923,1.2200829982757568
16,0.6264342,0.04934709,0.6349658147579704,0.024318823590874672,1.2532405853271484
32,0.5493031,0.03792142,0.7193231240214579,-0.1856679916381836,1.0436506271362305
