train_sample_num,rmse,nrmse,r2,nll,time
4,2.5559666,0.3404867,0.500569260283432,7.844552040100098,2.4747087955474854
8,2.168376,0.25283387,0.6405536234001901,15.650225639343262,2.506702184677124
16,2.0543315,0.21228832,0.677369065617695,20.78893280029297,2.611048460006714
32,1.9272859,0.18531406,0.716039991786016,28.078611373901367,2.6422367095947266
