train_sample_num,rmse,nrmse,r2,nll,time
4,1.9728185,0.16224459,0.7319787409958918,1.7855772972106934,2.6334362030029297
8,2.1224449,0.22610179,0.6897814180958457,9.075883865356445,2.4995572566986084
16,2.0945363,0.20813105,0.697886069819672,14.217533111572266,2.5618302822113037
32,2.0279694,0.23100226,0.7167840336473809,23.0799617767334,2.4696238040924072
