train_sample_num,rmse,nrmse,r2,nll,time
4,2.2917025,0.108457446,0.5650892099654948,6.228663444519043,2.55277943611145
8,1.6395521,0.15772372,0.7773953820129933,4.010554790496826,2.591052532196045
16,1.777317,0.082688056,0.738414552786925,7.008360385894775,2.5576388835906982
32,1.6941085,0.12043678,0.7623344853317582,10.400766372680664,2.507532835006714
