train_sample_num,rmse,nrmse,r2,nll,time
4,2.3354635,0.110561565,0.5483209559983666,42.978485107421875,2.4917008876800537
8,1.6538588,0.24444106,0.7734935701014496,16.523029327392578,2.55004620552063
16,1.8357482,0.07617753,0.7209320852117687,25.220125198364258,2.426138162612915
32,1.7503936,0.08837035,0.7462797433329675,20.30168914794922,2.5661799907684326
