train_sample_num,rmse,nrmse,r2,nll,time
4,2.5647771,0.22293298,0.7081501619112868,39.373233795166016,2.531114339828491
8,2.3150826,0.20136178,0.7622102031208294,32.6518669128418,2.4454283714294434
16,2.3646398,0.18850158,0.7519209341181158,33.84205627441406,2.480527400970459
32,2.2982488,0.13159846,0.7656557707644718,31.07049560546875,2.4994547367095947
