train_sample_num,rmse,nrmse,r2,nll,time
4,6.4932246,0.40383193,-1.903460214790174,7.084542274475098,4.022224187850952
8,4.797788,0.38451558,-0.585174559731308,7.171912670135498,3.814680337905884
16,4.201327,0.38646615,-0.21553622244264092,6.628961086273193,3.939548969268799
32,2.5547972,0.49613407,0.5505225877898953,5.13375186920166,4.3178112506866455
