train_sample_num,rmse,nrmse,r2,nll,time
4,2.8954275,0.24218027,0.6008942605098757,6.411423206329346,3.7744576930999756
8,2.9112275,0.2626236,0.5965266205280833,6.618624210357666,3.8551173210144043
16,3.0912266,0.23655957,0.54509126713461,6.618054389953613,3.7298481464385986
32,4.8185267,0.40326154,-0.10532793977086508,6.799205303192139,4.296387434005737
