train_sample_num,rmse,nrmse,r2,nll,time
4,2.872215,0.13551755,0.6072677867246661,2.5480611324310303,2.376683473587036
8,2.5095913,0.10204653,0.7001744834990278,1.4714354276657104,2.3502614498138428
16,2.32951,0.09632581,0.7416599164016516,1.670783519744873,2.42961049079895
32,2.278673,0.08835792,0.752812438531473,1.2654829025268555,2.3546955585479736
