train_sample_num,rmse,nrmse,r2,nll,time
4,2.5436785,0.104368925,0.5544263500896169,2.0828969478607178,2.435311794281006
8,1.9706813,0.22826682,0.7325591324728351,1.5977773666381836,2.350196123123169
16,1.648576,0.19204636,0.812840054752276,1.4527363777160645,2.405484676361084
32,1.431751,0.16570629,0.8588340416903595,2.6627449989318848,2.550607681274414
