train_sample_num,rmse,nrmse,r2,nll,time
4,2.3188324,0.14986937,0.7440227607420005,4.331609725952148,2.4461519718170166
8,2.5307076,0.12083928,0.6951076436683918,7.531129360198975,2.4346578121185303
16,2.611219,0.116502054,0.6753995301810014,14.104000091552734,3.29463529586792
32,2.1123679,0.181496,0.7875769401091254,10.235047340393066,2.6048357486724854
