train_sample_num,rmse,nrmse,r2,nll,time
4,2.3738573,0.38370124,0.7499831007677135,3.8577237129211426,2.2707152366638184
8,2.1466959,0.27562514,0.7955433440588022,6.631877899169922,2.4352128505706787
16,2.3342433,0.23937955,0.758257858098067,7.566464900970459,2.3773865699768066
32,2.1725044,0.14682359,0.7905976751413528,10.402364730834961,2.366486072540283
