train_sample_num,rmse,nrmse,r2,nll,time
4,5.4245005,0.123023674,0.4166067111676185,18.891176223754883,2.2501258850097656
8,5.277525,0.13246965,0.4477922352183469,20.353261947631836,2.283297538757324
16,4.946662,0.1703596,0.5148607709217952,17.068199157714844,2.134624719619751
32,4.882649,0.16291146,0.5273355877061525,22.865156173706055,2.25360107421875
