train_sample_num,rmse,nrmse,r2,nll,time
4,5.5652757,0.09060307,0.6616092614231603,11.599652290344238,3.222414493560791
8,6.0916467,0.08404151,0.5945712303426305,25.39588165283203,2.230607509613037
16,5.7439594,0.090656176,0.6395310423685786,16.507003784179688,2.284501552581787
32,4.90374,0.11188102,0.7372758911340922,13.039359092712402,2.24540638923645
