train_sample_num,rmse,nrmse,r2,nll,time
4,5.0051045,0.10241286,0.7126848256850349,18.037019729614258,2.2952768802642822
8,5.556494,0.09163726,0.6458933923430252,20.932374954223633,2.2217934131622314
16,5.0820665,0.112061515,0.7037808639179435,44.151607513427734,2.233780860900879
32,4.1194067,0.1548263,0.8053736387361673,9.173595428466797,2.219132900238037
