train_sample_num,rmse,nrmse,r2,nll,time
4,4.956153,0.16846454,0.6974949804706349,6.405580043792725,2.397569417953491
8,5.03697,0.12802492,0.6875488956448876,6.162851333618164,2.3277764320373535
16,4.6965675,0.13253893,0.728353362754113,7.803558826446533,2.2736873626708984
32,4.7214804,0.1102482,0.7254638361913744,8.975311279296875,2.4173731803894043
