train_sample_num,rmse,nrmse,r2,nll,time
4,5.458156,0.10307241,0.40934524382820614,28.166677474975586,2.7185943126678467
8,5.4416137,0.100974366,0.4129199848392324,27.079113006591797,2.7823235988616943
16,4.766572,0.12848133,0.5495420376236262,18.71440887451172,2.712700843811035
32,4.85632,0.11906565,0.5324193952141624,23.200180053710938,2.978180408477783
