train_sample_num,rmse,nrmse,r2,nll,time
4,5.4689827,0.101221405,0.6732179692705986,19.4124698638916,2.834397554397583
8,6.0485525,0.08542463,0.6002872002994878,34.42741775512695,2.559203624725342
16,5.3579073,0.09848301,0.686357091802146,18.0820255279541,2.6568989753723145
32,5.2034802,0.08570036,0.7041764212064363,11.1395845413208,2.580993175506592
