train_sample_num,rmse,nrmse,r2,nll,time
4,5.6776214,0.09171255,0.6302865712719351,35.39439010620117,2.6684932708740234
8,6.279592,0.08835964,0.547732745327283,34.44114685058594,2.9527201652526855
16,5.5021367,0.09415787,0.652787711919193,63.977264404296875,2.96830677986145
32,4.349026,0.11106215,0.7830716121293742,10.535737037658691,3.0614891052246094
