train_sample_num,rmse,nrmse,r2,nll,time
4,4.5208135,0.14872974,0.6877340760760471,55.329673767089844,3.2567994594573975
8,4.198353,0.111149125,0.7306920472806535,11.983175277709961,4.21231484413147
16,4.0081625,0.092972144,0.7545393222538943,10.956796646118164,3.419755458831787
32,3.884797,0.080604784,0.7694166224227428,10.282639503479004,3.13320255279541
