train_sample_num,rmse,nrmse,r2,nll,time
4,5.186223,0.21020813,0.6687578495135779,16.479490280151367,3.153216600418091
8,5.2063565,0.17257503,0.6661809607138183,16.163650512695312,3.184522867202759
16,4.5856075,0.14438474,0.7410374658572416,11.188344955444336,3.1238653659820557
32,4.641398,0.11372307,0.7346978200231377,10.699315071105957,3.2163026332855225
