train_sample_num,rmse,nrmse,r2,nll,time
4,29.085522,0.57393813,-8.24269799375035,4.029521465301514,5.114372491836548
8,7.2907147,0.1288512,0.4192552716370649,2.922926425933838,4.983675718307495
16,8.049844,0.18608552,0.29202161610784294,3.056191921234131,4.925185203552246
32,24.4258,0.43066233,-5.518425581063112,4.422818183898926,5.291852951049805
