train_sample_num,rmse,nrmse,r2,nll,time
4,16.613348,0.2903238,-2.1655315659524743,6.463184833526611,4.657018184661865
8,6.808751,0.10654402,0.4682992168844681,2.7678210735321045,5.1934473514556885
16,7.1479015,0.11241536,0.41401097687648847,2.8621814250946045,4.76398777961731
32,22.855402,0.40098512,-4.991147771388599,3.6573901176452637,5.139206171035767
