train_sample_num,rmse,nrmse,r2,nll,time
4,5.962354,0.2070183,0.4568410645784552,2.518799066543579,4.399601221084595
8,21.46128,0.36093864,-6.037243684155737,3.599604606628418,4.168755292892456
16,22.31961,0.34476033,-6.611400272469342,3.6421844959259033,4.226531505584717
32,21.071915,0.37779877,-5.78421118025046,3.5812065601348877,4.627453327178955
