train_sample_num,rmse,nrmse,r2,nll,time
4,5.5607066,0.08981001,0.38694156107792443,2.3778460025787354,4.641299486160278
8,16.911919,0.35559925,-4.670582743558462,6.183826446533203,4.273251295089722
16,20.66414,0.58696103,-7.465966691765541,4.274075984954834,4.497552394866943
32,20.136507,0.5027624,-7.039149253861588,4.6869635581970215,5.7041919231414795
