train_sample_num,rmse,nrmse,r2,nll,time
4,16.261036,0.115699664,-2.032694896093865,61.258907318115234,2.342160224914551
8,16.586258,0.11659733,-2.1552165706328266,62.7288932800293,2.2510018348693848
16,14.548122,0.089704275,-1.4274270328468877,52.07887649536133,2.2671427726745605
32,10.474224,0.04837293,-0.2582764959743835,31.071142196655273,2.3607428073883057
