train_sample_num,rmse,nrmse,r2,nll,time
4,18.954344,0.13541578,-2.9252064585158837,75.94482421875,2.2222166061401367
8,15.774318,0.093718365,-1.718605961911519,57.484188079833984,2.234020471572876
16,13.644005,0.0701074,-1.0338963590092756,46.531349182128906,2.2083499431610107
32,12.29826,0.056959078,-0.652465583015442,41.474239349365234,2.306385040283203
