train_sample_num,rmse,nrmse,r2,nll,time
4,15.096157,0.20595184,-3.5182962100213997,53.196807861328125,2.3297765254974365
8,13.065744,0.13050468,-2.384622668472235,43.568824768066406,2.231475353240967
16,9.806235,0.23129804,-0.906542630858866,29.209739685058594,2.2533164024353027
32,7.1945753,0.13947132,-0.026247697836548234,20.053054809570312,2.389259099960327
