train_sample_num,rmse,nrmse,r2,nll,time
4,18.176409,0.1478077,-3.068735092233764,70.86669158935547,2.428225040435791
8,15.616097,0.10920203,-2.0032280525717456,56.6616325378418,2.3793156147003174
16,13.018049,0.075827144,-1.0870605599081284,45.081974029541016,2.708707332611084
32,10.960223,0.08935325,-0.4793882020918423,36.143280029296875,2.5811851024627686
