train_sample_num,rmse,nrmse,r2,nll,time
4,5.4884934,0.09444319,0.6708822247839314,11.555341720581055,2.2882003784179688
8,6.195166,0.08396807,0.580674775917118,25.89324951171875,2.1292006969451904
16,5.413822,0.09449709,0.6797765890447675,14.406455039978027,2.189910411834717
32,5.0862126,0.09046227,0.7173596274205443,10.824332237243652,2.2327563762664795
