train_sample_num,rmse,nrmse,r2,nll,time
4,4.501415,0.12516946,0.598264744052295,12.002305030822754,2.2401580810546875
8,4.539095,0.123903565,0.5915109282610649,11.182458877563477,2.1576430797576904
16,4.7715287,0.13822879,0.5486047737474955,11.649020195007324,2.1544063091278076
32,4.7641826,0.13195868,0.5499935530576381,15.865570068359375,2.2201387882232666
