train_sample_num,rmse,nrmse,r2,nll,time
4,4.656508,0.09901406,0.7513130396645662,7.451402187347412,2.204002857208252
8,4.8685102,0.08928047,0.7281530736922422,7.734012603759766,2.139650821685791
16,4.950354,0.096594006,0.7189362455396159,20.264667510986328,2.2012124061584473
32,4.285971,0.11821729,0.7893163738600457,7.651675224304199,2.235090732574463
