train_sample_num,rmse,nrmse,r2,nll,time
4,5.1642075,0.21100365,0.6715640763380326,7.550100326538086,2.234118938446045
8,5.1651044,0.22086747,0.6714500419499783,9.12283706665039,2.1950953006744385
16,4.654398,0.1389576,0.7332095626520263,8.143165588378906,2.2055699825286865
32,4.6922903,0.11127729,0.7288478670348422,9.076294898986816,2.3509862422943115
