train_sample_num,rmse,nrmse,r2,nll,time
4,4.166346,0.12687257,0.734782598278094,15.358040809631348,2.2045769691467285
8,4.193811,0.098911226,0.7312744564805067,5.7202467918396,2.1829497814178467
16,3.99301,0.09337761,0.7563916777123734,6.065322399139404,2.1991875171661377
32,3.8591788,0.08107611,0.7724477618995813,6.851666450500488,2.238699436187744
