train_sample_num,rmse,nrmse,r2,nll,time
4,0.54067314,0.36645988,-0.5347861382853172,0.8731601238250732,2.5838468074798584
8,0.51301605,0.36011323,-0.38178401178065835,0.7346944212913513,2.6630682945251465
16,0.45416465,0.26441187,-0.08294129446437681,0.3830948770046234,2.7828128337860107
32,0.44405302,0.18690982,-0.03525636202063942,0.890831708908081,2.711615800857544
