train_sample_num,rmse,nrmse,r2,nll,time
4,0.6033864,0.15725744,-1.2392950842906614,0.05339055135846138,3.0358757972717285
8,0.46109015,0.15290469,-0.3076514722611099,0.46109461784362793,3.0683107376098633
16,0.45263222,0.15901048,-0.2601179205653823,1.0046361684799194,2.8801429271698
32,0.4186515,0.17083596,-0.07801683931906656,0.7271098494529724,2.8138463497161865
