train_sample_num,rmse,nrmse,r2,nll,time
4,0.42548853,0.15458111,-0.3177057321189156,0.08571160584688187,2.7985005378723145
8,0.43260497,0.117193386,-0.3621522150232901,-0.23882968723773956,2.692814588546753
16,0.4093128,0.14376426,-0.21942015004177073,0.22113007307052612,2.7360763549804688
32,0.3622734,0.26573697,0.04475323657223962,-0.02774425595998764,2.738532304763794
