train_sample_num,rmse,nrmse,r2,nll,time
4,0.5113466,0.13819352,-0.6082402025958977,2.0857105255126953,2.9232213497161865
8,0.47059405,0.14088564,-0.36211295965075285,2.269909143447876,2.8778462409973145
16,0.45343062,0.1435328,-0.26456743021427487,2.02799391746521,2.9122424125671387
32,0.41297916,0.1666728,-0.04900267351328225,0.755307674407959,2.950772523880005
