train_sample_num,rmse,nrmse,r2,nll,time
4,0.39916393,0.2589406,-0.08109675486911105,1.1536227464675903,2.656498432159424
8,0.3739145,0.23460558,0.05134857826858574,1.293272852897644,2.847670793533325
16,0.38300997,0.25431708,0.004635527580381771,1.4204657077789307,2.960103988647461
32,0.37168565,0.24772449,0.06262443405078177,1.3229321241378784,3.2626280784606934
