train_sample_num,rmse,nrmse,r2,nll,time
4,0.49890524,0.35356876,-0.3068158018202245,5.80764627456665,2.8187406063079834
8,0.484432,0.34072602,-0.23209423705825527,4.665541172027588,2.717958450317383
16,0.44970205,0.2536102,-0.06176395526700951,3.1245996952056885,2.8553826808929443
32,0.4429793,0.19058096,-0.030255934545450502,2.7281463146209717,2.670682907104492
