train_sample_num,rmse,nrmse,r2,nll,time
4,0.4083253,0.12030182,-0.21354335804958358,2.813533067703247,3.0468039512634277
8,0.42577982,0.11953484,-0.3195106400127792,2.096803665161133,2.742234230041504
16,0.39913607,0.13070707,-0.15953701289887223,2.070317029953003,2.6053082942962646
32,0.3620671,0.2398355,0.04584079393042029,0.7708837985992432,2.832319974899292
