train_sample_num,rmse,nrmse,r2,nll,time
4,0.3873959,0.19797657,-0.018291208580789586,4.69459342956543,3.7872772216796875
8,0.3847145,0.18765213,-0.004243751978652455,4.627601146697998,3.8042492866516113
16,0.38815206,0.16165738,-0.022270479675436716,5.0487518310546875,3.8186264038085938
32,0.38487402,0.1659776,-0.0050766036459524155,4.897684574127197,5.11137318611145
