train_sample_num,rmse,nrmse,r2,nll,time
4,0.4221652,0.15523478,-0.09618823496630191,4.599144458770752,4.171327829360962
8,0.43237832,0.15003051,-0.14986838761162535,4.644179821014404,3.6921586990356445
16,0.43225035,0.1506817,-0.1491876728952488,4.753030300140381,4.106670141220093
32,0.41848457,0.1576038,-0.0771571367694257,4.097743988037109,4.306732416152954
