train_sample_num,rmse,nrmse,r2,nll,time
4,0.4682512,0.29412174,-0.2185891261627233,5.737171649932861,4.24098801612854
8,0.43351462,0.18225038,-0.04449669388855093,7.383116245269775,4.404531240463257
16,0.42809135,0.19514894,-0.018526762144287057,4.649634838104248,4.359214782714844
32,0.4307136,0.16913818,-0.031042663654071267,6.041891098022461,4.887648344039917
