train_sample_num,rmse,nrmse,r2,nll,time
4,0.5107011,0.3228575,-0.3693418437292535,-0.10153776407241821,2.5498039722442627
8,0.5053671,0.32142878,-0.3408868545962025,0.03927535563707352,2.4730217456817627
16,0.4476816,0.2575764,-0.05224481737397024,0.01207219809293747,2.463068962097168
32,0.43955413,0.1563911,-0.014385359507508966,0.5582407116889954,2.4869015216827393
