train_sample_num,rmse,nrmse,r2,nll,time
4,0.4408131,0.15223181,-0.19516853959732128,-0.3405744433403015,2.7035603523254395
8,0.4781054,0.1461038,-0.405942644790253,-0.0011301422491669655,2.556534767150879
16,0.44442937,0.1475887,-0.21485849583082106,0.40556466579437256,2.486973524093628
32,0.41070423,0.1625571,-0.037477150411668436,0.6830905079841614,2.6147053241729736
