train_sample_num,rmse,nrmse,r2,nll,time
4,0.36634508,0.1914612,0.08936835501289553,-0.5089853405952454,2.404223918914795
8,0.3625707,0.18781091,0.10803589786836132,-0.512082576751709,2.3280351161956787
16,0.37984413,0.22522475,0.02102223907991041,-0.23906280100345612,2.3334391117095947
32,0.3703745,0.25200433,0.06922621452069244,0.393534779548645,2.2498056888580322
