train_sample_num,rmse,nrmse,r2,nll,time
4,0.4038056,0.12896037,-0.18682689536202202,-0.3650384843349457,2.6189448833465576
8,0.3923828,0.12641193,-0.12063089806787386,-0.33912670612335205,2.59895658493042
16,0.38618428,0.13112688,-0.08550508921845501,-0.19943250715732574,2.6730899810791016
32,0.36228856,0.18090361,0.04467326301054353,0.141034796833992,2.5963103771209717
