train_sample_num,rmse,nrmse,r2,nll,time
4,0.4945351,0.34185103,-0.2840219462770339,-0.15844514966011047,2.526554584503174
8,0.47577778,0.3023395,-0.18846537060695612,0.014388308860361576,2.548041820526123
16,0.44969496,0.2512783,-0.06173036803090426,0.2807275354862213,2.704336166381836
32,0.44363585,0.18532707,-0.03331201737944012,0.8674433827400208,2.6918444633483887
