train_sample_num,rmse,nrmse,r2,nll,time
4,0.4205624,0.12214756,-0.2873703598255162,-0.35686901211738586,2.6050727367401123
8,0.42157257,0.119482726,-0.2935624439568847,-0.21762531995773315,2.644141912460327
16,0.40367424,0.12975356,-0.18605477111239832,-0.04734761640429497,2.587616443634033
32,0.36225164,0.2340351,0.044868038085621564,0.04886076599359512,2.5804078578948975
