train_sample_num,rmse,nrmse,r2,nll,time
4,0.48707446,0.13937941,-0.45918707535802783,-0.14528720080852509,2.661383628845215
8,0.4775036,0.14020748,-0.4024054081562305,0.09479355812072754,2.5147995948791504
16,0.46163753,0.1425725,-0.3107579568606451,0.3915051221847534,2.5601041316986084
32,0.41351998,0.16710633,-0.05175195162798163,0.49749165773391724,2.5838961601257324
