train_sample_num,rmse,nrmse,r2,nll,time
4,0.58273983,0.16682841,0.7069761357832302,-0.030853023752570152,1.2622277736663818
8,0.63681257,0.14525147,0.6500735101242505,-0.00960217323154211,1.2935900688171387
16,0.61712503,0.13590793,0.6713754858161527,-0.06807722896337509,1.5242564678192139
32,0.55483174,0.16729684,0.734370597616852,0.11072935163974762,1.1098058223724365
