train_sample_num,rmse,nrmse,r2,nll,time
4,0.541515,0.080428556,0.746968556957927,-0.1539844274520874,0.8054685592651367
8,0.6451379,0.11545402,0.6408642464938188,0.04891671985387802,0.7317001819610596
16,0.631599,0.10897772,0.6557797675001173,0.04179155454039574,0.7908799648284912
32,0.59974337,0.14950784,0.6896265751942015,0.3832491934299469,0.7831943035125732
