train_sample_num,rmse,nrmse,r2,nll,time
4,0.6318236,0.20682482,-0.254515296535496,1.8263044357299805,2.4919168949127197
8,0.611296,0.20407179,-0.1743223094134294,3.168663263320923,2.42158579826355
16,0.63492996,0.20444694,-0.26688094972557264,5.77935791015625,2.5654354095458984
32,0.6132785,0.2010952,-0.1819514809860514,7.233692169189453,2.542875051498413
