train_sample_num,rmse,nrmse,r2,nll,time
4,0.58747715,0.1706652,0.187894685010917,1.127618670463562,2.758791208267212
8,0.5960101,0.1677691,0.1641320698132428,2.1177263259887695,2.4477956295013428
16,0.5655765,0.1691506,0.24731529285858933,3.2786574363708496,2.469660997390747
32,0.5679366,0.17038533,0.2410204793769971,5.13242244720459,2.4751434326171875
