train_sample_num,rmse,nrmse,r2,nll,time
4,0.52311546,0.20413315,0.3111807195820715,0.7183657884597778,2.58799147605896
8,0.6107724,0.19954087,0.06099276874932669,2.931774616241455,2.801884651184082
16,0.6146995,0.20049123,0.04887857133031748,5.067460536956787,2.6485047340393066
32,0.62776047,0.20176789,0.00803089319446948,7.737492084503174,3.089860439300537
