train_sample_num,rmse,nrmse,r2,nll,time
4,0.4806306,0.22854939,0.2823287854799488,0.0475485622882843,2.7160232067108154
8,0.5010805,0.19044451,0.21995841016868478,1.1187790632247925,2.9190170764923096
16,0.512354,0.18544349,0.18446416081962702,2.656801700592041,2.5370001792907715
32,0.52357787,0.18410926,0.14834181626394716,4.270252704620361,2.759018898010254
