train_sample_num,rmse,nrmse,r2,nll,time
4,0.51405424,0.20509236,0.16957169281770867,4.296936511993408,2.5940535068511963
8,0.5107122,0.18689635,0.1803343314489888,4.265953063964844,2.5427281856536865
16,0.52139956,0.19877355,0.14567022283074804,4.578592300415039,2.58790922164917
32,0.5189463,0.18573833,0.1536908113354971,4.512547016143799,2.6224966049194336
