train_sample_num,rmse,nrmse,r2,nll,time
4,0.5982761,0.23385665,0.15776421792864248,6.18785285949707,2.5987329483032227
8,0.5781355,0.20841774,0.21351644262176628,5.473140716552734,2.651876211166382
16,0.5728014,0.23669459,0.22796236654530566,5.355283737182617,2.579216480255127
32,0.58843476,0.22826302,0.18524491399710163,5.958993911743164,2.6345837116241455
