train_sample_num,rmse,nrmse,r2,nll,time
4,0.5400311,0.2148375,0.09397500823096194,4.198513984680176,2.597743034362793
8,0.522005,0.22434148,0.15345118523132106,4.098789215087891,2.59098744392395
16,0.5142844,0.231895,0.17830749468444418,4.062653064727783,2.5418574810028076
32,0.5065366,0.24355148,0.20287878371837875,3.917069435119629,2.6481432914733887
