train_sample_num,rmse,nrmse,r2,nll,time
4,0.45600685,0.17737891,0.3396913086119976,2.437551975250244,2.699702262878418
8,0.43725199,0.19123776,0.39288937968332716,2.0278003215789795,2.581928253173828
16,0.44371453,0.19368424,0.374810558765599,2.1563916206359863,2.63388729095459
32,0.48407316,0.18314947,0.25590860738963295,3.209157705307007,2.5802905559539795
