train_sample_num,rmse,nrmse,r2,nll,time
4,0.9522628,0.30974615,-1.1337525291406618,5.7205400466918945,4.014155149459839
8,0.89736414,0.29760352,-0.8948193950748085,5.715837478637695,3.899552822113037
16,0.8643447,0.28147534,-0.7579412092166185,5.715033054351807,3.8754372596740723
32,0.9342281,0.27881885,-1.0536967165061912,5.788430690765381,4.446119070053101
