train_sample_num,rmse,nrmse,r2,nll,time
4,1.1946068,0.44246754,-3.433560522730853,5.2164082527160645,3.7680397033691406
8,1.086948,0.3989633,-2.6704573965948235,5.2268757820129395,3.757107973098755
16,0.82277715,0.30229867,-1.1031347883896196,5.272752285003662,3.9008681774139404
32,0.8252661,0.2927195,-1.1158787394225316,5.374319553375244,4.040094614028931
