train_sample_num,rmse,nrmse,r2,nll,time
4,0.8349271,0.25876546,-1.2136111089067896,6.929366588592529,3.666518211364746
8,0.776848,0.2574437,-0.91635677621779,6.521458625793457,3.856445074081421
16,0.65798897,0.23004475,-0.37480637270391726,6.366949558258057,3.711489677429199
32,0.7079114,0.25583807,-0.5913366926008172,5.594440937042236,4.054241418838501
