train_sample_num,rmse,nrmse,r2,nll,time
4,0.84777695,0.26577005,-1.258641835819379,5.552447319030762,4.908918380737305
8,0.8072934,0.2487082,-1.0480803211062226,5.497840404510498,4.075776815414429
16,0.7621738,0.22861159,-0.8255437015949749,5.567801475524902,3.8369321823120117
32,0.7994469,0.2283418,-1.0084612057222282,5.696063995361328,4.405818462371826
