train_sample_num,rmse,nrmse,r2,nll,time
4,0.39439175,0.18828496,0.5167650769302518,-0.45613011717796326,2.5570199489593506
8,0.4695343,0.22634985,0.3150840003726977,0.04623399302363396,2.477440118789673
16,0.4860422,0.23301339,0.2660766948691976,0.5957741737365723,2.5826287269592285
32,0.48393223,0.24339296,0.2724349788859891,1.8464235067367554,2.645967483520508
