train_sample_num,rmse,nrmse,r2,nll,time
4,0.52730036,0.2256464,0.34574578981060744,-0.15042415261268616,2.4546146392822266
8,0.5484638,0.20591308,0.292174219255648,0.2692379951477051,2.763270139694214
16,0.5419085,0.23432471,0.3089932007341173,1.0732965469360352,2.9025638103485107
32,0.51822275,0.23517293,0.3680782060613993,1.866801142692566,2.641991138458252
