train_sample_num,rmse,nrmse,r2,nll,time
4,0.644918,0.22171128,-0.0469338984954748,-0.023197190836071968,2.942194700241089
8,0.4294501,0.21291205,0.535767439994085,-0.34660035371780396,2.8337912559509277
16,0.45250362,0.24505939,0.48458822909736776,0.012206684798002243,3.1453495025634766
32,0.48667815,0.2388762,0.40379747664486465,1.8840025663375854,2.8335025310516357
