train_sample_num,rmse,nrmse,r2,nll,time
4,0.59462404,0.18296784,-0.11114091780824276,0.08005866408348083,2.5248425006866455
8,0.604808,0.15916757,-0.14952730224573885,0.7381978631019592,2.939563035964966
16,0.48938796,0.17222357,0.24735396395809017,0.6148251891136169,2.645768880844116
32,0.45668393,0.16399005,0.34458596299626765,1.6103137731552124,2.6177403926849365
