train_sample_num,rmse,nrmse,r2,nll,time
4,0.45093197,0.19787839,0.3609919169281175,-0.2708550691604614,2.5388522148132324
8,0.49298206,0.20327206,0.236258336241701,0.21552987396717072,2.453464984893799
16,0.3404425,0.2008842,0.6357732388519639,-0.45931610465049744,2.488145589828491
32,0.32785022,0.19459556,0.6622189773141058,-0.3842303454875946,2.8191545009613037
