train_sample_num,rmse,nrmse,r2,nll,time
4,0.4231724,0.2101247,0.5492405229042481,-0.3654380142688751,2.5204131603240967
8,0.35372356,0.21583404,0.6850524872380606,-0.5497641563415527,2.5503597259521484
16,0.36057317,0.20836382,0.6727369345282588,-0.36450493335723877,2.599688768386841
32,0.46441507,0.25618967,0.45709626590447616,1.318607211112976,2.8283543586730957
