train_sample_num,rmse,nrmse,r2,nll,time
4,0.5316079,0.21494465,0.12201815881681644,0.08455974608659744,2.4291703701019287
8,0.5079102,0.22180822,0.19854976618297948,0.46427595615386963,2.6398534774780273
16,0.49449205,0.23173651,0.24033635889986293,1.0055965185165405,2.502263069152832
32,0.4838728,0.22622238,0.2726136946163298,1.7704260349273682,2.6818928718566895
