train_sample_num,rmse,nrmse,r2,nll,time
4,0.32832676,0.18734369,0.6576921605057736,-0.5598129034042358,2.453951835632324
8,0.34080058,0.18651563,0.6311881109515081,-0.5879293084144592,2.583317279815674
16,0.37730965,0.1883117,0.5479358752507012,-0.20557621121406555,2.836650848388672
32,0.34240463,0.18402919,0.6277081948495491,-0.25146591663360596,2.7664051055908203
