train_sample_num,rmse,nrmse,r2,nll,time
4,0.4888856,0.20933777,0.43760050925705785,-0.15608179569244385,2.4736690521240234
8,0.56159866,0.19165382,0.25786565890741053,0.7135587930679321,2.383281946182251
16,0.5625676,0.22688574,0.25530265694883714,1.5246680974960327,2.448157787322998
32,0.56096137,0.22024006,0.2595490721951822,2.5132172107696533,2.730710983276367
