train_sample_num,rmse,nrmse,r2,nll,time
4,1.0400361,0.15640296,-2.468386628072145,0.9417145252227783,2.57377028465271
8,0.9949378,0.13389806,-2.1741138158165576,0.8681126236915588,2.7061941623687744
16,0.95500576,0.15141949,-1.9244403541720851,1.1892589330673218,2.5006351470947266
32,0.788874,0.14447117,-0.9954738242500405,1.01676607131958,2.415473222732544
