train_sample_num,rmse,nrmse,r2,nll,time
4,1.2125409,0.12737997,-2.7801698744375316,1.7727704048156738,2.5123796463012695
8,1.1206126,0.105211176,-2.2287140935948653,1.1803444623947144,2.509204149246216
16,1.0455668,0.101885475,-1.8107497093164242,1.1806538105010986,2.5534543991088867
32,0.849453,0.11090505,-0.8552276362609736,0.9804668426513672,2.585927724838257
