train_sample_num,rmse,nrmse,r2,nll,time
4,1.300182,0.0949138,-4.9853395118939385,0.9709553718566895,2.4039323329925537
8,1.2711596,0.105684236,-4.721117217736731,1.2828924655914307,2.5162808895111084
16,1.1050738,0.110451475,-3.3237753174137463,2.0278844833374023,2.4652886390686035
32,0.82677865,0.09641355,-1.4202431700313412,1.0317739248275757,2.4697134494781494
