train_sample_num,rmse,nrmse,r2,nll,time
4,1.1535726,0.1297066,-2.773931667305375,1.7880806922912598,2.4784913063049316
8,1.1486716,0.11960793,-2.741932541381129,1.8941000699996948,2.5730133056640625
16,0.9869416,0.10388999,-1.7624030209724042,0.9644740223884583,2.5753371715545654
32,0.88941216,0.102579474,-1.2434182861970275,1.2604092359542847,2.560234785079956
