train_sample_num,rmse,nrmse,r2,nll,time
4,1.2689408,0.09786806,-3.70116759815365,1.3203996419906616,2.4977524280548096
8,1.184312,0.08660326,-3.0950123374242304,0.9629734754562378,2.4998271465301514
16,1.0565366,0.08683203,-2.2590583939597852,1.1113492250442505,2.4971768856048584
32,0.8625474,0.09587362,-1.1721460182118046,1.249401330947876,2.5831010341644287
