train_sample_num,rmse,nrmse,r2,nll,time
4,1.07583,0.124656975,-1.975813822512961,2.572087287902832,2.536632776260376
8,0.784277,0.08201218,-0.5814575825081654,0.3467777967453003,2.484903573989868
16,0.648843,0.07258688,-0.08242481363364851,0.050122685730457306,2.595457077026367
32,0.35890204,0.0670554,0.6688151414497086,-0.48179322481155396,2.52877140045166
