train_sample_num,rmse,nrmse,r2,nll,time
4,0.98276913,0.1818338,-1.7390954141064916,2.82112193107605,2.7643206119537354
8,0.8081051,0.15881765,-0.8519954379881565,1.3009214401245117,2.600851535797119
16,0.47810286,0.13661513,0.3517435802409077,-0.24652792513370514,2.600203037261963
32,0.29209012,0.10759147,0.7580431577635192,-0.659222424030304,2.5189008712768555
