train_sample_num,rmse,nrmse,r2,nll,time
4,0.76128066,0.12837395,-0.8583192624132414,0.5928995013237,2.4781320095062256
8,0.72861093,0.10169522,-0.7022450512927909,0.34247860312461853,2.6360104084014893
16,0.6405971,0.11349877,-0.3158326074813149,0.2282230257987976,2.4803709983825684
32,0.3579302,0.083318345,0.5892027954731957,-0.5163595676422119,2.49202561378479
