train_sample_num,rmse,nrmse,r2,nll,time
4,0.9763038,0.09745175,-2.3748193335244037,0.8569515943527222,2.5290567874908447
8,0.98751074,0.11595062,-2.4527427050855968,1.198449969291687,2.508017063140869
16,0.69640136,0.11238485,-0.7171164706386302,0.8867329359054565,2.5378212928771973
32,0.26016092,0.07766452,0.7603570458267763,-0.7357836365699768,2.731841564178467
