train_sample_num,rmse,nrmse,r2,nll,time
4,0.9287142,0.0925907,-1.5181832477509278,1.2683278322219849,2.658411741256714
8,0.8305481,0.08350775,-1.013968326418584,0.5093989968299866,2.521186590194702
16,0.59286594,0.08034775,-0.02620966793010604,0.0015441823052242398,2.5481059551239014
32,0.30485886,0.0995555,0.728655698164713,-0.652366578578949,2.5817549228668213
