train_sample_num,rmse,nrmse,r2,nll,time
4,0.61139196,0.14156345,-0.0913461300521865,1.8336530923843384,4.240557670593262
8,0.84636736,0.10878055,-1.0914181381010026,1.3490558862686157,4.554078102111816
16,0.68089336,0.12835765,-0.35357163539161607,1.4856657981872559,4.146021842956543
32,0.42666256,0.2327016,0.4685136646832586,2.130425214767456,4.734645128250122
