train_sample_num,rmse,nrmse,r2,nll,time
4,0.94880384,0.10042081,-2.187376843266222,1.539534091949463,4.583542108535767
8,0.7852857,0.109596916,-1.1834131937975467,1.4431909322738647,4.139195203781128
16,0.5653093,0.17953256,-0.13149546657332167,1.4418612718582153,4.139680624008179
32,0.28262192,0.18882452,0.7171916055410543,1.9462600946426392,4.677489995956421
