train_sample_num,rmse,nrmse,r2,nll,time
4,0.62753856,0.14271732,-0.26273310192553256,1.6704347133636475,4.059025526046753
8,0.6327165,0.10880523,-0.2836569582460551,1.475528359413147,4.1386168003082275
16,0.54047644,0.11697111,0.06333518132766602,1.704190731048584,4.3406291007995605
32,0.3418566,0.10450114,0.6252698373830996,1.756998896598816,4.754040241241455
