train_sample_num,rmse,nrmse,r2,nll,time
4,1.2399518,0.23243542,-3.360274210573059,2.1088204383850098,4.2348597049713135
8,0.78380907,0.17757554,-0.7423073068327515,1.9376236200332642,3.9497342109680176
16,0.5474263,0.13996041,0.15012429231995095,1.8009922504425049,3.7765932083129883
32,0.41615087,0.21542335,0.5088595219041171,2.038896083831787,4.180866956710815
