train_sample_num,rmse,nrmse,r2,nll,time
4,1.1386126,0.15670018,-2.333270930870601,1.5713430643081665,4.092987537384033
8,0.6513896,0.09932179,-0.09093845318743421,1.5934410095214844,3.8960978984832764
16,0.70130736,0.112384245,-0.26454817643247774,1.5086195468902588,3.981879234313965
32,0.43348283,0.098847106,0.5168717443699206,1.6497902870178223,4.556105375289917
