train_sample_num,rmse,nrmse,r2,nll,time
4,0.77698565,0.11259463,-0.7121041038670342,0.16877691447734833,2.6300086975097656
8,0.60487753,0.14636555,-0.03762178507378611,-0.04396197199821472,2.4035322666168213
16,0.5643745,0.16287577,0.0966854842624899,-0.1333693265914917,2.417478561401367
32,0.35192668,0.09513016,0.6487562780640568,-0.5515919327735901,2.599362373352051
