train_sample_num,rmse,nrmse,r2,nll,time
4,1.0755937,0.1403097,-1.9745078680999297,0.4728811979293823,2.482546806335449
8,0.633448,0.10208377,-0.031669555025362284,-0.02151385322213173,2.4254045486450195
16,0.61382675,0.09544469,0.03125352796931802,-0.11296305805444717,2.4176225662231445
32,0.42146125,0.07764197,0.5432969952701111,-0.47078704833984375,2.5423319339752197
