train_sample_num,rmse,nrmse,r2,nll,time
4,0.66259813,0.15321742,-0.4077684264897774,0.10820232331752777,2.464684247970581
8,0.560619,0.15000899,-0.007781343617463188,-0.051611900329589844,2.478025436401367
16,0.4243842,0.111544736,0.42250379411657546,-0.31129997968673706,2.4486982822418213
32,0.32448977,0.12192691,0.6623764365361239,-0.5731143355369568,2.5781493186950684
