train_sample_num,rmse,nrmse,r2,nll,time
4,1.1904491,0.16072094,-3.1375637984520566,0.6228690147399902,2.559070587158203
8,0.668294,0.12925993,-0.303941874194678,0.06480944901704788,2.7378222942352295
16,0.5655372,0.102071375,0.06621823587441822,-0.14617373049259186,2.7026970386505127
32,0.43114108,0.16172707,0.4572974757895163,-0.39780449867248535,2.5131137371063232
