train_sample_num,rmse,nrmse,r2,nll,time
4,0.88491845,0.13789646,-1.7725991022206617,0.325866162776947,2.5496227741241455
8,0.566589,0.08760319,-0.13662410148193027,0.01810939982533455,2.717114210128784
16,0.49556634,0.07491594,0.13047083988175923,-0.2142288237810135,2.626516580581665
32,0.2840693,0.1305178,0.7142875645447156,-0.5517860651016235,2.9780523777008057
