train_sample_num,rmse,nrmse,r2,nll,time
4,1.1936036,0.09784167,-3.1595207599712207,0.7433018684387207,2.5408754348754883
8,1.0472937,0.07920757,-2.2022852310919987,0.5056086778640747,2.6691904067993164
16,0.76427597,0.06883341,-0.7053886943246401,0.17423850297927856,2.739410400390625
32,0.37145182,0.07314264,0.5971642580117272,-0.3497045636177063,2.594420909881592
