train_sample_num,rmse,nrmse,r2,nll,time
4,1.2441821,0.09401015,-4.480857048884184,0.7094083428382874,2.5445895195007324
8,1.2351991,0.10595312,-4.4019983093713115,0.7589359879493713,2.5631706714630127
16,0.97500205,0.09457672,-2.3658254880095324,0.4900827705860138,2.5491511821746826
32,0.35079384,0.062317904,0.5643030851475264,-0.29626166820526123,2.586735486984253
