train_sample_num,rmse,nrmse,r2,nll,time
4,1.4165001,0.15566894,-4.690329852938153,1.0615262985229492,2.5882863998413086
8,1.13439,0.13029331,-2.649462134969479,0.6668769717216492,2.594696283340454
16,0.5665638,0.11310972,0.08966357877637565,0.01690882258117199,2.595332622528076
32,0.3656284,0.09184207,0.6208736382202125,-0.38319918513298035,2.686192274093628
