train_sample_num,rmse,nrmse,r2,nll,time
4,1.0170627,0.14215092,-2.316852837481981,0.5349180102348328,2.4870071411132812
8,0.95545423,0.10107283,-1.927187412140655,0.4596797525882721,2.4384875297546387
16,0.899557,0.11044401,-1.5947055402683512,0.38118457794189453,2.6894304752349854
32,0.4580859,0.0752985,0.32714016499953347,-0.22809231281280518,2.7249350547790527
