train_sample_num,rmse,nrmse,r2,nll,time
4,1.2490047,0.12852882,-3.0109458076259408,1.199428915977478,2.4042701721191406
8,1.0632113,0.08853,-1.906416520877117,0.5210942625999451,2.3119192123413086
16,0.8638822,0.073394224,-0.9187907275516796,0.2577815353870392,2.625978946685791
32,0.42803872,0.063187405,0.5289308252324483,-0.32154667377471924,2.552858352661133
