train_sample_num,rmse,nrmse,r2,nll,time
4,620.1812,0.27097613,-12.040211078181684,7.322239398956299,4.261517286300659
8,422.78662,0.31789508,-5.060240247085019,22.308752059936523,4.336616277694702
16,316.35672,0.081083335,-2.3931382125067624,20.308900833129883,5.853952407836914
32,1359.3108,0.31858736,-61.64477703425737,15.033365249633789,5.297053575515747
