train_sample_num,rmse,nrmse,r2,nll,time
4,12300.552,0.015531272,-0.024880053976153782,6282875.0,3.7880895137786865
8,12299.474,0.015530715,-0.02470029109893468,24653868.0,3.6014840602874756
16,12281.235,0.015524112,-0.02166356880794984,120521.921875,3.8919014930725098
32,12292.54,0.015527901,-0.023545470696397564,29382.3046875,3.641878604888916
