train_sample_num,rmse,nrmse,r2,nll,time
4,491.05765,0.018479114,-0.002082185155979799,1105.8482666015625,3.2372114658355713
8,493.7024,0.018348439,-0.01290513466526888,136.99440002441406,3.542923927307129
16,607.1814,0.040291075,-0.5320582061345462,15.082448959350586,4.088611125946045
32,536.32465,0.028971659,-0.1953468267999101,24.168760299682617,4.6768951416015625
