train_sample_num,rmse,nrmse,r2,nll,time
4,1241.5352,0.10059714,-4.484866731917059,10.453800201416016,4.857576847076416
8,1224.9462,0.12575951,-4.339272565207449,21.720468521118164,4.60104775428772
16,2341.7297,0.16567968,-18.512889357151774,12.448491096496582,4.294470548629761
32,13939.612,0.14014561,-690.43199478158,16.76349639892578,3.931978940963745
