train_sample_num,rmse,nrmse,r2,nll,time
4,793.2559,0.0107438825,-0.025912734950261695,9810.255859375,6.87459135055542
8,782.40985,0.01093412,0.001949740208827322,519.2493286132812,5.193371772766113
16,2265.2014,0.21679793,-7.365608304990957,17.364160537719727,4.91383695602417
32,1648.5167,0.08097383,-3.430681303484265,15.276784896850586,4.696044206619263
