train_sample_num,rmse,nrmse,r2,nll,time
4,0.6536944,0.3900591,-9482.596066131744,0.05036599934101105,0.941619873046875
8,0.47910866,0.3941449,-5093.382423196563,-0.22916455566883087,0.9189250469207764
16,0.3613104,0.3240072,-2896.239826487553,-0.5068996548652649,0.9743208885192871
32,0.2817185,0.3023505,-1760.3850226000495,-0.7213194370269775,0.8503093719482422
