train_sample_num,rmse,nrmse,r2,nll,time
4,492.88007,0.42738473,-7.2362582753219105,6.708425521850586,0.9050216674804688
8,201.18419,0.1650054,-0.37225603867716694,6.053314685821533,1.0387122631072998
16,213.99388,0.196301,-0.5525661208621933,5.892188549041748,1.086268424987793
32,1074.9951,0.1741323,-38.17963515015238,7.498943328857422,0.9281501770019531
