train_sample_num,rmse,nrmse,r2,nll,time
4,0.58272284,0.41846606,-7535.117537007555,0.4661637544631958,0.750643253326416
8,0.39204925,0.42516196,-3410.181270483305,-0.3981408178806305,0.9211773872375488
16,0.25019056,0.29151902,-1388.2017882526047,-0.8034643530845642,0.7878930568695068
32,0.17030466,0.3276628,-642.6898219818141,-0.9556588530540466,0.8274085521697998
