train_sample_num,rmse,nrmse,r2,nll,time
4,12297.36,0.01552967,-0.024348360280336268,901140.75,1.1458971500396729
8,12296.452,0.015529212,-0.024196906460656642,1183419.125,1.3203208446502686
16,12230.488,0.015498027,-0.01323795534503569,3342.820068359375,1.4033546447753906
32,12232.778,0.015498537,-0.013617258069367866,6207.40673828125,1.1375775337219238
