train_sample_num,rmse,nrmse,r2,nll,time
4,628.4516,0.03394596,-0.4053734509771758,6.949798107147217,1.0510246753692627
8,698.14526,0.042204317,-0.7343617766433705,7.369084358215332,1.1556015014648438
16,860.6682,0.11272903,-1.635843344398583,7.4836201667785645,1.337932825088501
32,4350.222,0.2008561,-66.33965768212963,9.171612739562988,1.15757417678833
