train_sample_num,rmse,nrmse,r2,nll,time
4,792.2272,0.010734434,-0.02325358891556939,38691.39453125,1.1636602878570557
8,778.20764,0.010875473,0.01264176982706755,36.81562042236328,0.9752581119537354
16,1127.2375,0.06709163,-1.0716422096039793,7.794671535491943,1.0832633972167969
32,1008.8252,0.05225729,-0.6592645394984733,7.533068656921387,1.1848742961883545
