train_sample_num,rmse,nrmse,r2,nll,time
4,0.58272284,0.41846606,-7535.117537007555,0.4661637544631958,0.9709193706512451
8,0.39204925,0.42516196,-3410.181270483305,-0.3981408178806305,0.8945281505584717
16,0.25019056,0.29151902,-1388.2017882526047,-0.8034643530845642,0.8854498863220215
32,0.17030466,0.3276628,-642.6898219818141,-0.9556588530540466,0.9307811260223389
