train_sample_num,rmse,nrmse,r2,nll,time
4,489.49908,0.018274473,0.004268953726503044,41.584022521972656,1.6274371147155762
8,481.33234,0.01808916,0.037217001081764844,59.19904327392578,1.2632291316986084
16,424.44873,0.02405775,0.2513328699220091,6.53693962097168,0.8905594348907471
32,418.21866,0.020038825,0.27314938147568846,6.567668437957764,1.0140595436096191
