train_sample_num,rmse,nrmse,r2,nll,time
4,751.2399,0.04395925,-1.0081925371824951,13.636557579040527,1.4030404090881348
8,772.4762,0.050502088,-1.1233338437261104,13.249048233032227,1.5590615272521973
16,1012.3228,0.1383245,-2.6465830700962387,14.500970840454102,1.5671374797821045
32,5445.1597,0.15749563,-104.50410124622452,16.356914520263672,1.8248765468597412
