train_sample_num,rmse,nrmse,r2,nll,time
4,790.6421,0.010721185,-0.019163138787490874,5.624350547790527,1.5251519680023193
8,773.74176,0.010861382,0.023941344161127365,9.527262687683105,1.4030911922454834
16,1067.7858,0.077846125,-0.8588829275563665,12.64392375946045,1.4176924228668213
32,1046.8936,0.09232772,-0.7868528819725702,12.3873291015625,2.400733232498169
