train_sample_num,rmse,nrmse,r2,nll,time
4,484.35608,0.018170757,0.025082534989242955,9.712264060974121,1.3640236854553223
8,470.37827,0.01791624,0.08054005512410434,9.413444519042969,1.3844947814941406
16,425.14844,0.032941233,0.24886236070998058,12.055887222290039,1.2724432945251465
32,401.06415,0.020556223,0.3315544444217462,11.71090316772461,1.4924886226654053
