train_sample_num,rmse,nrmse,r2,nll,time
4,0.26828322,0.3653442,-1596.388498664619,4.450793266296387,1.2373135089874268
8,0.55702925,0.3535976,-6885.19803210263,4.367647171020508,1.2572624683380127
16,0.45942667,0.40321404,-4683.4212849518235,4.387244701385498,1.1827027797698975
32,0.5201815,0.30926406,-6004.280592841119,4.599835395812988,1.3174219131469727
