train_sample_num,rmse,nrmse,r2,nll,time
4,491.3863,0.35512763,-7.186409874490984,11.877772331237793,1.3563449382781982
8,252.11778,0.15154998,-1.1550350540450345,11.64443588256836,1.6216216087341309
16,249.81165,0.14422406,-1.1157911899169952,11.092375755310059,1.4246373176574707
32,1134.6713,0.13707282,-42.6503292867479,12.91636848449707,1.5972096920013428
