train_sample_num,rmse,nrmse,r2,nll,time
4,12296.205,0.015529105,-0.024155852633971353,14.272965431213379,1.623323678970337
8,12295.21,0.015528604,-0.02399004127480686,13.077705383300781,1.631976842880249
16,12217.966,0.015492184,-0.011164158121369505,11.516347885131836,1.9878149032592773
32,12205.402,0.015485845,-0.009085600924376713,11.21155071258545,1.9155807495117188
