train_sample_num,rmse,nrmse,r2,nll,time
4,12300.366,0.015531163,-0.02484918542339276,1020559.1875,2.6326539516448975
8,12300.985,0.0155314775,-0.024952342054991083,1378577.75,2.6076488494873047
16,12196.089,0.015480995,-0.007546229367409341,43759.0546875,2.6243550777435303
32,12212.069,0.015488977,-0.010188366798448145,33474.8359375,2.4760420322418213
