train_sample_num,rmse,nrmse,r2,nll,time
4,618.1821,0.03341924,-0.359818666696027,6.9286789894104,2.934835433959961
8,529.7978,0.02311939,0.001223465464267992,6.818029403686523,2.7841379642486572
16,624.04047,0.04007931,-0.38571364085527793,7.502976894378662,2.696463108062744
32,1653.7024,0.6649396,-8.731119428594145,9.177669525146484,2.862271547317505
