train_sample_num,rmse,nrmse,r2,nll,time
4,793.1857,0.010742825,-0.02573136212612348,174117.625,3.0033748149871826
8,768.6091,0.010580385,0.03684788967752606,54.90281295776367,2.8260445594787598
16,834.4757,0.018054018,-0.135301344008814,7.806704521179199,2.9948244094848633
32,778.4541,0.015694523,0.012016034498326111,7.496612548828125,3.0105457305908203
