train_sample_num,rmse,nrmse,r2,nll,time
4,0.039067186,0.29749852,-32.87254503444087,-0.3415757119655609,0.7346115112304688
8,0.022472078,0.32124236,-10.207531688732074,-0.4899802505970001,0.7745416164398193
16,0.018709334,0.21628799,-6.768553313763287,-0.6992835998535156,0.8168160915374756
32,0.008548942,0.17913492,-0.6219903482196067,-0.9483272433280945,0.8393943309783936
