train_sample_num,rmse,nrmse,r2,nll,time
4,480.42978,0.01805107,0.040824177986587995,170.3246307373047,2.850473165512085
8,478.49408,0.018032586,0.048537916898649947,432.2919616699219,2.953118085861206
16,441.5059,0.021393469,0.18995088297044538,6.569276332855225,2.888967752456665
32,390.1274,0.020115307,0.36751349535673816,6.5691938400268555,3.1279501914978027
