train_sample_num,rmse,nrmse,r2,nll,time
4,262.89746,0.1784879,-1.3432582453353308,6.134371280670166,3.0795836448669434
8,414.00827,0.20615362,-4.811194952035724,11.44005012512207,3.2050607204437256
16,365.8896,0.17111437,-3.538867809431121,11.476794242858887,2.9436426162719727
32,1179.0118,0.15141395,-46.128513717949794,7.543308258056641,3.002257823944092
