train_sample_num,rmse,nrmse,r2,nll,time
4,1233.3777,0.09728478,-4.413028092989578,8.327689170837402,2.858058214187622
8,1211.6558,0.118953004,-4.224041181287305,7.975793361663818,3.0068728923797607
16,2329.5244,0.15473527,-18.31001578714818,8.264771461486816,3.037489891052246
32,14244.045,0.114560574,-720.9626333370196,10.046197891235352,3.2438502311706543
