train_sample_num,rmse,nrmse,r2,nll,time
4,0.65573263,0.41896278,-9541.828792291122,0.05907320976257324,0.853762149810791
8,0.44976532,0.4452272,-4488.473739048182,-0.23781345784664154,0.777393102645874
16,0.2769713,0.28937092,-1701.5234721274126,-0.5953084230422974,0.7880258560180664
32,0.18851024,0.3294358,-787.6666338327714,-0.8603123426437378,0.7822318077087402
