train_sample_num,rmse,nrmse,r2,nll,time
4,484.96326,0.01823125,0.022636556389455942,26.790672302246094,3.0780386924743652
8,482.6735,0.01811858,0.03184433194284386,67.3658218383789,3.1455936431884766
16,438.7969,0.033116292,0.19986112337381612,6.509879112243652,3.2271456718444824
32,365.23895,0.02187604,0.4456392252671614,6.331850528717041,3.27730655670166
