train_sample_num,rmse,nrmse,r2,nll,time
4,12297.913,0.015529891,-0.024440265222145596,389759.84375,3.0521240234375
8,12298.652,0.015530261,-0.02456349058304297,532017.5,2.8953287601470947
16,12196.322,0.015482099,-0.007584624763309344,6678.59765625,2.87307071685791
32,12180.749,0.015474574,-0.0050132796191295625,12603.9404296875,2.928248643875122
