train_sample_num,rmse,nrmse,r2,nll,time
4,624.6861,0.2707764,-12.230344163355221,7.833062648773193,2.888317346572876
8,498.1852,0.23764932,-7.414515336202699,7.033523082733154,2.946838140487671
16,305.0802,0.17986861,-2.1555531694428947,7.788278579711914,2.9470713138580322
32,1077.6102,0.10685845,-38.370488829675004,7.400288105010986,2.8986825942993164
