train_sample_num,rmse,nrmse,r2,nll,time
4,793.21826,0.010743371,-0.025815531300834582,8650.400390625,2.9121172428131104
8,759.28265,0.0109066665,0.0600801777643627,57.11345291137695,2.9527018070220947
16,1092.4645,0.09943795,-0.945801381992639,7.986270904541016,3.224884271621704
32,896.98706,0.101587184,-0.3117657483128784,7.454769134521484,2.9668281078338623
