train_sample_num,rmse,nrmse,r2,nll,time
4,92.02317,0.41952184,-21439.35312705408,7248.560546875,2.21457839012146
8,82.53054,0.3884022,-17244.14769363857,6007.92138671875,2.2534940242767334
16,78.0555,0.38912895,-15424.688192392,6097.0810546875,2.1774487495422363
32,72.55292,0.44319794,-13326.457114975381,6682.41064453125,2.208789587020874
