train_sample_num,rmse,nrmse,r2,nll,time
4,85.755775,0.43698132,-12470.906166110415,5604.220703125,2.3851897716522217
8,81.51533,0.4077678,-11267.982874634541,5115.6689453125,2.346726179122925
16,73.912346,0.4117589,-9263.886342156384,5293.6689453125,2.6743297576904297
32,71.58876,0.56203055,-8690.521295296263,6968.7314453125,2.4149551391601562
