train_sample_num,rmse,nrmse,r2,nll,time
4,97.62139,0.46790797,-21704.40043147002,6945.66943359375,2.306215763092041
8,81.51963,0.46018043,-15134.68899600812,4932.6376953125,2.3561160564422607
16,73.14479,0.42999157,-12184.536997141031,5201.51953125,2.321629285812378
32,72.501755,0.46299723,-11971.227144136123,7635.76416015625,2.2684695720672607
