train_sample_num,rmse,nrmse,r2,nll,time
4,109.7693,0.5071702,-20613.811401941766,8300.4921875,3.2786712646484375
8,82.27762,0.41834766,-11580.933053733335,4916.8642578125,2.152820110321045
16,74.89232,0.46436822,-9595.040019703707,4972.32421875,2.1663565635681152
32,73.09232,0.4887378,-9139.313867158962,6441.47119140625,2.302639961242676
