train_sample_num,rmse,nrmse,r2,nll,time
4,78.858116,0.3716805,-13501.989919642061,5546.97509765625,2.234914779663086
8,74.554276,0.3975235,-12068.302355300732,4735.41357421875,2.180159091949463
16,68.51357,0.43987888,-10191.724584625908,5332.6123046875,2.240644693374634
32,68.91116,0.5491064,-10310.368376636608,7440.8017578125,2.2718629837036133
