train_sample_num,rmse,nrmse,r2,nll,time
4,23.355616,0.17627655,-1183.458229078709,798.3206176757812,3.5976529121398926
8,16.742804,0.13312677,-607.6862020622777,291.6551818847656,3.362417459487915
16,11.502425,0.21055591,-286.28700108077464,139.42938232421875,4.147208213806152
32,6.720395,0.17592965,-97.06786848004862,54.49986267089844,3.6157095432281494
