train_sample_num,rmse,nrmse,r2,nll,time
4,40.55758,0.30185944,-3745.4667603567245,2649.883056640625,3.4893534183502197
8,24.108173,0.18668878,-1322.7514928311828,655.4957885742188,3.811572790145874
16,18.661644,0.19941857,-792.1905804014363,391.9995422363281,3.3674964904785156
32,13.350513,0.24873012,-404.9511109566252,236.2403564453125,3.3735148906707764
