train_sample_num,rmse,nrmse,r2,nll,time
4,55.279175,0.3381765,-5227.06142775707,4180.03076171875,3.2012059688568115
8,22.59106,0.17326109,-872.1538895491626,482.7532043457031,3.903029441833496
16,14.586267,0.1774616,-363.00374537331726,195.5100555419922,3.8006651401519775
32,10.0375185,0.13350056,-171.373427437732,101.34021759033203,3.291677236557007
