train_sample_num,rmse,nrmse,r2,nll,time
4,35.708225,0.2375248,-3227.301477622702,2637.664306640625,3.488861083984375
8,24.036718,0.16779171,-1461.810056847314,889.5762329101562,3.4647042751312256
16,18.803333,0.12018052,-894.1733847723193,493.7978820800781,3.7766153812408447
32,9.981988,0.14595915,-251.27350072682466,136.86607360839844,4.003468036651611
