train_sample_num,rmse,nrmse,r2,nll,time
4,27.453217,0.22573987,-1277.181619334446,1062.583740234375,3.251250982284546
8,24.265059,0.22037959,-997.5477816929913,655.5008544921875,3.4120078086853027
16,17.859446,0.20455727,-539.93123433845,332.6490173339844,3.3183953762054443
32,9.095862,0.14371546,-139.31172759016658,96.5127944946289,3.232959508895874
