train_sample_num,rmse,nrmse,r2,nll,time
4,132.45863,0.60126877,-44421.001076211476,27.031997680664062,5.004287481307983
8,114.73315,0.6307078,-33327.4649180626,28.0505313873291,4.05611777305603
16,101.25361,0.58021724,-25956.2445185865,39.94086837768555,4.5859270095825195
32,77.92652,0.5466801,-15373.753174199477,75.72883605957031,5.123101234436035
