train_sample_num,rmse,nrmse,r2,nll,time
4,132.37447,0.60313684,-39909.417821402974,42.567928314208984,5.041096925735474
8,84.19167,0.43761274,-16143.183452664893,98.66510009765625,4.929947376251221
16,74.14884,0.43213794,-12521.370067355712,79.00457000732422,4.767357110977173
32,92.48309,0.6911777,-19479.605232853726,47.585350036621094,5.790822982788086
