train_sample_num,rmse,nrmse,r2,nll,time
4,151.23581,0.6285495,-39130.53849181754,46.071746826171875,4.437923431396484
8,104.5602,0.6237313,-18703.688022640683,37.607627868652344,4.77042555809021
16,81.24505,0.5729849,-11292.052168211225,79.94317626953125,4.938559293746948
32,76.611435,0.5786273,-10040.643710623757,73.61316680908203,5.179072141647339
