train_sample_num,rmse,nrmse,r2,nll,time
4,108.85736,0.50729644,-25729.769260908393,22.857288360595703,4.202026844024658
8,100.6025,0.6196216,-21975.30523923856,23.006357192993164,4.521420240402222
16,90.91776,0.759585,-17947.76516433543,29.89519691467285,5.0316596031188965
32,85.9288,0.84084094,-16031.99388598397,42.993194580078125,4.980613470077515
