train_sample_num,rmse,nrmse,r2,nll,time
4,114.08986,0.5874865,-22073.972827523194,28.195898056030273,4.3316731452941895
8,91.47153,0.44550595,-14188.855802033178,82.61682891845703,4.380358934402466
16,64.852844,0.34040388,-7131.868467197399,16.871870040893555,4.794044017791748
32,75.646194,0.6683018,-9703.659924786612,75.09087371826172,5.576655387878418
