train_sample_num,rmse,nrmse,r2,nll,time
4,2.2039888,0.28256553,-7.238059380458861,1.835760235786438,2.8229873180389404
8,2.0950563,0.24961647,-6.443848858782663,1.4333654642105103,3.449429750442505
16,1.9222728,0.21052642,-5.266660721030916,1.2819645404815674,3.3018722534179688
32,1.5060527,0.17694998,-2.8466832974357517,0.8827683925628662,2.9083898067474365
