train_sample_num,rmse,nrmse,r2,nll,time
4,1.9101338,0.25936833,-8.237727689892058,1.2045278549194336,3.627194404602051
8,1.7697748,0.22189356,-6.930005507323871,1.1094441413879395,3.6581807136535645
16,1.6501704,0.19330183,-5.894378538620017,0.9491636157035828,3.722285032272339
32,1.0962081,0.22768572,-2.0424507513568275,0.5186831951141357,3.4529669284820557
