train_sample_num,rmse,nrmse,r2,nll,time
4,2.1119761,0.25840604,-6.631249236587326,1.4907525777816772,2.4916155338287354
8,1.9913595,0.23021686,-5.784485177605628,1.330039620399475,2.4827232360839844
16,1.6105098,0.15510364,-3.437560688247685,0.9695164561271667,2.423017740249634
32,1.3430501,0.14806491,-2.086043128046454,0.7856284976005554,2.4440994262695312
