train_sample_num,rmse,nrmse,r2,nll,time
4,2.061928,0.3203028,-8.683332365311411,1.700620412826538,3.4467012882232666
8,1.7860825,0.23897842,-6.265757097503621,1.285529613494873,3.037454843521118
16,1.663718,0.21333086,-5.304305690946763,1.0691752433776855,2.772916316986084
32,1.2139128,0.21026854,-2.3562388487491632,0.6554552316665649,2.7860608100891113
