train_sample_num,rmse,nrmse,r2,nll,time
4,2.0999677,0.264249,-8.575521080928366,1.4741733074188232,2.8733205795288086
8,2.020804,0.25408468,-7.867178411192583,1.3456802368164062,2.6602227687835693
16,1.7538869,0.24831139,-5.679444141748435,1.0854219198226929,3.36033034324646
32,1.5565063,0.15994059,-4.2606437384515745,0.9488095641136169,3.49377179145813
