train_sample_num,rmse,nrmse,r2,nll,time
4,30.60304,0.17457202,-2032.6034167760813,504.805419921875,2.238495111465454
8,22.058537,0.13063902,-1055.551237042429,241.88217163085938,2.258925437927246
16,15.06771,0.21037637,-491.9826659531306,141.74925231933594,2.2549667358398438
32,8.82352,0.17163348,-168.05221273771082,76.10671997070312,2.3374085426330566
