train_sample_num,rmse,nrmse,r2,nll,time
4,72.112175,0.33914733,-8895.81951463689,2105.126953125,2.665726661682129
8,29.616909,0.17417835,-1499.7108389521363,372.9242858886719,2.593688726425171
16,18.901762,0.17381585,-610.2546868853565,185.5404052734375,2.2817184925079346
32,13.067053,0.13202305,-291.12777283029317,119.22960662841797,2.3534462451934814
