train_sample_num,rmse,nrmse,r2,nll,time
4,46.223022,0.23736763,-5408.464189876031,1124.4339599609375,2.4780945777893066
8,31.44598,0.16590725,-2502.6166744163856,512.7427978515625,2.3244190216064453
16,24.42861,0.11846177,-1509.8977661549104,344.1374206542969,2.247295379638672
32,13.098814,0.14286897,-433.4116612047554,129.20164489746094,2.324974775314331
