train_sample_num,rmse,nrmse,r2,nll,time
4,53.221058,0.29883915,-6450.264323965241,1200.54833984375,2.308042287826538
8,31.398413,0.18223582,-2244.397620851945,413.18475341796875,2.244518280029297
16,24.118082,0.19397292,-1323.8398903226905,319.55645751953125,2.3727824687957764
32,17.36538,0.24591236,-685.825429316207,240.48703002929688,2.3468282222747803
