train_sample_num,rmse,nrmse,r2,nll,time
4,35.840706,0.22669832,-2177.5085894992835,607.3237915039062,2.4327187538146973
8,31.587215,0.22057158,-1691.1108884723287,455.00262451171875,2.4799866676330566
16,23.075485,0.2044299,-902.0417447715364,311.211669921875,2.455780506134033
32,11.689314,0.13882262,-230.7310392460807,119.25177764892578,2.7429049015045166
