train_sample_num,rmse,nrmse,r2,nll,time
4,1.1057036,0.12569746,0.03008919699808743,0.6247060894966125,0.8809394836425781
8,1.105527,0.1261559,0.030398854239630846,0.6204807758331299,0.9086127281188965
16,1.0905864,0.12277819,0.056429002281054186,0.6075380444526672,0.8475449085235596
32,1.059208,0.12245226,0.10994469014647734,0.5846031308174133,0.8899660110473633
