train_sample_num,rmse,nrmse,r2,nll,time
4,1.1048397,0.12557322,0.031604223905002726,0.6325427293777466,0.919346809387207
8,1.1047323,0.12609263,0.03179237480535868,0.627551794052124,0.848487138748169
16,1.0883536,0.122391954,0.06028859254897312,0.614108681678772,0.9798438549041748
32,1.0538819,0.12206805,0.11887349404956105,0.5914089679718018,0.902045726776123
