train_sample_num,rmse,nrmse,r2,nll,time
4,1.1048397,0.12557322,0.031604223905002726,0.6325427293777466,0.9416854381561279
8,1.1047323,0.12609263,0.03179237480535868,0.627551794052124,0.9661359786987305
16,1.0883536,0.122391954,0.06028859254897312,0.614108681678772,0.9034609794616699
32,1.0538819,0.12206805,0.11887349404956105,0.5914089679718018,0.8220887184143066
