train_sample_num,rmse,nrmse,r2,nll,time
4,1.1040474,0.12508905,0.032992430387078775,0.8567932844161987,1.5270657539367676
8,1.1008468,0.12526017,0.03859113707928841,0.8947201371192932,1.4678807258605957
16,1.0806994,0.120723926,0.07345983059846262,0.8973386883735657,1.4109292030334473
32,1.0362108,0.12053219,0.14817460767080437,0.941761314868927,1.5584101676940918
