train_sample_num,rmse,nrmse,r2,nll,time
4,1.1040474,0.12508905,0.032992430387078775,0.8567932844161987,1.6064789295196533
8,1.1008468,0.12526017,0.03859113707928841,0.8947201371192932,1.4882843494415283
16,1.0806994,0.120723926,0.07345983059846262,0.8973386883735657,1.5308232307434082
32,1.0362108,0.12053219,0.14817460767080437,0.941761314868927,1.7406558990478516
