train_sample_num,rmse,nrmse,r2,nll,time
4,1.1141226,0.12833366,0.015262692984807535,0.6499323844909668,0.7809114456176758
8,1.1139363,0.12834966,0.015592119355777756,0.7206984758377075,0.7836134433746338
16,1.1022489,0.12566836,0.03614049659733487,0.7056148648262024,0.7137148380279541
32,1.073641,0.12629358,0.08552347285386941,0.6539106965065002,0.7764902114868164
