train_sample_num,rmse,nrmse,r2,nll,time
4,1.1141226,0.12833366,0.015262692984807535,0.6499323844909668,1.1866145133972168
8,1.1139363,0.12834966,0.015592119355777756,0.7206984758377075,1.0645089149475098
16,1.1022489,0.12566836,0.03614049659733487,0.7056148648262024,1.0851993560791016
32,1.073641,0.12629358,0.08552347285386941,0.6539106965065002,0.8548846244812012
