train_sample_num,rmse,nrmse,r2,nll,time
4,1.1051359,0.12557109,0.031084693253965345,0.644615113735199,0.8605101108551025
8,1.1046925,0.12605612,0.0318623110122378,0.6383058428764343,0.9545459747314453
16,1.0882502,0.12233523,0.06046735245931767,0.6258379817008972,1.2430610656738281
32,1.054714,0.12206173,0.11748162167282594,0.6038504242897034,1.0111796855926514
