train_sample_num,rmse,nrmse,r2,nll,time
4,1.0597042,0.072957434,0.7314926571672242,1.0779141187667847,2.951732873916626
8,0.9865265,0.07352181,0.7672957247870861,1.3872700929641724,2.7170422077178955
16,0.96011466,0.07146069,0.779589122304863,1.7115015983581543,2.631805181503296
32,1.1861016,0.11343452,0.6636196272784152,3.7800562381744385,2.624730348587036
