train_sample_num,rmse,nrmse,r2,nll,time
4,0.8294559,0.07870586,0.8042660235275276,0.5510140657424927,2.8613808155059814
8,0.6463705,0.123509064,0.8811381237551854,0.11636028438806534,3.1103262901306152
16,1.0635729,0.2411592,0.6781792366133734,1.5391672849655151,2.8744215965270996
32,1.0683645,0.23295642,0.6752729900882334,3.1551012992858887,2.965874195098877
