train_sample_num,rmse,nrmse,r2,nll,time
4,1.1942669,0.10920301,0.6241229523983379,0.8074988722801208,3.1146576404571533
8,1.0862099,0.09147106,0.6890643409994471,0.8683406114578247,3.1643753051757812
16,1.3503749,0.2143578,0.5194353936530747,2.8569607734680176,2.7645764350891113
32,1.0046775,0.13072076,0.7339909303735295,2.349583387374878,2.6642239093780518
