train_sample_num,rmse,nrmse,r2,nll,time
4,1.0897788,0.14023842,0.5739456810809453,0.6991561651229858,2.573286771774292
8,1.1211154,0.17624153,0.5490909186682692,0.9479141235351562,2.6340582370758057
16,1.4225318,0.20947835,0.27404076642890685,3.7792253494262695,3.0048656463623047
32,1.2283738,0.19103445,0.458685809488696,4.372442722320557,2.6124019622802734
