train_sample_num,rmse,nrmse,r2,nll,time
4,1.6139765,0.12620865,0.32188214217036426,2.800631523132324,2.524656295776367
8,0.8787203,0.08174683,0.7989925992086782,0.9217468500137329,2.635260820388794
16,1.0378249,0.08708935,0.7196123426311272,2.438535213470459,2.8617844581604004
32,1.0914227,0.10506301,0.6899036304033307,4.699670314788818,2.70017147064209
