train_sample_num,rmse,nrmse,r2,nll,time
4,1.0046008,0.08623319,0.7372771580175537,9.548663139343262,3.780141592025757
8,0.916729,0.077632345,0.7812275544323063,9.6714448928833,5.404130697250366
16,0.7977524,0.07160047,0.8343288060596189,5.399820327758789,2.9466474056243896
32,0.76964813,0.07785219,0.8457961652738002,5.063295841217041,2.794142723083496
