train_sample_num,rmse,nrmse,r2,nll,time
4,0.99283785,0.076613925,0.7643087464491738,5.916129112243652,2.6142594814300537
8,0.97484386,0.07497768,0.7727745238363277,5.894850254058838,2.615730047225952
16,0.9375512,0.07250308,0.7898270604364084,5.300275802612305,2.6824264526367188
32,0.6342553,0.071601935,0.9038132966379712,0.9134606719017029,2.6924421787261963
