train_sample_num,rmse,nrmse,r2,nll,time
4,0.7586728,0.16164774,0.7935108131464649,3.096034049987793,2.699031352996826
8,0.55445737,0.12990324,0.8897129066901212,0.9842186570167542,2.696535587310791
16,0.5147673,0.09351675,0.9049372989548155,0.8959014415740967,2.6658785343170166
32,0.4406497,0.07749666,0.9303413100715812,0.25924447178840637,2.9030139446258545
