train_sample_num,rmse,nrmse,r2,nll,time
4,0.79076374,0.080410086,0.835207839522118,4.947070121765137,2.716745615005493
8,0.8774916,0.07888794,0.7970780767605549,7.68792724609375,2.7409181594848633
16,0.4142768,0.05898717,0.954770240637754,-0.10433132201433182,2.792477607727051
32,0.42957994,0.047851052,0.9513669932863423,-0.020117778331041336,2.57818603515625
