train_sample_num,rmse,nrmse,r2,nll,time
4,2.1116822,0.21564963,-0.5997253373041354,8.0302152633667,5.041391372680664
8,2.1047885,0.24045719,-0.5892975581210571,8.707597732543945,3.8383336067199707
16,2.0405436,0.21706285,-0.49375715922276964,4.763042449951172,3.834322214126587
32,1.839938,0.21438056,-0.21449216409265004,3.5800740718841553,4.515387773513794
