train_sample_num,rmse,nrmse,r2,nll,time
4,2.5602605,0.17346443,-0.70639319519026,6.318228721618652,3.848252773284912
8,2.1358957,0.14860487,-0.18760184089274334,5.917436599731445,3.8414201736450195
16,2.2653687,0.16403936,-0.3359447392948596,6.188021183013916,3.966247797012329
32,2.1819851,0.17355731,-0.2394081606035845,6.1194024085998535,4.441216945648193
