train_sample_num,rmse,nrmse,r2,nll,time
4,2.1735864,0.16017182,-0.245078863460783,5.348078727722168,3.7835001945495605
8,2.2760227,0.16341838,-0.36519992759594655,5.774540424346924,3.5709376335144043
16,1.3033857,0.1289308,0.5522981153270845,4.1987528800964355,3.846998691558838
32,1.3252264,0.13223845,0.5371681445073786,4.413585662841797,4.545150279998779
