train_sample_num,rmse,nrmse,r2,nll,time
4,1.4526987,0.11973326,0.4506338958052485,1.0062655210494995,2.461580991744995
8,1.0020211,0.07886051,0.738624710183701,0.6754518747329712,2.214038848876953
16,0.88293576,0.07375236,0.7970593851881155,0.5606359839439392,2.336160898208618
32,0.86248785,0.08296592,0.8063503240846757,1.2735915184020996,2.370800733566284
