train_sample_num,rmse,nrmse,r2,nll,time
4,1.4474597,0.100027725,0.4478513764414299,0.8061522841453552,2.3818771839141846
8,1.1366291,0.07527635,0.6595286318824993,0.721737802028656,2.3310041427612305
16,1.0931466,0.06937857,0.6850803185078003,0.4108830988407135,2.4211361408233643
32,0.73010087,0.066479184,0.8595218430934392,0.18402515351772308,2.312063217163086
