train_sample_num,rmse,nrmse,r2,nll,time
4,1.6233222,0.11899266,0.250297360138689,0.9065058827400208,2.9330224990844727
8,1.0261353,0.079698935,0.7004365666663765,0.4572342336177826,3.316488027572632
16,0.98766106,0.09668111,0.7224792522659085,0.5937450528144836,2.759679079055786
32,0.78576374,0.075132,0.8243437839798519,0.460593044757843,2.8138909339904785
