train_sample_num,rmse,nrmse,r2,nll,time
4,1.1882203,0.13859046,0.4934967512677695,0.6857643127441406,2.348299980163574
8,0.8855565,0.105634086,0.7186668507447393,0.3329838514328003,2.2311761379241943
16,0.8194803,0.1039237,0.7590841295472142,0.2774229049682617,2.305128335952759
32,0.6157681,0.07123234,0.8639737929116665,-0.15777365863323212,2.4760451316833496
