train_sample_num,rmse,nrmse,r2,nll,time
4,0.74173945,0.26088,0.8434754992756808,0.281188040971756,2.5137016773223877
8,0.699157,0.20938906,0.8609314324279334,0.3606901168823242,2.4856321811676025
16,0.44575056,0.19416036,0.9434720311236308,-0.22449028491973877,2.494961977005005
32,0.34166,0.124094926,0.9667900853082894,-0.5638412237167358,2.401869297027588
