train_sample_num,rmse,nrmse,r2,nll,time
4,0.9896104,0.074977696,0.7658385932073521,0.953377366065979,2.383185863494873
8,0.97933626,0.074844584,0.7706754759996519,1.408876657485962,2.350058078765869
16,0.94841045,0.0725305,0.7849301526524416,1.755733609199524,2.4597465991973877
32,0.6347452,0.0706231,0.9036646542673017,0.14927658438682556,2.3201661109924316
