train_sample_num,rmse,nrmse,r2,nll,time
4,0.9962025,0.080339834,0.7416514412337962,0.808075487613678,2.7502784729003906
8,0.8617481,0.07113041,0.8066823854062757,0.7193679213523865,3.204890489578247
16,0.81995225,0.07315371,0.8249799011169631,1.304771065711975,2.7358806133270264
32,0.8005039,0.07949318,0.8331840087475941,2.2455403804779053,2.600196123123169
