train_sample_num,rmse,nrmse,r2,nll,time
4,0.87670666,0.08278841,0.7974409384383118,0.30364251136779785,2.540522575378418
8,0.9422414,0.083942175,0.7660261126661976,0.6296443343162537,2.544599771499634
16,0.47286984,0.06982906,0.941071385775486,-0.3015705347061157,2.5246670246124268
32,0.40233967,0.04527927,0.957339220809299,-0.5419655442237854,2.63917875289917
