train_sample_num,rmse,nrmse,r2,nll,time
4,0.5314246,0.112011485,0.8986855003865457,0.07761378586292267,2.5608983039855957
8,0.49294832,0.09911378,0.9128251631465779,-0.09751138836145401,2.455808401107788
16,0.5080655,0.06917317,0.9073964199900277,-0.23673348128795624,2.4913413524627686
32,0.4377257,0.07105546,0.9312627120112346,-0.3404373228549957,2.6135823726654053
