train_sample_num,rmse,nrmse,r2,nll,time
4,3.077524,0.09701715,0.09199298146793455,36.38661193847656,2.6013920307159424
8,2.3787768,0.13160579,0.45750755615135186,12.943124771118164,2.670410394668579
16,2.639428,0.07277622,0.33210852215142916,17.319055557250977,2.616197347640991
32,2.4769714,0.09578726,0.41179566507223664,19.87866973876953,2.49808669090271
