train_sample_num,rmse,nrmse,r2,nll,time
4,2.8674693,0.15095943,0.4270743440690351,8.569124221801758,2.5729222297668457
8,2.959672,0.20729148,0.38963740300855865,18.479076385498047,2.5849430561065674
16,2.9297652,0.19903876,0.4019103606469695,27.6500301361084,2.7018744945526123
32,2.842274,0.22340457,0.43709829275649925,43.211090087890625,2.7088332176208496
