train_sample_num,rmse,nrmse,r2,nll,time
4,3.2958713,0.17131844,0.4923866252818949,14.813210487365723,2.653346300125122
8,3.2020645,0.18026823,0.5208706377194097,28.835054397583008,2.4446353912353516
16,3.2583444,0.15873958,0.5038801958936769,30.693796157836914,2.515601873397827
32,3.301782,0.12914765,0.4905642574821887,38.263004302978516,2.6299867630004883
