train_sample_num,rmse,nrmse,r2,nll,time
4,2.9839685,0.2522056,0.18455448327972013,16.91523551940918,2.902582883834839
8,2.763756,0.21728341,0.3004706931763801,27.76791000366211,2.5195813179016113
16,2.7137573,0.19215989,0.32555192667200383,39.192657470703125,2.6875548362731934
32,2.6629853,0.17683908,0.350552450363563,53.315269470214844,2.5882904529571533
