train_sample_num,rmse,nrmse,r2,nll,time
4,3.6152725,0.12985554,0.392293819122453,20.06580352783203,2.6239306926727295
8,3.7432861,0.120637156,0.34849519551396235,30.830974578857422,2.559319496154785
16,3.693569,0.119934075,0.3656865456553239,42.24440383911133,2.624469041824341
32,3.1007931,0.16900198,0.5529488592622418,31.18448257446289,2.546752691268921
