train_sample_num,rmse,nrmse,r2,nll,time
4,3.8865602,0.11450074,0.29766820356209456,106.7540512084961,2.7093567848205566
8,4.099036,0.11168586,0.2187768113826819,122.74974822998047,2.5026912689208984
16,3.9022286,0.113342986,0.29199393759052994,108.50753021240234,2.5308523178100586
32,3.3434439,0.13641398,0.48024382275749045,68.35209655761719,2.503350019454956
