train_sample_num,rmse,nrmse,r2,nll,time
4,2.8895528,0.1603823,0.23534108207781546,32.37934112548828,2.6409873962402344
8,2.5804634,0.13079357,0.3901796275592392,25.620346069335938,2.527676582336426
16,2.5525045,0.12755978,0.4033225769306521,26.428794860839844,2.574359893798828
32,2.528347,0.11528226,0.4145635430115525,27.158979415893555,2.598505973815918
