train_sample_num,rmse,nrmse,r2,nll,time
4,2.8522656,0.10858637,0.43313373744892714,54.95207214355469,2.5758004188537598
8,2.9495583,0.1942897,0.39380175565668674,68.68852233886719,2.421299934387207
16,2.9229107,0.19120993,0.4047056589306395,67.88475036621094,2.53981614112854
32,2.8051004,0.2069729,0.45172615453239384,60.828548431396484,2.462923288345337
