train_sample_num,rmse,nrmse,r2,nll,time
4,3.0267613,0.07591285,0.1217004118193229,100.47062683105469,2.508699417114258
8,2.3480449,0.09782219,0.4714341375338803,38.31309127807617,2.4855754375457764
16,2.6531856,0.06924001,0.32512780887450954,57.42560958862305,2.7122926712036133
32,2.5321045,0.07923927,0.3853193777766961,43.99237823486328,2.631129264831543
