train_sample_num,rmse,nrmse,r2,nll,time
4,5.887799,0.36068457,-1.4154976293439838,8.342447280883789,4.167726278305054
8,6.68595,0.36727148,-2.1147760274634595,8.177288055419922,3.7771623134613037
16,6.016985,0.35938138,-1.5226590128570745,7.774124622344971,3.9058799743652344
32,2.8964818,0.36283264,0.4154222460410326,4.791637420654297,4.204735517501831
