train_sample_num,rmse,nrmse,r2,nll,time
4,5.5417924,0.30340457,-0.42794693986881027,6.792068004608154,3.8470420837402344
8,5.2877016,0.31226712,-0.3000063247647877,6.766221523284912,4.024476528167725
16,6.009629,0.30125672,-0.6792169873136809,6.872447490692139,3.91308856010437
32,6.690498,0.44186306,-1.0812698309343642,6.944291591644287,4.215292692184448
