train_sample_num,rmse,nrmse,r2,nll,time
4,3.016415,0.07502388,0.12769464081415394,7.510477066040039,2.320930242538452
8,2.9756005,0.078979954,0.15114109788817143,3.8285112380981445,2.404362916946411
16,2.783107,0.061217602,0.2574152800161972,2.895230293273926,2.503462314605713
32,2.6944137,0.0647287,0.3039911211120546,2.9903976917266846,2.527477264404297
