train_sample_num,rmse,nrmse,r2,nll,time
4,3.3437467,0.07327708,0.22094622398837926,3.7950079441070557,2.614616870880127
8,2.0737004,0.15224832,0.7003649056626428,2.0959420204162598,2.747718334197998
16,1.8142489,0.20731762,0.7706522946318438,2.4138715267181396,2.3290224075317383
32,1.8795619,0.18974991,0.7538419886657943,4.750410079956055,2.482105016708374
