train_sample_num,rmse,nrmse,r2,nll,time
4,3.9477637,0.101726115,0.2717257659019229,4.021300315856934,2.8567428588867188
8,3.9419177,0.10203332,0.27388120303374663,5.326298236846924,2.7661595344543457
16,3.94747,0.10209429,0.2718341676367243,4.891521453857422,2.6624505519866943
32,4.130986,0.10546256,0.20255619329108543,5.944652557373047,2.5209879875183105
