train_sample_num,rmse,nrmse,r2,nll,time
4,2.955346,0.08557464,0.2001230346761821,2.5175182819366455,2.321133852005005
8,2.6122575,0.079968624,0.37505984409513815,2.873026132583618,2.4001197814941406
16,2.8826146,0.08009535,0.23900865101951685,3.6711089611053467,2.559736967086792
32,2.68787,0.07210748,0.3383581101777158,4.959730625152588,2.779527425765991
