train_sample_num,rmse,nrmse,r2,nll,time
4,3.0327766,0.22600028,0.5701930505123385,6.624032020568848,2.4489030838012695
8,2.8752313,0.25490877,0.6136880462236309,11.3781099319458,2.5605971813201904
16,3.1926017,0.16001542,0.5236983323486397,16.621105194091797,2.3916432857513428
32,3.1448286,0.13680032,0.5378461600287343,22.32176971435547,2.4608800411224365
