train_sample_num,rmse,nrmse,r2,nll,time
4,2.7688162,0.137233,0.4658183899260375,4.69537353515625,2.3569881916046143
8,2.8256876,0.22028574,0.44364883404231725,10.8169527053833,2.4328134059906006
16,2.879659,0.19689256,0.42219299011227407,18.682327270507812,2.349858283996582
32,2.8274097,0.16946422,0.4429705386377969,32.297706604003906,2.4375593662261963
