train_sample_num,rmse,nrmse,r2,nll,time
4,2.9209883,0.08148726,0.18201390475730905,14.794123649597168,2.3765766620635986
8,2.287777,0.12507403,0.4982196786491365,9.41103744506836,2.3801910877227783
16,2.4361494,0.09668661,0.4310237242877981,9.825526237487793,2.393972396850586
32,2.4363241,0.091620795,0.43094223090816053,14.279552459716797,2.4796206951141357
