train_sample_num,rmse,nrmse,r2,nll,time
4,3.2457101,0.11460912,0.035225137221549185,15.65121078491211,2.593945026397705
8,2.759697,0.14397024,0.3025239077485191,12.757036209106445,2.4183621406555176
16,2.6614087,0.1947996,0.35132125592067953,18.55713653564453,2.3823201656341553
32,2.49315,0.17482954,0.4307496228981581,23.178728103637695,2.382627487182617
