train_sample_num,rmse,nrmse,r2,nll,time
4,0.06325255,0.12557685,0.7283340641828191,-1.0686942338943481,2.438720703125
8,0.07477766,0.14491135,0.6203155101408508,-1.3341261148452759,2.427741765975952
16,0.05657664,0.12625597,0.782653146340853,-1.4689643383026123,2.35831880569458
32,0.057568304,0.12026684,0.7749671048304337,-1.6343616247177124,2.569446325302124
