train_sample_num,rmse,nrmse,r2,nll,time
4,0.06868464,0.17728147,0.6208855323642215,-1.1797386407852173,2.3264243602752686
8,0.06697074,0.17349304,0.6395696363343347,-1.3748859167099,2.4673879146575928
16,0.059341405,0.15854576,0.7170128035588044,-1.516186237335205,2.4194202423095703
32,0.06307453,0.20630266,0.6802878208292603,-1.5774494409561157,2.731658697128296
