train_sample_num,rmse,nrmse,r2,nll,time
4,0.0660474,0.16329397,0.6770684323642189,-1.2078851461410522,2.4588468074798584
8,0.06925063,0.16804549,0.6449852354022867,-1.4044839143753052,2.5402848720550537
16,0.06597158,0.17024209,0.6778094533669081,-1.573625922203064,2.431286334991455
32,0.05876082,0.1873527,0.7443918296900449,-1.6798107624053955,2.6130504608154297
