train_sample_num,rmse,nrmse,r2,nll,time
4,0.07683495,0.23123455,0.5637505721671376,-1.1634199619293213,2.6776087284088135
8,0.06364716,0.21875963,0.7006527213921372,-1.2520776987075806,2.6430375576019287
16,0.06645989,0.2284762,0.6736103736801944,-1.478277325630188,2.551692247390747
32,0.07140047,0.21013556,0.6232793293636956,-1.54970121383667,2.629988193511963
