train_sample_num,rmse,nrmse,r2,nll,time
4,0.06873127,0.25699192,0.6509191954379812,-1.928511381149292,2.3221404552459717
8,0.068193026,0.23392068,0.6563651858818905,-1.929197072982788,2.3029892444610596
16,0.06933567,0.25984448,0.6447527920550803,-1.9326024055480957,2.4369163513183594
32,0.06401355,0.20414566,0.6971964155315089,-1.9290574789047241,2.3968937397003174
