train_sample_num,rmse,nrmse,r2,nll,time
4,0.06362908,0.2383317,0.7002836880977301,-1.9731007814407349,2.5640289783477783
8,0.06359301,0.22635326,0.7006234415029665,-1.975538969039917,2.3958449363708496
16,0.063642375,0.2332999,0.7001584934844113,-1.971907377243042,2.32405424118042
32,0.062248148,0.23668581,0.7131519355352673,-1.9698318243026733,2.352963447570801
