train_sample_num,rmse,nrmse,r2,nll,time
4,0.059639454,0.17370148,0.7141629913761925,-1.749119520187378,2.380993604660034
8,0.059795294,0.17995916,0.7126672411829885,-1.749000906944275,2.446286201477051
16,0.06074861,0.19418257,0.7034322908143682,-1.7484668493270874,2.371171236038208
32,0.05721797,0.16086629,0.7369029162982177,-1.7449570894241333,2.414766550064087
