train_sample_num,rmse,nrmse,r2,nll,time
4,0.13623013,0.23883972,-0.491411467301649,-1.0578587055206299,2.4714999198913574
8,0.103744574,0.26424178,0.13506796512656538,-1.288009762763977,2.4211699962615967
16,0.09525761,0.2336473,0.2707935157830278,-1.480703592300415,2.434769868850708
32,0.072909236,0.16433531,0.5728147390414207,-1.7394393682479858,2.375605821609497
