train_sample_num,rmse,nrmse,r2,nll,time
4,0.13410425,0.2886666,-0.33132496847805704,-1.0715129375457764,2.982774257659912
8,0.108272135,0.30321085,0.1321744484215116,-1.281625509262085,2.951382637023926
16,0.09334763,0.29340604,0.35493188153228783,-1.4923603534698486,2.4109933376312256
32,0.08325446,0.28934082,0.4868858564746289,-1.6999256610870361,2.9830610752105713
