train_sample_num,rmse,nrmse,r2,nll,time
4,0.14867714,0.21813557,-0.6334490874099397,-1.0475767850875854,2.64762544631958
8,0.12596768,0.2116822,-0.17256116490057627,-1.2604970932006836,3.310605049133301
16,0.10970622,0.21904069,0.11063546569036686,-1.4659302234649658,2.9951975345611572
32,0.083521105,0.19385934,0.48452256751379175,-1.7142961025238037,3.249967575073242
