train_sample_num,rmse,nrmse,r2,nll,time
4,0.058095988,0.17244388,0.7501431561821741,-1.104566216468811,2.30706524848938
8,0.059112497,0.18470813,0.7413231102568233,-1.292557716369629,2.873039484024048
16,0.059242617,0.21427587,0.7401830109903567,-1.479498028755188,2.440528154373169
32,0.059155762,0.2182753,0.7409443238253903,-1.6481866836547852,2.8902812004089355
