train_sample_num,rmse,nrmse,r2,nll,time
4,0.055469234,0.13410522,0.7602259093608029,-1.0889066457748413,2.756946325302124
8,0.056578767,0.14982936,0.750537728689219,-1.2904658317565918,2.9779152870178223
16,0.05681235,0.14651708,0.7484736633931601,-1.4783860445022583,2.622990369796753
32,0.05797012,0.14168006,0.7381175819211969,-1.671152949333191,2.3899192810058594
