train_sample_num,rmse,nrmse,r2,nll,time
4,1.0807197,0.15045056,-0.7549936130903447,2.280625104904175,0.9053397178649902
8,1.098002,0.16659257,-0.8115723366693905,1.494268536567688,0.9055180549621582
16,0.93774116,0.20344608,-0.3213423491737457,0.8736057877540588,0.8891973495483398
32,0.9226938,0.17012703,-0.27927705689690385,0.8123235106468201,0.8916761875152588
