train_sample_num,rmse,nrmse,r2,nll,time
4,1.1028506,0.1537501,-0.8276067752059306,3.9062585830688477,1.5373735427856445
8,1.3213327,0.16785586,-1.62345568411029,3.8908965587615967,1.4323227405548096
16,1.1501971,0.21326941,-0.9878975968766577,3.8964850902557373,1.5148289203643799
32,1.071182,0.16784337,-0.7241535007202067,3.9583306312561035,1.8361172676086426
