train_sample_num,rmse,nrmse,r2,nll,time
4,0.7802347,0.130586,0.08525519676879834,0.28061407804489136,0.9021499156951904
8,0.6760502,0.17952554,0.31323634561469516,0.17217113077640533,0.9139277935028076
16,0.7037263,0.20161904,0.2558560489432148,0.18543694913387299,0.9804079532623291
32,0.6750318,0.1768419,0.31530396648625314,0.15575484931468964,1.0807926654815674
