train_sample_num,rmse,nrmse,r2,nll,time
4,1.1167086,0.15512584,-0.8738253727268821,0.7421443462371826,0.8888750076293945
8,1.1481627,0.1696393,-0.9808714563683747,0.7063517570495605,0.9151573181152344
16,0.9717825,0.20490593,-0.4190167057227707,0.478225439786911,0.8912568092346191
32,0.95270866,0.17014037,-0.363859463696786,0.4833782911300659,1.0337438583374023
