train_sample_num,rmse,nrmse,r2,nll,time
4,0.03654882,0.7064499,-0.7184512139152945,-1.4685653448104858,2.7802882194519043
8,0.028416427,0.61946106,-0.03879378709008274,-1.6048277616500854,2.852494239807129
16,0.023332482,0.5785172,0.29965455838469457,-1.7660577297210693,3.126668691635132
32,0.017423356,0.33376488,0.6094703145635869,-1.73793625831604,2.9668421745300293
