train_sample_num,rmse,nrmse,r2,nll,time
4,0.034819085,0.68292314,-1.0231182444635096,-1.4871770143508911,2.9920408725738525
8,0.032577235,0.6630176,-0.7709858336454152,-1.6641006469726562,3.136104106903076
16,0.027591415,0.6358097,-0.27038254564058284,-1.8305076360702515,2.8044228553771973
32,0.0064452267,0.47165582,0.9306792899724977,-1.8647253513336182,2.6989970207214355
