train_sample_num,rmse,nrmse,r2,nll,time
4,0.017419806,0.54150003,0.4400576192579977,-1.2397266626358032,3.236520290374756
8,0.037540466,0.7058742,-1.600495095484884,-1.717772364616394,3.0617945194244385
16,0.023196092,0.6123993,0.0071437627303045925,-1.767693042755127,2.836199998855591
32,0.017607383,0.4291068,0.42793371043029826,-1.7425377368927002,2.787468433380127
