train_sample_num,rmse,nrmse,r2,nll,time
4,0.008065676,0.38816193,0.9163102880293277,-2.2283976078033447,2.5577151775360107
8,0.007177775,0.16925219,0.9337218852481749,-2.2280454635620117,2.6097958087921143
16,0.007729977,0.15381397,0.923131767810092,-2.2280356884002686,2.6958553791046143
32,0.009012242,0.17039208,0.8955144708191145,-2.231480598449707,2.478890895843506
