train_sample_num,rmse,nrmse,r2,nll,time
4,0.0067944117,0.3453516,0.9148155256657442,-2.3196001052856445,2.5565433502197266
8,0.007039935,0.29956883,0.908547830868827,-2.3228697776794434,2.65071964263916
16,0.006862659,0.19392012,0.9130956436356861,-2.3227338790893555,2.57922625541687
32,0.0071561523,0.16680042,0.905503482261642,-2.323755979537964,2.6608548164367676
