train_sample_num,rmse,nrmse,r2,nll,time
4,0.0075381924,0.38915431,0.9204370666114493,-2.1885879039764404,2.637970209121704
8,0.007349243,0.28974754,0.924375673647964,-2.1887025833129883,2.722595453262329
16,0.0076688225,0.21724002,0.9176556648624408,-2.1889755725860596,2.8455519676208496
32,0.008306026,0.21000035,0.9034031570879842,-2.189920425415039,2.801262140274048
