train_sample_num,rmse,nrmse,r2,nll,time
4,0.011884539,0.52328354,0.7580521903492263,-2.217092275619507,2.761939525604248
8,0.008591609,0.46570805,0.8735537516745732,-2.215820074081421,3.0209310054779053
16,0.008292057,0.31617233,0.8822172999703611,-2.2172954082489014,2.7901158332824707
32,0.00761256,0.1398304,0.9007298908168548,-2.219672441482544,2.9475646018981934
