train_sample_num,rmse,nrmse,r2,nll,time
4,0.006270613,0.16528039,0.9343844778934922,-2.0163230895996094,2.4599595069885254
8,0.006169672,0.14766833,0.9364799577992793,-2.0160534381866455,2.696800708770752
16,0.00664359,0.10675347,0.9263466978067141,-2.0167083740234375,2.5613698959350586
32,0.007754124,0.123308904,0.8996650920031991,-2.0193183422088623,2.483980178833008
