train_sample_num,rmse,nrmse,r2,nll,time
4,0.015261861,0.1353058,0.570194783616271,4.31706428527832,3.8012847900390625
8,0.016741488,0.13682477,0.48281624850242344,4.539000034332275,3.849896192550659
16,0.01926452,0.14815284,0.3151852282921772,7.933133602142334,3.709064245223999
32,0.02159527,0.16137,0.13945432063727448,4.379368305206299,4.1729607582092285
