train_sample_num,rmse,nrmse,r2,nll,time
4,0.017183889,0.13506986,0.5072467554107811,5.692407131195068,3.9903111457824707
8,0.019326556,0.14407557,0.37670231236741125,5.717792510986328,3.693251609802246
16,0.023675278,0.16834171,0.06464429653287984,5.770898818969727,3.83821439743042
32,0.025077429,0.17370127,-0.04942794823328622,5.864439010620117,4.078821659088135
