train_sample_num,rmse,nrmse,r2,nll,time
4,0.019708473,0.18763624,0.5003148438815235,4.15537166595459,3.745863199234009
8,0.023257092,0.19676514,0.3041730862938291,4.3451313972473145,3.8286666870117188
16,0.026657132,0.21352398,0.0858502448305839,4.180813789367676,4.105447292327881
32,0.0284606,0.22115374,-0.04202585648014012,4.368790149688721,4.621431112289429
