train_sample_num,rmse,nrmse,r2,nll,time
4,0.01556601,0.13858289,0.5849393277616233,4.076587677001953,3.809467315673828
8,0.017748687,0.13942498,0.46037814526957566,4.14501953125,3.7218410968780518
16,0.019728065,0.14814314,0.3333069947981838,4.18915319442749,4.1071600914001465
32,0.024716966,0.17480206,-0.04651948522943794,4.3806071281433105,4.26893949508667
