train_sample_num,rmse,nrmse,r2,nll,time
4,0.027557615,0.23516706,-0.06330933740644151,-1.1994527578353882,2.238164186477661
8,0.026639247,0.23139216,0.006380200535531122,-1.4418540000915527,2.440072774887085
16,0.021815099,0.2277782,0.3336680475584006,-1.7087640762329102,2.454634189605713
32,0.021939302,0.21452355,0.3260588746069658,-1.9526817798614502,2.3403210639953613
