train_sample_num,rmse,nrmse,r2,nll,time
4,0.029317344,0.16843718,-0.4723334307704663,-1.198094367980957,2.358973503112793
8,0.020648642,0.17261575,0.26963497777929346,-1.452180027961731,2.3022592067718506
16,0.018805813,0.16176645,0.39418338950776033,-1.7247990369796753,2.390040874481201
32,0.015433985,0.19641335,0.591950293798061,-2.000593662261963,2.373398780822754
