train_sample_num,rmse,nrmse,r2,nll,time
4,0.023162115,0.20203091,0.10475269672994403,-1.1948925256729126,2.410019874572754
8,0.022597972,0.16750264,0.14783133423512584,-1.4493175745010376,2.4770379066467285
16,0.020442493,0.20579866,0.3026444380830099,-1.7050529718399048,2.5668838024139404
32,0.016403982,0.15395992,0.5509597693103504,-1.9969772100448608,2.5253350734710693
