train_sample_num,rmse,nrmse,r2,nll,time
4,0.028046582,0.21487284,-0.011929687591173188,-1.198777437210083,2.5227468013763428
8,0.026120313,0.2443955,0.12229777336073666,-1.4359996318817139,2.513991594314575
16,0.024628323,0.24908403,0.2197026451303441,-1.6876425743103027,2.331580638885498
32,0.019835958,0.23754542,0.49382954962865766,-1.960891604423523,2.5057008266448975
