train_sample_num,rmse,nrmse,r2,nll,time
4,0.023138002,0.17224298,0.012110318742102888,-1.2053749561309814,2.346592426300049
8,0.022666225,0.16472009,0.051985165302728675,-1.4554626941680908,2.385226011276245
16,0.0202379,0.16908582,0.2442336696984675,-1.722334861755371,2.2570321559906006
32,0.018453874,0.15344566,0.3716062902972944,-1.9955236911773682,2.383622407913208
