train_sample_num,rmse,nrmse,r2,nll,time
4,0.01317708,0.4889971,0.7766279799536633,-1.1621171236038208,2.615868091583252
8,0.008170774,0.1566913,0.9141150905100023,-1.3796515464782715,2.6082651615142822
16,0.007826486,0.13084993,0.9212003996508487,-1.5974502563476562,2.6964027881622314
32,0.0056837327,0.23847787,0.9584417119100316,-1.8157780170440674,2.6175200939178467
