train_sample_num,rmse,nrmse,r2,nll,time
4,0.012113863,0.40419564,0.7292165922886173,-1.173492431640625,2.607712984085083
8,0.012023864,0.53021014,0.7332251949516317,-1.3997796773910522,2.6571009159088135
16,0.008492963,0.29619622,0.8669008634673924,-1.6357085704803467,3.020026683807373
32,0.0075158463,0.41884714,0.8957652603031936,-1.8603179454803467,2.346853017807007
