train_sample_num,rmse,nrmse,r2,nll,time
4,0.026741315,0.6521241,-0.22496179477422729,-1.1658399105072021,2.658315420150757
8,0.01212751,0.5878112,0.7480581944070135,-1.3991508483886719,2.739989995956421
16,0.010457448,0.55992776,0.8126695524949542,-1.635606288909912,2.4720003604888916
32,0.005854085,0.20021114,0.9412950060841427,-1.855923056602478,2.573962926864624
