train_sample_num,rmse,nrmse,r2,nll,time
4,0.009588536,0.18949212,0.8465767372780403,-1.1609218120574951,2.2608447074890137
8,0.009723033,0.2390918,0.8422424586750407,-1.3943967819213867,2.471471071243286
16,0.008371315,0.13410318,0.8830570698261044,-1.6178901195526123,2.4989700317382812
32,0.005892479,0.28948808,0.9420594415631159,-1.8570542335510254,2.460644245147705
