train_sample_num,rmse,nrmse,r2,nll,time
4,0.43752545,0.25656664,-2.8271256874403767,0.2513866126537323,2.357370615005493
8,0.37374303,0.23438638,-1.792622853130394,0.1319654881954193,2.4495840072631836
16,0.35833272,0.21966226,-1.5670779601845108,0.6187496185302734,2.44372296333313
32,0.26147494,0.16644531,-0.3668668861251396,-0.2195187360048294,2.369472026824951
