train_sample_num,rmse,nrmse,r2,nll,time
4,0.3471833,0.25421804,-0.5587497386819253,-0.5552041530609131,2.441950559616089
8,0.37876436,0.25118762,-0.8552265817479179,0.25862357020378113,2.618335008621216
16,0.34618384,0.23087329,-0.5497882021222447,0.4893088638782501,2.3335347175598145
32,0.25171602,0.17985271,0.18062921183560166,-0.28403982520103455,2.377732515335083
