train_sample_num,rmse,nrmse,r2,nll,time
4,0.40746236,0.26590666,-1.0448260596525558,0.20004016160964966,2.4465930461883545
8,0.42513058,0.2700214,-1.226004518868565,0.9046105742454529,2.433393955230713
16,0.40150526,0.2583245,-0.9854723698662495,1.5459816455841064,2.718947410583496
32,0.36697543,0.24130662,-0.658652143858734,1.6089519262313843,2.8560338020324707
