train_sample_num,rmse,nrmse,r2,nll,time
4,0.275562,0.20379886,0.01803181275841481,0.5876868367195129,2.745445966720581
8,0.21503976,0.20898363,0.4020067419065483,-0.2681920528411865,2.365583896636963
16,0.21139835,0.23070665,0.42208755950598054,-0.3765222430229187,2.3761279582977295
32,0.20917827,0.23069705,0.43416217690754977,-0.5142526030540466,2.2905564308166504
