train_sample_num,rmse,nrmse,r2,nll,time
4,0.36025113,0.26047713,-0.6981313527940951,0.7212086319923401,2.3145108222961426
8,0.34292454,0.27650714,-0.5387132314047498,0.3258488178253174,2.2161271572113037
16,0.27104342,0.2333846,0.03874559126246213,-0.4057002365589142,2.3001890182495117
32,0.22968274,0.22724205,0.3097326329922544,-0.7699141502380371,2.4917008876800537
