train_sample_num,rmse,nrmse,r2,nll,time
4,0.22034585,0.13839145,0.029320340270740375,-0.3960689902305603,2.3422820568084717
8,0.17717537,0.1294733,0.3724145656189588,-1.026238203048706,2.3041436672210693
16,0.1681571,0.12238123,0.43467719450827624,-1.1046082973480225,2.366717576980591
32,0.16441455,0.12861063,0.45956105742048026,-1.1709564924240112,2.23073673248291
