train_sample_num,rmse,nrmse,r2,nll,time
4,0.22787349,0.22135752,0.32849943812955207,4.8692240715026855,3.3030571937561035
8,0.23937455,0.23165584,0.2590059066468252,4.894745349884033,3.3748340606689453
16,0.26047823,0.22317624,0.12259186648620002,4.949831008911133,3.3546223640441895
32,0.2738148,0.22343114,0.030444604683870002,4.98170280456543,3.732860803604126
