train_sample_num,rmse,nrmse,r2,nll,time
4,0.22985026,0.22789739,0.2581555203071686,-0.7338309288024902,2.0441858768463135
8,0.25110823,0.21061267,0.11458939749327657,-0.844464123249054,2.003523826599121
16,0.23003587,0.18834825,0.25695701404920257,-0.9525482058525085,2.057138681411743
32,0.20247558,0.20399928,0.4243372983869521,-1.0477102994918823,2.121037244796753
