train_sample_num,rmse,nrmse,r2,nll,time
4,0.26572764,0.268706,0.07608064360361622,-0.7150182127952576,2.072063684463501
8,0.2486052,0.23635231,0.191311932390816,-0.7617310285568237,2.141143798828125
16,0.23392422,0.24781145,0.28400337229023864,-0.8818507194519043,2.0933499336242676
32,0.22485143,0.23224217,0.33846639018910507,-0.8703720569610596,2.1505091190338135
