train_sample_num,rmse,nrmse,r2,nll,time
4,0.26520994,0.29124576,0.1337145171543186,-0.7279614210128784,2.1546413898468018
8,0.24672118,0.2247069,0.2502884117995142,-0.8308688402175903,2.148794174194336
16,0.22833411,0.22430511,0.35787004920939913,-0.8762927055358887,2.12579083442688
32,0.22854485,0.2120345,0.3566841959724192,-0.7568122148513794,2.2079737186431885
