train_sample_num,rmse,nrmse,r2,nll,time
4,0.4559787,0.3284602,-1.720506018056728,-0.22430488467216492,2.2048017978668213
8,0.3685019,0.3019354,-0.7768062025752138,-0.3365146219730377,2.1956095695495605
16,0.3025784,0.26642117,-0.1979436867268749,-0.5000402927398682,2.070178270339966
32,0.22856058,0.22986446,0.3164610633861227,-0.6804952025413513,2.58831787109375
