train_sample_num,rmse,nrmse,r2,nll,time
4,0.34226122,0.25343147,-0.514865813479291,-0.5672823190689087,2.295199394226074
8,0.24174663,0.21518205,0.2442474509872512,-0.8330332040786743,2.3041322231292725
16,0.19972706,0.21767117,0.4841390777884842,-0.9976458549499512,2.209805488586426
32,0.20303918,0.22929679,0.4668879070749712,-0.9057981371879578,2.129061460494995
