train_sample_num,rmse,nrmse,r2,nll,time
4,1.2813176,0.21828952,-5.550355578351676,2.051232099533081,2.553804636001587
8,1.3004632,0.24306181,-5.747571262006295,4.84332275390625,2.644150972366333
16,1.2627914,0.2509481,-5.362306694776751,5.545102119445801,2.641040802001953
32,1.0696508,0.21402395,-3.5649427029543572,4.564083099365234,2.6270556449890137
