train_sample_num,rmse,nrmse,r2,nll,time
4,1.5880841,0.21744318,-4.619101459284907,3.7789969444274902,2.445300579071045
8,1.5474213,0.21151023,-4.335032316584833,5.184983730316162,2.5098698139190674
16,1.41015,0.20912044,-3.4304768040628177,4.992532730102539,2.459944009780884
32,1.1847771,0.21440752,-2.127470642292228,4.896577835083008,2.676888942718506
