train_sample_num,rmse,nrmse,r2,nll,time
4,1.0233043,0.14506331,-2.9221566978608386,0.6016496419906616,2.595644950866699
8,0.8898085,0.15537907,-1.965571196716807,0.8354114294052124,2.8699138164520264
16,1.1117215,0.2266814,-3.629215152625993,2.5533432960510254,2.606330633163452
32,1.1257724,0.20795718,-3.746969893928351,6.032965183258057,2.592984676361084
