train_sample_num,rmse,nrmse,r2,nll,time
4,1.5497321,0.21950236,-6.482061488048828,4.15478515625,2.55560040473938
8,1.5253644,0.23277341,-6.248618095522447,6.39301872253418,2.517186164855957
16,1.5037276,0.2111549,-6.04443727375196,8.167593955993652,2.5158393383026123
32,1.3947692,0.2145785,-5.06055917605151,8.756631851196289,2.5962913036346436
