train_sample_num,rmse,nrmse,r2,nll,time
4,0.78389716,0.20921072,-0.9143713318064546,2.724452495574951,2.539102792739868
8,0.6935225,0.23879798,-0.49840481448594764,2.2548608779907227,2.510199546813965
16,0.5392309,0.15362532,0.09414748618940483,0.35917457938194275,2.648315191268921
32,0.39136693,0.13207982,0.5228265441900113,-0.42260199785232544,2.5585646629333496
