train_sample_num,rmse,nrmse,r2,nll,time
4,0.75339866,0.18318129,-0.2646476362547765,1.9833751916885376,2.5216586589813232
8,0.5585536,0.15845458,0.3048964498585248,0.4763078987598419,2.47668194770813
16,0.43021145,0.109097116,0.5876330910597964,-0.2207738310098648,2.5912091732025146
32,0.29694223,0.15711063,0.8035446363392954,-0.7166368961334229,2.5210764408111572
