train_sample_num,rmse,nrmse,r2,nll,time
4,0.65332156,0.2331385,-0.7029635148395774,0.8505924344062805,2.7151455879211426
8,0.5474548,0.17864974,-0.19577068238493744,0.33501434326171875,2.5754706859588623
16,0.43281904,0.19695379,0.2525811417614997,-0.28412437438964844,2.6520304679870605
32,0.33098894,0.09735947,0.5629026015454001,-0.6739082336425781,2.6207993030548096
