train_sample_num,rmse,nrmse,r2,nll,time
4,1.062506,0.2342301,-3.504163505846024,10.470245361328125,3.5664777755737305
8,0.63399386,0.20232975,-0.603693815365637,9.06969165802002,3.613577365875244
16,0.58161825,0.2307014,-0.3496693346035906,9.222064971923828,3.6700222492218018
32,0.5072421,0.12749681,-0.02655418430311296,10.042750358581543,3.953234910964966
