train_sample_num,rmse,nrmse,r2,nll,time
4,1.3585652,0.21335526,-3.1122618823191734,8.199620246887207,4.349627733230591
8,0.8856901,0.14079013,-0.7477668312450987,6.700028896331787,3.946274995803833
16,0.87352365,0.15553543,-0.7000792852733213,6.923245429992676,4.152745246887207
32,0.8210756,0.23522511,-0.5020564872503039,7.056265354156494,4.273089170455933
