train_sample_num,rmse,nrmse,r2,nll,time
4,0.44267055,0.26454905,0.38952311341041823,7.964989185333252,4.0506591796875
8,0.41551498,0.15426408,0.46212502302015745,7.123509407043457,3.6185717582702637
16,0.47118038,0.15909337,0.30835635644616344,6.492738246917725,3.6207189559936523
32,1.1882468,0.22661299,-3.3986694768511736,8.480588912963867,4.058971405029297
