train_sample_num,rmse,nrmse,r2,nll,time
4,0.54466355,0.15961944,0.2699142095797632,4.1104044914245605,3.817028760910034
8,0.59338075,0.15844426,0.1334688912201195,4.530111789703369,3.807075023651123
16,0.5823402,0.14298047,0.16541456120376563,4.132073879241943,3.794029951095581
32,0.97325647,0.29481593,-1.3311587086573802,5.319176197052002,4.159274339675903
