train_sample_num,rmse,nrmse,r2,nll,time
4,0.93394816,0.15326408,-0.9434145355525112,0.24653290212154388,2.6803784370422363
8,0.5026109,0.15768658,0.43716163579607803,-0.21032480895519257,2.596067190170288
16,0.47147867,0.15404503,0.5047277314644666,-0.3447529077529907,2.8064770698547363
32,0.38816476,0.1772943,0.6642994752291305,-0.5080745220184326,2.576291084289551
