train_sample_num,rmse,nrmse,r2,nll,time
4,0.77976424,0.14894299,-0.8942381182435872,0.13224241137504578,2.492764472961426
8,0.7278033,0.13435571,-0.6501979479513502,-0.037120480090379715,2.596496105194092
16,0.6306331,0.10941722,-0.23897226374769365,-0.1886574625968933,2.7016584873199463
32,0.4415768,0.17501497,0.39253614645996615,-0.2967470586299896,2.6256439685821533
