train_sample_num,rmse,nrmse,r2,nll,time
4,0.6991984,0.13556683,-0.8311172692588762,0.06624186038970947,2.5587751865386963
8,0.7093976,0.1307523,-0.8849279139110393,0.050806064158678055,2.52435040473938
16,0.5439019,0.09091492,-0.1080427575338756,-0.18926069140434265,2.6056864261627197
32,0.4113428,0.1403356,0.366242422642992,-0.39431124925613403,2.606050729751587
