train_sample_num,rmse,nrmse,r2,nll,time
4,0.55187976,0.15544452,-0.21517899678509744,-0.11179494112730026,2.532233953475952
8,0.54494184,0.15147434,-0.18481796459682487,-0.1927182376384735,2.639967918395996
16,0.48966914,0.14337504,0.04334168065889399,-0.2829960882663727,2.7652409076690674
32,0.40458968,0.19402263,0.3468979800350016,-0.4245011508464813,2.620318651199341
