train_sample_num,rmse,nrmse,r2,nll,time
4,0.53859603,0.17635062,0.28608982055106846,-0.11792951822280884,2.536996841430664
8,0.4558631,0.1511264,0.48857017795285484,-0.3081013262271881,2.4736177921295166
16,0.41799125,0.15841472,0.5700166145403321,-0.42153769731521606,2.7031140327453613
32,0.39503548,0.1716056,0.6159484886162125,-0.40775638818740845,2.603585958480835
