train_sample_num,rmse,nrmse,r2,nll,time
4,1.318383,0.18318968,-2.8726038301085848,1.174252986907959,2.4326424598693848
8,1.032625,0.1579664,-1.3757738918077078,0.5817372798919678,2.4983325004577637
16,0.70286816,0.14336696,-0.1006966525204549,0.04328792542219162,2.4998481273651123
32,0.26437202,0.16582546,0.844277672647969,-0.5920441746711731,2.4899895191192627
