train_sample_num,rmse,nrmse,r2,nll,time
4,0.8929711,0.21750066,-2.1814579693168508,0.33003658056259155,2.585933208465576
8,0.8006848,0.22061045,-1.5578468128019392,0.2097768634557724,2.6638758182525635
16,0.6051895,0.15791097,-0.46128212951602543,-0.0741729587316513,2.470684051513672
32,0.33268797,0.08336947,0.5584035219846795,-0.5552045106887817,2.5640642642974854
