train_sample_num,rmse,nrmse,r2,nll,time
4,0.56800115,0.1282418,0.20600876513486,-0.07423598319292068,2.560028553009033
8,0.5414057,0.1347005,0.2786221395291497,-0.22873710095882416,2.50718355178833
16,0.499622,0.09733817,0.38567193039341485,-0.32012316584587097,2.4170539379119873
32,0.35134628,0.117621206,0.6961998545233168,-0.5452272295951843,2.51896071434021
