train_sample_num,rmse,nrmse,r2,nll,time
4,0.59719753,0.17863235,-0.3358303775039957,0.12158003449440002,2.439727306365967
8,0.5451262,0.24286832,-0.11303651444065332,-0.08469730615615845,2.534395456314087
16,0.4211877,0.11463561,0.3355432988242214,-0.4553438425064087,2.449934720993042
32,0.22705625,0.080453135,0.8069000389130387,-0.7597207427024841,2.650744676589966
