train_sample_num,rmse,nrmse,r2,nll,time
4,1.2374835,0.17198217,-3.7707508629224016,1.1576061248779297,2.486008882522583
8,1.1897781,0.17838031,-3.4100136278877855,1.310828447341919,2.5879998207092285
16,0.96092534,0.14734031,-1.8766517403636858,0.7441316843032837,2.425065517425537
32,0.6768738,0.13943152,-0.42732678854642114,0.11513882875442505,2.6084482669830322
