train_sample_num,rmse,nrmse,r2,nll,time
4,0.23594953,0.3596313,0.9316323275065131,-0.6093461513519287,2.57320237159729
8,0.33777773,0.22081365,0.8598882231185653,-0.5737810730934143,2.698502779006958
16,0.886804,0.49646592,0.03424283500495151,2.813364267349243,2.6458847522735596
32,1.4272934,0.8095069,-1.5017227976992156,14.979597091674805,2.52608060836792
