train_sample_num,rmse,nrmse,r2,nll,time
4,0.6125583,0.39010158,0.4422237272037456,0.7385860681533813,2.4279816150665283
8,0.41730243,0.39842778,0.7411387889614234,-0.16769370436668396,2.4639179706573486
16,0.81269807,0.34998053,0.018198696752834698,2.7074286937713623,2.508155345916748
32,1.1295898,0.47456083,-0.8967351223669837,9.993658065795898,2.5854835510253906
