train_sample_num,rmse,nrmse,r2,nll,time
4,0.4012101,0.42035207,0.8052939822923733,-0.4215835630893707,2.400541067123413
8,0.6958147,0.34743527,0.41437061225410965,0.5349620580673218,2.4340481758117676
16,1.243066,0.53679574,-0.8690628827357458,7.089303016662598,2.4621212482452393
32,1.2612032,0.7853966,-0.9240029567596675,10.52676010131836,2.5675346851348877
