train_sample_num,rmse,nrmse,r2,nll,time
4,0.48226577,0.3983429,0.6678450765848398,-0.0729471743106842,2.4623289108276367
8,0.40892473,0.2082188,0.7611888720336343,-0.3471805453300476,2.5342600345611572
16,1.0018935,0.41306865,-0.43354363234761406,4.767141819000244,2.5499157905578613
32,1.5590869,0.6753517,-2.471430172015944,18.96573257446289,2.764871835708618
