train_sample_num,rmse,nrmse,r2,nll,time
4,0.32663813,0.39917684,0.8419201626362749,0.6450018286705017,2.7660441398620605
8,0.32838145,0.45641527,0.8402282579425859,0.7592158317565918,2.3882863521575928
16,0.2608789,0.33681744,0.8991628513447747,-0.3276563584804535,2.4653780460357666
32,0.23116542,0.31602994,0.9208249332959946,-0.6752935647964478,2.3787553310394287
