train_sample_num,rmse,nrmse,r2,nll,time
4,0.39864,0.24517128,0.7730503325866342,1.544880986213684,2.6833934783935547
8,0.355643,0.24714136,0.8193673165107,0.7444311380386353,2.5022621154785156
16,0.2897381,0.22962867,0.8801110990306183,-0.23078706860542297,2.4847657680511475
32,0.2347815,0.23048323,0.9212780984717424,-0.8055417537689209,2.508362054824829
