train_sample_num,rmse,nrmse,r2,nll,time
4,0.2625931,0.35529286,0.9153203239527558,-0.7991651296615601,2.52443790435791
8,0.23985216,0.39793152,0.9293520061129733,-0.9077379107475281,2.3774831295013428
16,0.23982343,0.3816882,0.9293689172773816,-0.8870143294334412,2.439469814300537
32,0.19416891,0.31018248,0.9537009591693525,-1.1187443733215332,2.4486865997314453
