train_sample_num,rmse,nrmse,r2,nll,time
4,0.4003481,0.39641717,0.8061297206566675,1.8646622896194458,2.5291690826416016
8,0.24970591,0.32479975,0.9245788218436473,-0.6381601095199585,2.5948803424835205
16,0.26089922,0.30789465,0.9176656213937673,-0.4469534754753113,2.6068027019500732
32,0.17888013,0.25725278,0.9612956513751763,-1.19182288646698,2.5374245643615723
