train_sample_num,rmse,nrmse,r2,nll,time
4,1.2958498,0.3146105,-1.4880095702369451,5.873140811920166,3.892470121383667
8,1.2045096,0.3189235,-1.1496275130378781,6.089285850524902,3.745044469833374
16,1.272342,0.337929,-1.3985591579323051,6.113174915313721,3.877453088760376
32,1.2206664,0.36766875,-1.2076831632143596,6.209287166595459,4.336271524429321
