train_sample_num,rmse,nrmse,r2,nll,time
4,1.3219717,0.49203497,-1.1461343848127812,4.643951416015625,4.638218641281128
8,1.2668092,0.3756068,-0.9707656437192571,5.167579174041748,4.513391733169556
16,1.210843,0.36781952,-0.8004797885973751,5.580880165100098,3.6938703060150146
32,1.2534447,0.40683398,-0.9294030739735253,5.686890125274658,4.426746129989624
