train_sample_num,rmse,nrmse,r2,nll,time
4,0.75551474,0.2056758,0.2990315583182622,0.16176947951316833,2.315720558166504
8,0.3675949,0.16923614,0.8340598213919899,-0.5105490684509277,2.2758169174194336
16,0.23454116,0.2132442,0.9324460448699059,-0.828096866607666,2.4441816806793213
32,0.22076908,0.2497698,0.9401465694014751,-0.9366111755371094,2.4550344944000244
