train_sample_num,rmse,nrmse,r2,nll,time
4,0.5969298,0.14846754,0.491121377584951,0.012677495367825031,2.242649555206299
8,0.5045247,0.14008,0.6364763899287698,-0.12290038913488388,2.1707403659820557
16,0.38519046,0.13938601,0.7881059340010852,-0.4522782564163208,2.1952874660491943
32,0.21359497,0.16167098,0.9348446750398298,-1.0220015048980713,2.271594762802124
