train_sample_num,rmse,nrmse,r2,nll,time
4,0.95867246,0.20963459,-0.3617055508354834,0.4655844569206238,2.4337711334228516
8,0.30815694,0.16616917,0.8593024332973226,-0.6209237575531006,2.29475736618042
16,0.31851244,0.12653759,0.8496873183840796,-0.7906455397605896,2.3620591163635254
32,0.22241344,0.18542196,0.9267066281541619,-1.0175305604934692,2.249948740005493
