train_sample_num,rmse,nrmse,r2,nll,time
4,0.36768967,0.2752533,0.8069229551648319,-0.5106324553489685,2.2629499435424805
8,0.36988717,0.24126008,0.8046082278028575,-0.4820907711982727,2.178584337234497
16,0.3344559,0.21942876,0.8402483192097963,-0.5602591633796692,2.270697832107544
32,0.22579905,0.21103461,0.9271864805076782,-0.9911161065101624,2.249368906021118
