train_sample_num,rmse,nrmse,r2,nll,time
4,0.39957377,0.36462462,0.7626664517441425,-0.42554688453674316,2.260359287261963
8,0.3895693,0.26173148,0.7744023033768191,-0.4252164363861084,2.3309993743896484
16,0.35013643,0.24563879,0.8177616621026682,-0.5051361918449402,2.240870237350464
32,0.31517747,0.23027994,0.8523357219065198,-0.5567646622657776,2.2852697372436523
