train_sample_num,rmse,nrmse,r2,nll,time
4,0.2622509,0.36799568,0.9155408608891533,-0.5847049951553345,2.2489140033721924
8,0.24704361,0.3433794,0.9250520296464064,-0.7458143830299377,2.1853532791137695
16,0.24346709,0.40588027,0.9272064025137802,-0.8507071733474731,2.319720983505249
32,0.19920143,0.28162947,0.9512698702456767,-1.058117389678955,2.2298507690429688
