train_sample_num,rmse,nrmse,r2,nll,time
4,0.32755536,0.34782165,0.8410311268094647,-0.5704248547554016,2.2105886936187744
8,0.28007388,0.37030828,0.8837781110359805,-0.7103171348571777,2.2911863327026367
16,0.25770745,0.1986097,0.9015996439680457,-0.8815380930900574,2.2550952434539795
32,0.21356706,0.2067549,0.9324210754460968,-1.014042615890503,2.2786545753479004
