train_sample_num,rmse,nrmse,r2,nll,time
4,0.39985985,0.39764974,0.8066023248936062,-0.4280892312526703,2.328972578048706
8,0.28357333,0.25636315,0.902732820177519,-0.7038957476615906,2.4444215297698975
16,0.27912775,0.2526888,0.9057586257221457,-0.8123487830162048,2.3647117614746094
32,0.18857136,0.23917614,0.9569882508430273,-1.1271651983261108,2.4492971897125244
