train_sample_num,rmse,nrmse,r2,nll,time
4,176.13412,0.01949806,-0.05180316230042359,9297.828125,4.722944736480713
8,177.16568,0.01959811,-0.06415909943427778,25077.470703125,4.274580955505371
16,176.9743,0.019581834,-0.06186127980251377,28542.7109375,4.068959951400757
32,166.79642,0.03575358,0.05676277553237419,72893.09375,4.596479892730713
