train_sample_num,rmse,nrmse,r2,nll,time
4,533.69,0.021467026,-0.01350572626728086,123.771484375,3.367676258087158
8,530.7271,0.02176578,-0.002283528170774707,136.14013671875,3.2750296592712402
16,2086.0864,0.41922984,-14.485053338671813,20.160295486450195,3.215277910232544
32,14143.002,0.1448974,-710.7562492634615,17.88201904296875,3.227229118347168
