train_sample_num,rmse,nrmse,r2,nll,time
4,176.02913,0.019510435,-0.05054943927085498,4284.92822265625,3.1634879112243652
8,176.39594,0.01950651,-0.05493207140275791,414.0308837890625,3.1281166076660156
16,176.68828,0.019544292,-0.058431825405830695,381.29449462890625,3.187774658203125
32,304.50375,0.14286454,-2.143639353082589,18.392492294311523,3.3707542419433594
