train_sample_num,rmse,nrmse,r2,nll,time
4,522.15686,0.019837856,0.029825009117876444,273855.96875,3.714346170425415
8,519.49884,0.019799162,0.03967725981737669,508800.46875,3.545091152191162
16,505.7909,0.03469767,0.0896884344874197,659241.625,3.5656135082244873
32,1684.0293,0.14807734,-9.091303686888223,13521715.0,3.497364044189453
