train_sample_num,rmse,nrmse,r2,nll,time
4,793.2793,0.010743845,-0.025973233133824047,24444.681640625,3.248842239379883
8,803.26514,0.011157301,-0.051965783305073954,34.111351013183594,3.1289024353027344
16,2634.8904,0.1430618,-10.31902331066485,15.803067207336426,3.3148441314697266
32,2488.379,0.10032427,-9.095245138306153,18.201326370239258,3.5193328857421875
