train_sample_num,rmse,nrmse,r2,nll,time
4,502.1205,0.018511552,-0.04774163023294942,146997.078125,10.15830659866333
8,501.67148,0.018499859,-0.04586867932999139,219015.765625,5.347984313964844
16,500.14307,0.01846218,-0.03950555051027105,255151.640625,3.9942777156829834
32,452.03058,0.018033698,0.15087034296043134,441783.375,4.129827260971069
