train_sample_num,rmse,nrmse,r2,nll,time
4,501.89264,0.018501997,-0.046791161025455885,3355.236328125,3.314309597015381
8,501.2238,0.018485876,-0.044002885812554515,13063.142578125,3.347050905227661
16,502.34775,0.01850697,-0.04869039951783072,1546.7490234375,3.1748688220977783
32,531.90533,0.023055444,-0.17572842242404096,83.64464569091797,3.442552328109741
