train_sample_num,rmse,nrmse,r2,nll,time
4,793.5462,0.010746329,-0.026663703590999344,533958.375,4.318238019943237
8,770.74384,0.010631276,0.03149032105100946,236424.375,4.900738716125488
16,999.7236,0.03184513,-0.6294598927069606,2277155.0,6.092682600021362
32,758.2149,0.014337112,0.06272188463599437,1520755.625,4.489742279052734
