train_sample_num,rmse,nrmse,r2,nll,time
4,12267.18,0.0155150825,-0.019326244176035123,147143952.0,3.16453218460083
8,12270.169,0.015516388,-0.019823306268324847,156956224.0,3.208317756652832
16,12262.704,0.015512777,-0.0185827832737413,216506240.0,3.1587672233581543
32,12268.879,0.015515669,-0.019608997716754173,243043280.0,3.088876485824585
