train_sample_num,rmse,nrmse,r2,nll,time
4,12283.219,0.015562467,-0.021993569066192986,30985.037109375,3.351017951965332
8,12230.353,0.015500278,-0.013215488282832366,16421.40234375,3.4361836910247803
16,12268.505,0.015520031,-0.01954660739982228,66243.9140625,3.301163673400879
32,12272.805,0.01551936,-0.02026140794080633,76914.2890625,3.2449209690093994
