train_sample_num,rmse,nrmse,r2,nll,time
4,500.13135,0.01846567,-0.03945698507372519,4975.759765625,1.5548474788665771
8,498.78998,0.018432772,-0.03388852418704391,6889.0185546875,1.351731538772583
16,493.7157,0.018322496,-0.01295980362646243,1231.39697265625,1.1239182949066162
32,418.99576,0.018975597,0.27044573409160144,7.012180328369141,1.2844455242156982
