train_sample_num,rmse,nrmse,r2,nll,time
4,12257.851,0.015510852,-0.01777639378205742,449409408.0,2.646409273147583
8,12261.616,0.015512403,-0.018402041797445312,429850464.0,2.6878669261932373
16,12253.173,0.015508344,-0.01700002130408529,443104064.0,2.634669303894043
32,12261.403,0.015512111,-0.018366658129501,441753856.0,2.6742632389068604
