train_sample_num,rmse,nrmse,r2,nll,time
4,793.4424,0.010745295,-0.026395339646389182,4270057.5,2.5413801670074463
8,774.55994,0.01063115,0.021876097435324038,2063220.5,2.7510714530944824
16,1187.7588,0.055683512,-1.3000663666157353,7547959.0,2.8361170291900635
32,811.2325,0.018462157,-0.07293779172667825,2876431.25,2.750317335128784
