train_sample_num,rmse,nrmse,r2,nll,time
4,12235.762,0.015531859,-0.014111701701474022,906.7265625,1.4341282844543457
8,12223.926,0.015495081,-0.012150697312439895,1765.4559326171875,1.4103262424468994
16,12217.414,0.015491935,-0.01107259100105229,1849.3935546875,1.3546156883239746
32,12222.179,0.015493602,-0.01186155570467573,3433.905517578125,1.3795158863067627
