train_sample_num,rmse,nrmse,r2,nll,time
4,509.05978,0.019805705,0.07788373248445968,13.231391906738281,1.5624496936798096
8,501.39807,0.019819714,0.10543197267129367,12.475933074951172,1.2897350788116455
16,487.20096,0.059194177,0.1553742256185695,7.370324611663818,1.1633570194244385
32,3451.479,0.20853809,-41.38952417690183,9.126431465148926,1.4329619407653809
