train_sample_num,rmse,nrmse,r2,nll,time
4,516.1879,0.019859886,0.05187905702579143,1799808.0,2.599964141845703
8,509.9259,0.019836763,0.0747432691641956,1695070.75,2.612802028656006
16,557.5129,0.05304573,-0.10600696164513512,1794584.625,2.7062201499938965
32,2119.4795,0.14748862,-14.984773464392925,27933560.0,2.6330344676971436
