train_sample_num,rmse,nrmse,r2,nll,time
4,176.61847,0.019543042,-0.057595766168226925,97800.828125,2.507063388824463
8,176.66328,0.01954955,-0.05813256759590768,141224.46875,2.601550340652466
16,176.42307,0.019529287,-0.05525684690761157,137115.953125,2.753134250640869
32,185.63132,0.054683656,-0.16828820600574046,149221.390625,2.8767685890197754
