train_sample_num,rmse,nrmse,r2,nll,time
4,501.76727,0.01850218,-0.04626821467330111,719500.75,2.6196506023406982
8,501.19574,0.018487487,-0.04388601661950897,732117.125,2.531845808029175
16,499.2934,0.0184413,-0.035976635485376995,695594.9375,2.606304168701172
32,445.3033,0.018307693,0.17595635792789566,430904.3125,2.830124616622925
