train_sample_num,rmse,nrmse,r2,nll,time
4,793.0503,0.010741001,-0.025380995478792467,44450.24609375,1.1048147678375244
8,763.528,0.010824184,0.049540339859736604,30.67391586303711,1.379929780960083
16,1403.1028,0.18596025,-2.20968752722292,7.873568534851074,1.2107446193695068
32,1090.5309,0.057138734,-0.9389196331972942,7.572797775268555,1.3301303386688232
