train_sample_num,rmse,nrmse,r2,nll,time
4,175.1609,0.019435352,-0.040211566752528904,680.4932250976562,1.2284104824066162
8,173.69456,0.019322023,-0.022868612318111214,917.2391967773438,1.2534699440002441
16,172.78339,0.019247625,-0.012165275830169131,1124.5244140625,1.2905290126800537
32,256.10498,0.1961232,-1.2237372998003186,6.0432448387146,1.3204748630523682
