train_sample_num,rmse,nrmse,r2,nll,time
4,497.84787,0.018416194,-0.029986905831041355,7.242394924163818,1.7437827587127686
8,497.17847,0.018399304,-0.027218838606560825,7.119451522827148,1.86033296585083
16,490.52313,0.018260635,9.813238319800188e-05,8.96464729309082,2.114771604537964
32,406.6742,0.019002816,0.31272332365249345,11.221169471740723,2.031684160232544
