train_sample_num,rmse,nrmse,r2,nll,time
4,176.25395,0.01950165,-0.05323455548772049,7.720173358917236,4.169614791870117
8,176.18478,0.019500125,-0.05240827315112018,7.779918670654297,3.9411025047302246
16,175.71722,0.01946108,-0.04682988256810572,8.724292755126953,4.427648305892944
32,220.05249,0.15504539,-0.6417236203107817,8.41636848449707,4.4255547523498535
