train_sample_num,rmse,nrmse,r2,nll,time
4,12235.814,0.015543681,-0.01412054794080464,12.26685905456543,2.2840752601623535
8,12211.604,0.015489152,-0.010111123456411075,11.903271675109863,2.726915121078491
16,12208.201,0.015487448,-0.00954847733995634,11.917109489440918,3.145202159881592
32,12205.586,0.015485878,-0.009115852083159792,11.611876487731934,2.9538371562957764
