train_sample_num,rmse,nrmse,r2,nll,time
4,507.25626,0.019966071,0.08440612214577004,8.241661071777344,4.614322662353516
8,500.01328,0.019817138,0.1103665985698854,8.985457420349121,4.187772274017334
16,581.4318,0.09474843,-0.20294476806240502,9.338007926940918,4.0638062953948975
32,2586.6213,0.120713525,-22.807498473144143,9.200399398803711,4.759839773178101
