train_sample_num,rmse,nrmse,r2,nll,time
4,793.4721,0.01074566,-0.026472050108516276,8.235400199890137,4.21702766418457
8,765.83844,0.010621098,0.04377930058403057,10.431044578552246,4.179938554763794
16,1338.6725,0.11746962,-1.921678589975392,10.787788391113281,4.106029510498047
32,859.0806,0.028103404,-0.20323811059961638,10.959117889404297,4.589778184890747
