train_sample_num,rmse,nrmse,r2,nll,time
4,496.11935,0.019596472,0.12416885987089565,12.098583221435547,1.848745346069336
8,489.9548,0.01969178,0.14579897169698575,12.199122428894043,1.9727864265441895
16,489.7018,0.10371169,0.14668082132640936,14.526729583740234,2.020512104034424
32,4244.9854,0.19155972,-63.12102353500801,16.236955642700195,2.2827160358428955
