train_sample_num,rmse,nrmse,r2,nll,time
4,12239.152,0.01550218,-0.014673813578192307,9.440903663635254,3.979496717453003
8,12241.109,0.015502681,-0.01499823223308061,9.39437484741211,3.8734445571899414
16,12231.527,0.015498098,-0.013409908525951142,9.371158599853516,4.486369848251343
32,12239.679,0.015501764,-0.01476117040668723,9.413122177124023,4.551069259643555
