train_sample_num,rmse,nrmse,r2,nll,time
4,501.68707,0.018498477,-0.04593356288294892,10.029874801635742,4.422933340072632
8,500.86884,0.018478205,-0.04252461943192465,8.997413635253906,4.543033599853516
16,497.45123,0.018398898,-0.02834624874837699,9.351088523864746,4.344593524932861
32,426.57523,0.01872602,0.24381242678814974,9.62649917602539,4.82237434387207
