train_sample_num,rmse,nrmse,r2,nll,time
4,792.6112,0.010735915,-0.024245951834763746,6.577610015869141,1.7809674739837646
8,745.6748,0.010828647,0.09346879204790637,9.409268379211426,1.8739385604858398
16,1507.2379,0.13958254,-2.7037993888894873,12.589887619018555,1.8294062614440918
32,1116.4973,0.09173125,-1.0323535059046711,12.433765411376953,2.1964690685272217
