train_sample_num,rmse,nrmse,r2,nll,time
4,174.11708,0.019372944,-0.027851187567269564,7.0477294921875,1.7927117347717285
8,171.40378,0.01916721,0.003933900763816167,6.757391452789307,1.7536792755126953
16,170.66914,0.019107841,0.012453897513586831,7.018770694732666,1.8996124267578125
32,243.22789,0.16039266,-1.0057378355329352,11.143146514892578,1.9882171154022217
