train_sample_num,rmse,nrmse,r2,nll,time
4,176.83073,0.019549342,-0.060139405637608334,11751.8447265625,2.8930506706237793
8,176.75166,0.019547243,-0.059191359424328294,13874.01171875,2.914005994796753
16,176.82822,0.019558657,-0.06010925431447944,12533.91796875,2.8419408798217773
32,232.1915,0.08543911,-0.8278480489584272,79205.4140625,3.6310362815856934
