train_sample_num,rmse,nrmse,r2,nll,time
4,793.2773,0.010743791,-0.025968009729543162,390339.6875,3.0481083393096924
8,760.4199,0.010590459,0.05726227077869239,79.91801452636719,3.038651466369629
16,904.7252,0.026050009,-0.3344959376698613,7.797996997833252,2.8421709537506104
32,784.49725,0.018961083,-0.003382806603568156,7.4862141609191895,3.2722244262695312
