train_sample_num,rmse,nrmse,r2,nll,time
4,12253.537,0.01551115,-0.017060482191318505,74758976.0,2.6981005668640137
8,12253.756,0.015511243,-0.01709665059783161,75474904.0,2.776895761489868
16,12256.045,0.015513358,-0.017476820423677264,83444912.0,2.9716031551361084
32,12273.032,0.015518079,-0.020299316719276872,107312544.0,2.9839999675750732
