train_sample_num,rmse,nrmse,r2,nll,time
4,176.67523,0.019551247,-0.05827553914022632,738.7385864257812,3.0116701126098633
8,175.54538,0.019418685,-0.044783312291658106,1072.2376708984375,2.926408529281616
16,173.52069,0.019276742,-0.02082195189627356,1757.25341796875,3.0055620670318604
32,294.58307,0.17422433,-1.9421376991660524,6.39442253112793,2.8234140872955322
