train_sample_num,rmse,nrmse,r2,nll,time
4,793.3281,0.01074418,-0.026099515607107993,305289.25,3.029228448867798
8,785.12524,0.010693818,-0.00498984895181942,150530.953125,3.573533058166504
16,796.72876,0.011177626,-0.03491517832848423,287056.21875,3.04019832611084
32,807.301,0.0109927775,-0.06256330810486732,448626.75,2.900738000869751
