train_sample_num,rmse,nrmse,r2,nll,time
4,12270.96,0.015518165,-0.019954594075460186,834.37841796875,3.030468702316284
8,12203.294,0.015484059,-0.008737124844090838,10940.6650390625,2.8743817806243896
16,12197.167,0.015481218,-0.007724383824694092,28965.28515625,3.066328287124634
32,12196.114,0.015481309,-0.007550369539285784,57867.92578125,3.4927139282226562
