train_sample_num,rmse,nrmse,r2,nll,time
4,501.52066,0.01849586,-0.04523998705036836,102691.3203125,2.642937421798706
8,501.6957,0.018498737,-0.04596970709854231,84270.640625,3.9258081912994385
16,500.27368,0.018456882,-0.04004865136081248,106901.21875,2.734276056289673
32,459.15274,0.01878958,0.12390205817806133,202099.28125,2.579697847366333
