train_sample_num,rmse,nrmse,r2,nll,time
4,502.3519,0.019964436,0.10202524013524639,63.39897537231445,3.4459991455078125
8,492.0465,0.019716877,0.1384899656560883,77.05577087402344,3.0842957496643066
16,563.1152,0.03945871,-0.1283465657913554,7.467961311340332,2.903909683227539
32,1693.6243,0.18967758,-9.20662646180468,9.164892196655273,2.9614651203155518
