train_sample_num,rmse,nrmse,r2,nll,time
4,521.84485,0.019931998,0.030984161475706262,78015.3125,2.7576186656951904
8,522.0572,0.019817492,0.0301954738933502,93719.4375,2.996323347091675
16,551.6074,0.02218466,-0.08270052706140918,218259.203125,2.97967267036438
32,625.70953,0.040978357,-0.3931361705894485,579597.25,2.7584242820739746
