train_sample_num,rmse,nrmse,r2,nll,time
4,501.47076,0.018492252,-0.04503214139102618,9779.3505859375,2.9890072345733643
8,500.91946,0.018482564,-0.04273534922578204,8080.66259765625,2.928879737854004
16,495.77826,0.018341184,-0.021441109663066227,2563.69970703125,2.9636054039001465
32,389.92987,0.019575724,0.36815389589215497,24.97479820251465,3.0379443168640137
