train_sample_num,rmse,nrmse,r2,nll,time
4,501.8328,0.018503776,-0.046541238417899145,91274.0234375,4.235215663909912
8,501.23,0.018488264,-0.04402874772636012,136751.265625,3.7087390422821045
16,499.2968,0.018441342,-0.03599090472596056,167881.6875,3.430163860321045
32,445.05185,0.018354084,0.1768868045537726,341817.1875,3.6415112018585205
