train_sample_num,rmse,nrmse,r2,nll,time
4,176.60007,0.019541927,-0.05737527963143929,13644.1337890625,3.232076644897461
8,176.71391,0.019553691,-0.058738889062567745,15563.33984375,3.8880794048309326
16,176.45854,0.019532286,-0.05568123944592318,17687.314453125,3.7433996200561523
32,190.01196,0.05919011,-0.22407857578542845,78209.2578125,3.7623047828674316
