train_sample_num,rmse,nrmse,r2,nll,time
4,516.21594,0.019859927,0.05177612505331286,146046.28125,2.84578537940979
8,509.94687,0.019837072,0.07466741441800984,233052.15625,2.6501808166503906
16,556.095,0.052660402,-0.10038834940085906,583406.625,2.7196731567382812
32,2111.8923,0.14722499,-14.870537294756144,15814707.0,2.6133291721343994
