train_sample_num,rmse,nrmse,r2,nll,time
4,793.4462,0.010745345,-0.02640526710515534,336110.71875,3.5043604373931885
8,774.5471,0.0106310155,0.021908455789181436,359599.84375,3.252190113067627
16,1187.0225,0.055592198,-1.2972156013217728,2302725.5,2.870011568069458
32,801.5623,0.017858064,-0.04751067387001018,1382683.375,2.99102520942688
