train_sample_num,rmse,nrmse,r2,nll,time
4,521.85706,0.020816362,0.030938694276260503,9.128912925720215,4.02993106842041
8,495.0078,0.019865097,0.12808892916866355,20.648794174194336,3.8390285968780518
16,1402.0298,0.40367633,-5.99459426316763,7.839963436126709,4.297492742538452
32,12557.463,0.09649981,-560.1149513971593,9.811148643493652,3.920437812805176
