train_sample_num,rmse,nrmse,r2,nll,time
4,501.90845,0.018502593,-0.046857055360527866,1928.655029296875,3.1638402938842773
8,500.58316,0.018463878,-0.04133583892385673,2325.311767578125,3.1569464206695557
16,495.8437,0.018339623,-0.021710695157265425,622.4779052734375,3.049543857574463
32,373.71564,0.019276133,0.4196087379411052,16.173534393310547,2.993410348892212
