train_sample_num,rmse,nrmse,r2,nll,time
4,793.2792,0.010743842,-0.02597299287664545,22283.4921875,3.0542502403259277
8,786.51575,0.011058457,-0.008552909670172637,15.543926239013672,3.4900224208831787
16,2309.4668,0.07229902,-7.695754429465403,8.181037902832031,3.497307300567627
32,2530.4204,0.07926906,-9.43924805015978,8.094259262084961,4.211002826690674
