train_sample_num,rmse,nrmse,r2,nll,time
4,12257.853,0.015510851,-0.017776894862554737,100368976.0,2.7375054359436035
8,12261.631,0.01551241,-0.018404526495920503,108044544.0,2.6123104095458984
16,12253.197,0.015508355,-0.017004056586636285,158246864.0,2.8000686168670654
32,12261.422,0.015512121,-0.018369700781603493,184424864.0,3.1726133823394775
