train_sample_num,rmse,nrmse,r2,nll,time
4,175.87495,0.019478096,-0.04870995951839574,487.4932861328125,3.351454496383667
8,176.62624,0.01951207,-0.05768866929839267,218.9633331298828,3.1008379459381104
16,176.80287,0.019528085,-0.0598052873221433,220.45843505859375,3.317852020263672
32,195.34106,0.107808754,-0.2937026275493859,5.675358772277832,3.92850399017334
