train_sample_num,rmse,nrmse,r2,nll,time
4,12272.587,0.015556165,-0.02022524810059867,409.9608459472656,4.68090295791626
8,12203.869,0.015486381,-0.008832120350328543,2468.541259765625,4.578944683074951
16,12194.763,0.015480566,-0.007327216266922454,7695.125,5.957958221435547
32,12182.453,0.015475057,-0.005294837935089225,15049.0439453125,4.943748474121094
