train_sample_num,rmse,nrmse,r2,nll,time
4,1.251013,0.10991868,-0.5452132531676608,3.5029406547546387,0.827347993850708
8,1.1682732,0.14320013,-0.347577016711315,2.4122273921966553,0.828834056854248
16,1.1200358,0.15475683,-0.23859282065710885,2.286656141281128,0.8750901222229004
32,1.0850966,0.14430039,-0.16252309036731893,1.9120254516601562,0.9799816608428955
