train_sample_num,rmse,nrmse,r2,nll,time
4,1.2769883,0.18573456,-7.457329413167992,1.8659560680389404,2.9345831871032715
8,1.3521073,0.20600821,-8.481601523293863,4.650886535644531,2.629903793334961
16,1.3255123,0.2298417,-8.112278072603962,5.889014720916748,2.7016050815582275
32,1.1347529,0.2063286,-5.678240942836793,5.436664581298828,2.6653316020965576
