train_sample_num,rmse,nrmse,r2,nll,time
4,1.0808227,0.13982168,-6.175761405832827,0.7209210991859436,2.603123188018799
8,0.97125196,0.15717165,-4.794593360521281,1.3265832662582397,2.6391491889953613
16,1.1864514,0.23283535,-7.64687344862271,3.243609666824341,2.6192879676818848
32,1.2250572,0.20771843,-8.21874895517535,7.479411602020264,2.5184357166290283
