train_sample_num,rmse,nrmse,r2,nll,time
4,1.6044586,0.17562008,-12.808787013953937,4.478845119476318,2.6419336795806885
8,1.600412,0.17913187,-12.739222473058236,7.235273838043213,2.660559892654419
16,1.5686548,0.1791249,-12.199370973647225,10.096914291381836,2.703427791595459
32,1.4734846,0.18483056,-10.646348513193729,10.88638687133789,2.716495990753174
