train_sample_num,rmse,nrmse,r2,nll,time
4,0.5373048,0.1995489,-0.49727292998640316,0.18604113161563873,2.512521743774414
8,0.40390947,0.22630231,0.15388858779583692,-0.3812415301799774,2.5739243030548096
16,0.33215675,0.15301123,0.4278028659627642,-0.6364483833312988,2.4718849658966064
32,0.2652489,0.12287676,0.6351060960548309,-0.822510302066803,2.4954874515533447
