train_sample_num,rmse,nrmse,r2,nll,time
4,0.7894782,0.12904468,-1.1601244645154654,2.0974903106689453,2.3991341590881348
8,0.59449774,0.11236195,-0.22489543020128644,0.5612368583679199,2.2971370220184326
16,0.44583455,0.09724492,0.31111622159472874,-0.24330174922943115,2.3759963512420654
32,0.28186113,0.13666336,0.7246602327404175,-0.7788072228431702,2.4091310501098633
