train_sample_num,rmse,nrmse,r2,nll,time
4,0.3585825,0.11930536,0.482117048123879,-0.524418830871582,2.5860371589660645
8,0.35504234,0.15693703,0.49229236269889776,-0.5560269951820374,2.512204885482788
16,0.39384434,0.16243601,0.37525529456328255,-0.4577302634716034,2.506438732147217
32,0.31573963,0.1585869,0.5984758960428396,-0.6282992362976074,2.572169542312622
