train_sample_num,rmse,nrmse,r2,nll,time
4,0.7814956,0.13041872,-2.276057851893818,2.571932315826416,2.397901773452759
8,0.6728232,0.12614727,-1.4282894573827418,1.958605170249939,2.382155656814575
16,0.49159107,0.10923174,-0.2963029801398822,0.1472904086112976,2.349423408508301
32,0.37913105,0.106227666,0.2289593378964081,-0.4639621675014496,2.4827749729156494
