train_sample_num,rmse,nrmse,r2,nll,time
4,1.1502019,0.22201137,-7.1265718048806725,6.927000045776367,3.711519241333008
8,0.6137275,0.16899163,-1.3137176295811832,5.623894691467285,3.511918067932129
16,0.632553,0.24202658,-1.4578362876774382,6.5792670249938965,3.418490171432495
32,0.2448498,0.14802212,0.6317365930805388,4.4857497215271,3.9014201164245605
