train_sample_num,rmse,nrmse,r2,nll,time
4,0.74147123,0.2417168,-1.2143285281111789,3.461726427078247,3.480195999145508
8,0.71063805,0.17586794,-1.0339971547550029,4.671391010284424,3.4057788848876953
16,0.5844177,0.12049032,-0.37562533730859426,4.696809768676758,3.469897747039795
32,0.93966395,0.3113358,-2.5563014840233644,4.643014430999756,3.8711435794830322
