train_sample_num,rmse,nrmse,r2,nll,time
4,1.3727325,0.2924118,-5.530859377957359,7.5885329246521,3.99310040473938
8,0.9870279,0.22193283,-2.376427044608008,6.245837211608887,3.7804372310638428
16,0.7777921,0.20759659,-1.0966482376666962,5.701198577880859,3.7694413661956787
32,0.75149596,0.13913418,-0.9572746883273693,5.990116119384766,4.208589792251587
