train_sample_num,rmse,nrmse,r2,nll,time
4,0.59299594,0.27502126,-0.8862616970527857,5.058916091918945,3.7763161659240723
8,0.52645266,0.25195086,-0.48667921355282573,4.793432235717773,3.5554895401000977
16,0.6093714,0.26380792,-0.9918779171890635,4.201582431793213,3.515068531036377
32,1.151759,0.31924978,-6.115767883187032,5.5102643966674805,4.021612167358398
