train_sample_num,rmse,nrmse,r2,nll,time
4,0.6900258,0.13240974,-1.5540488581147591,0.051331356167793274,2.4785408973693848
8,0.6494513,0.11841647,-1.2625164914060494,-0.15726296603679657,2.4870481491088867
16,0.5845807,0.100342,-0.833105645183329,-0.369278222322464,2.5131938457489014
32,0.3088195,0.1864059,0.4884266265951819,-0.7127349376678467,2.4978628158569336
