train_sample_num,rmse,nrmse,r2,nll,time
4,0.8609661,0.13615347,-1.569038555994819,0.18074984848499298,2.32498836517334
8,0.38664585,0.15063564,0.4818860875373272,-0.3692860007286072,2.2923479080200195
16,0.36289737,0.1362797,0.5435784419973713,-0.550032377243042,2.2626919746398926
32,0.32445726,0.108352065,0.6351507116441368,-0.6962078809738159,2.383883237838745
