train_sample_num,rmse,nrmse,r2,nll,time
4,0.5949966,0.116423436,-0.4258778100482674,-0.06226979196071625,2.481865882873535
8,0.48222068,0.100027636,0.06341957522578845,-0.24731507897377014,2.434779644012451
16,0.3489748,0.10376189,0.5094972217026914,-0.47891053557395935,2.38432240486145
32,0.31121433,0.10770106,0.609902996173036,-0.6647229790687561,2.4436638355255127
