train_sample_num,rmse,nrmse,r2,nll,time
4,0.4437889,0.110268936,-0.021438734680324645,-0.17054450511932373,2.6282577514648438
8,0.43320853,0.10202725,0.02668475956075722,-0.3197193443775177,2.373288631439209
16,0.39782766,0.09196969,0.17917716043736087,-0.5320446491241455,2.4682750701904297
32,0.28181595,0.10924845,0.5881011129464402,-0.7356366515159607,2.4658689498901367
