train_sample_num,rmse,nrmse,r2,nll,time
4,0.5689339,0.09208347,-0.3036980542959773,-0.04948311299085617,2.341989755630493
8,0.53443176,0.097476065,-0.15037080506674338,-0.18668413162231445,2.2620022296905518
16,0.481438,0.1450449,0.066457382596818,-0.2876039743423462,2.295928955078125
32,0.35635698,0.09551755,0.48852559903459236,-0.5382778644561768,2.339015483856201
