train_sample_num,rmse,nrmse,r2,nll,time
4,1.3966911,0.15701973,-5.760817565363309,1.2953400611877441,2.3578789234161377
8,1.068883,0.1361722,-2.9596685253495916,0.5599199533462524,2.2796008586883545
16,0.7243799,0.1131099,-0.8185754585242606,0.009029125794768333,2.351452350616455
32,0.26241782,0.18291399,0.761336920822152,-0.6174848675727844,2.29591965675354
