train_sample_num,rmse,nrmse,r2,nll,time
4,0.60404027,0.16096191,-1.2412531008298187,0.13253431022167206,2.3274669647216797
8,0.5749323,0.2993946,-1.030450817784418,-0.028807515278458595,2.2247257232666016
16,0.41296205,0.12567043,-0.0475612850587559,-0.4606064260005951,2.358487129211426
32,0.21437608,0.12121831,0.7176994031211339,-0.7629699110984802,2.282982587814331
