train_sample_num,rmse,nrmse,r2,nll,time
4,0.54644835,0.18060485,-0.24297485510513916,-0.10842265188694,2.7312240600585938
8,0.5482136,0.18889269,-0.25101856678908785,-0.011803689412772655,2.6418044567108154
16,0.52997977,0.19032313,-0.16918341766540856,0.23741178214550018,4.246295213699341
32,0.3775048,0.41171026,0.4067892450965279,0.04400016739964485,4.587941646575928
