train_sample_num,rmse,nrmse,r2,nll,time
4,0.4839678,0.15164396,0.1936662487393973,-0.40609535574913025,2.813772678375244
8,0.5003679,0.16197053,0.13809244424871736,0.056732453405857086,2.738363742828369
16,0.45081797,0.16617762,0.3003443761544491,-0.023361939936876297,2.892833709716797
32,0.40097597,0.30465803,0.44649876045895254,0.3355218470096588,2.587725877761841
