train_sample_num,rmse,nrmse,r2,nll,time
4,0.43627915,0.19203117,0.27404249389743796,-0.4312673807144165,3.78324294090271
8,0.41701946,0.21020037,0.33672310894107915,-0.3852502405643463,2.6812777519226074
16,0.40185398,0.20963079,0.3840878514116429,-0.16319972276687622,2.665252208709717
32,0.40116444,0.20172717,0.38619979861174114,0.31772270798683167,2.8299453258514404
