train_sample_num,rmse,nrmse,r2,nll,time
4,0.47828996,0.14946552,0.21247486476295352,1.0552805662155151,3.123420238494873
8,0.4829967,0.14913248,0.19689896942544816,1.2521229982376099,3.3651533126831055
16,0.44082946,0.16968535,0.33100452394235136,0.7351635694503784,3.096132755279541
32,0.39190486,0.25772256,0.47125879527983217,0.24387134611606598,3.0160062313079834
