train_sample_num,rmse,nrmse,r2,nll,time
4,0.4745163,0.1640498,0.0627264883607137,2.702817440032959,2.931279182434082
8,0.48628125,0.15517665,0.015673612570041184,2.796304941177368,2.806994676589966
16,0.46525878,0.15324788,0.09894106835310357,2.5312507152557373,2.9801039695739746
32,0.38615358,0.18820603,0.37929651282204924,0.9803212881088257,3.107219934463501
