train_sample_num,rmse,nrmse,r2,nll,time
4,0.42589048,0.18508716,0.3082040368608163,2.2561323642730713,2.720531463623047
8,0.41294542,0.20863421,0.34961950960466803,2.020968437194824,2.4762182235717773
16,0.39631075,0.20933446,0.40096264340698473,1.8661750555038452,2.598719358444214
32,0.39762244,0.20305325,0.39699078256385256,1.7660346031188965,2.8560914993286133
