train_sample_num,rmse,nrmse,r2,nll,time
4,0.54934025,0.094744325,-0.012872227572063855,2.7704639434814453,3.084723711013794
8,0.43671238,0.37147576,0.35987780273403747,3.3468072414398193,2.9411609172821045
16,0.42883283,0.3202898,0.38276880642772226,2.8010425567626953,2.92332124710083
32,0.42367202,0.2829395,0.39753566282239594,2.406031608581543,2.847724676132202
