train_sample_num,rmse,nrmse,r2,nll,time
4,0.9655664,0.40465766,-2.1292204872685465,4.497547626495361,4.69378924369812
8,0.6313583,0.3474193,-0.3379001037828895,4.1567769050598145,4.673026084899902
16,0.6534328,0.3430724,-0.43309046385014516,4.3382978439331055,5.111384391784668
32,0.65378,0.34099185,-0.4346139059342158,4.526454448699951,5.42993426322937
