train_sample_num,rmse,nrmse,r2,nll,time
4,0.7222312,0.3547901,-0.9894579370115666,6.096434116363525,4.3973729610443115
8,0.77820486,0.36284712,-1.3097774134451634,6.3476786613464355,4.573772668838501
16,0.74825937,0.35407525,-1.1354358364270825,6.372014045715332,4.4349915981292725
32,0.7626164,0.35735264,-1.21816812704244,6.914023399353027,5.386069297790527
