train_sample_num,rmse,nrmse,r2,nll,time
4,0.5351495,0.28866926,-0.19210462844869935,4.528473854064941,4.308152437210083
8,0.5071109,0.2886436,-0.0704586413119821,6.187554836273193,4.161915063858032
16,0.5078302,0.28839523,-0.07349794150181754,4.596247673034668,4.220328330993652
32,0.63519627,0.3073988,-0.6794996990194484,4.498250484466553,5.1649274826049805
