train_sample_num,rmse,nrmse,r2,nll,time
4,0.5286416,0.3420956,0.037934652911093325,5.443471908569336,3.9399733543395996
8,0.5328575,0.34073853,0.022528542259077966,5.538259983062744,3.9210407733917236
16,0.549169,0.3361547,-0.03823067540740133,5.568597316741943,3.825622797012329
32,0.6199955,0.33746302,-0.3233020046531787,5.416849136352539,4.742075443267822
