train_sample_num,rmse,nrmse,r2,nll,time
4,0.45460343,0.1491124,0.2885451936627256,-0.34242770075798035,2.774904727935791
8,0.48517427,0.13650909,0.1896409556823906,-0.3604438304901123,2.70306396484375
16,0.4407594,0.14639843,0.3312172888390037,-0.4291856288909912,2.550144910812378
32,0.36757955,0.21776947,0.5348590702479863,-0.15981513261795044,2.9335691928863525
