train_sample_num,rmse,nrmse,r2,nll,time
4,0.47409725,0.2185828,-0.05200619982956867,-0.30288344621658325,2.7011117935180664
8,0.3640695,0.28590596,0.379628347250504,-0.534149169921875,2.5259528160095215
16,0.34774235,0.27142867,0.4340233050729202,-0.5376061797142029,2.349137306213379
32,0.33231175,0.2740346,0.48313777121877,-0.36577358841896057,2.3679046630859375
