train_sample_num,rmse,nrmse,r2,nll,time
4,0.43040442,0.13367034,0.22888785727162497,-0.30239492654800415,2.843601942062378
8,0.45366046,0.13113119,0.14330555141787493,-0.4017643332481384,2.6521155834198
16,0.45336306,0.1275462,0.1444285005077064,-0.48596251010894775,2.6196446418762207
32,0.34074575,0.18912838,0.5166908834260764,-0.52669358253479,2.635284900665283
