train_sample_num,rmse,nrmse,r2,nll,time
4,0.41154304,0.19418025,0.35402944251582824,-0.32651519775390625,2.646531105041504
8,0.37859705,0.18509896,0.45331564704918625,-0.4177809953689575,2.6273391246795654
16,0.36370093,0.15459883,0.4954886059177642,-0.5124951004981995,2.5901668071746826
32,0.3581837,0.15388103,0.5106789779177492,-0.24435989558696747,2.587399482727051
