train_sample_num,rmse,nrmse,r2,nll,time
4,0.41559106,0.16137795,0.19161954091099642,-0.4430931508541107,2.480376958847046
8,0.42187533,0.16257615,0.16698735753403138,-0.3809688091278076,2.3488354682922363
16,0.38333824,0.1886954,0.31222282739069174,-0.3172105550765991,2.585446357727051
32,0.3789753,0.19374269,0.32778965225657475,0.05535190552473068,2.9814212322235107
