train_sample_num,rmse,nrmse,r2,nll,time
4,0.4835457,0.1495374,0.1950721682385459,-0.3983265161514282,2.521256446838379
8,0.4453197,0.15934892,0.31730654460058694,-0.42863354086875916,2.5838003158569336
16,0.4161677,0.18428597,0.4037632903122309,-0.2880087196826935,2.6631131172180176
32,0.39308742,0.25724852,0.4680630471454498,0.3369387090206146,2.575968027114868
