train_sample_num,rmse,nrmse,r2,nll,time
4,0.4874142,0.18381846,0.011081580094157162,-0.3544062376022339,2.7350034713745117
8,0.48143396,0.16832437,0.03519947615115837,-0.3999004662036896,2.695166826248169
16,0.44041446,0.1757249,0.19260307174612268,-0.39067450165748596,2.514972686767578
32,0.38729084,0.20281966,0.3756350524159551,0.02881542220711708,2.6340699195861816
