train_sample_num,rmse,nrmse,r2,nll,time
4,0.4331857,0.190243,0.2843009907660413,-0.42840489745140076,2.376962900161743
8,0.41610134,0.20990635,0.339640482356805,-0.39844536781311035,3.048055648803711
16,0.3974181,0.21020706,0.397610321158437,-0.23583003878593445,3.116891384124756
32,0.3997881,0.20259765,0.390404183387397,0.28765004873275757,2.7298898696899414
