train_sample_num,rmse,nrmse,r2,nll,time
4,0.8499233,0.45759347,-2.1260391687899114,3.8160648345947266,2.296422243118286
8,0.7579612,0.42513534,-1.486158701838952,4.997560024261475,2.305415153503418
16,0.7873493,0.43656382,-1.6826855378687,10.429879188537598,2.2447502613067627
32,0.77418894,0.4329679,-1.593754217482246,17.90340805053711,2.417119264602661
