train_sample_num,rmse,nrmse,r2,nll,time
4,0.7185638,0.38703072,-1.2503301917951255,2.831930637359619,2.5367817878723145
8,0.5972924,0.3399249,-0.5548537944746759,2.704671621322632,2.3558762073516846
16,0.65697634,0.36288014,-0.8811140187818485,6.842554092407227,2.4247798919677734
32,0.61217695,0.34429002,-0.6333133652875242,9.114154815673828,2.42822003364563
