train_sample_num,rmse,nrmse,r2,nll,time
4,0.2591161,0.29519737,0.7136861064115587,0.1985032707452774,2.279583215713501
8,0.24185903,0.25827047,0.750553038567363,0.1470559984445572,2.370213031768799
16,0.24323459,0.26070702,0.7477075348127332,0.16523799300193787,2.3087856769561768
32,0.24800639,0.2687576,0.7377114441431375,0.24482473731040955,2.28507661819458
