train_sample_num,rmse,nrmse,r2,nll,time
4,0.31596056,0.23146047,0.56798323149139,0.4875416159629822,2.7437286376953125
8,0.28399876,0.22269414,0.6509660120063296,0.0153042646124959,2.571127414703369
16,0.24787381,0.22046687,0.7341135561124079,-0.42020243406295776,2.969393730163574
32,0.23763967,0.25545117,0.7556159763995415,-0.5731707215309143,2.4784345626831055
