train_sample_num,rmse,nrmse,r2,nll,time
4,0.3736226,0.25512916,0.4364580350952528,5.792226791381836,4.733341455459595
8,0.45200524,0.26713932,0.1752032389636985,5.8321075439453125,5.886842727661133
16,0.49994308,0.27567843,-0.009023142129357398,5.888094902038574,6.65351676940918
32,0.5114504,0.26951218,-0.05600799784424004,5.859444618225098,8.60799264907837
