train_sample_num,rmse,nrmse,r2,nll,time
4,0.46781197,0.29943845,0.046197994348021854,4.476107120513916,8.854010105133057
8,0.5090962,0.3102251,-0.12957564771192498,4.539859771728516,8.778329133987427
16,0.5111062,0.2993426,-0.13851268473075073,4.6517252922058105,6.507066011428833
32,0.5317825,0.30140373,-0.23249087042845207,4.748401165008545,8.323933839797974
