train_sample_num,rmse,nrmse,r2,nll,time
4,0.3145233,0.17549099,0.5255369483617502,6.629860877990723,6.769322633743286
8,0.38264015,0.18467547,0.29777257106384325,6.6684184074401855,5.538731098175049
16,0.41383493,0.18391676,0.17860702970732645,6.66367244720459,4.775458812713623
32,0.4355075,0.19197272,0.0903213243202442,6.642968654632568,6.173109292984009
