train_sample_num,rmse,nrmse,r2,nll,time
4,0.22702749,0.19414836,0.75279708500137,-0.6664706468582153,2.8777801990509033
8,0.18096662,0.13954328,0.842929883322064,-0.8960200548171997,2.8429811000823975
16,0.17038642,0.1635544,0.860759155247429,-1.1393637657165527,3.0992956161499023
32,0.14851153,0.1447787,0.8942167287560754,-1.2806158065795898,2.9046292304992676
