train_sample_num,rmse,nrmse,r2,nll,time
4,0.65169764,0.2681304,-0.8510065839336696,-0.21286894381046295,2.8160929679870605
8,0.29814678,0.261482,0.6125854313959962,-0.7032935619354248,2.6640002727508545
16,0.2329098,0.25215214,0.7635762375717386,-0.9267961382865906,2.286952257156372
32,0.20785715,0.25513378,0.8117020655094824,-0.9187474846839905,2.5730061531066895
