train_sample_num,rmse,nrmse,r2,nll,time
4,0.33460072,0.24792719,0.5480256547892237,-0.5126228928565979,2.3029441833496094
8,0.380828,0.2410122,0.4145123849906116,-0.6100717782974243,2.386474847793579
16,0.35673156,0.24155596,0.486260313813382,-0.7096357941627502,2.554492473602295
32,0.2280464,0.2533083,0.7900545341199543,-0.8930385112762451,2.9916999340057373
