train_sample_num,rmse,nrmse,r2,nll,time
4,0.35212424,0.25368026,0.4994448573833562,-0.5107007622718811,2.194331645965576
8,0.30306414,0.25765356,0.6292090348620945,-0.630917489528656,2.2254445552825928
16,0.24345332,0.23392813,0.7607282441867702,-0.7766960859298706,2.206990957260132
32,0.20450483,0.17243011,0.8311631373190471,-0.8539475202560425,2.28275728225708
