train_sample_num,rmse,nrmse,r2,nll,time
4,0.49255988,0.33867773,-0.04991211191150846,-0.1332392543554306,2.197036027908325
8,0.38862315,0.30606237,0.3464298678303611,-0.23917533457279205,2.2717747688293457
16,0.3104408,0.25601938,0.5829457384368382,-0.40895867347717285,2.2145392894744873
32,0.23329364,0.22912191,0.7644729936873113,-0.5848085880279541,2.1654982566833496
