train_sample_num,rmse,nrmse,r2,nll,time
4,0.31779817,0.23203331,0.5156051838197646,-0.5931717157363892,2.188559055328369
8,0.19767462,0.16856948,0.8125875193380737,-0.9118984937667847,2.103900194168091
16,0.1528197,0.123013146,0.8879903786400378,-1.1650699377059937,2.2403266429901123
32,0.16555183,0.14274828,0.8685487858799169,-1.156616449356079,2.2103404998779297
