cost,rmse,r2,nll,nrmse,time
18,0.10397402,0.9778893741191033,-0.03706008568406105,0.31055593,1.9595398902893066
