train_sample_num,rmse,nrmse,r2,nll,time
4,0.5904307,0.09893055,0.5949218539137145,0.03325861319899559,0.9336507320404053
8,0.58999735,0.09906274,0.5955163413492701,-0.10521232336759567,1.051032543182373
16,0.589878,0.09910105,0.5956798793729237,0.01745600253343582,1.1275393962860107
32,0.58984154,0.099113256,0.5957299087084605,0.13034315407276154,0.917686939239502
