train_sample_num,rmse,nrmse,r2,nll,time
4,0.60844547,0.1004068,0.569825931589152,4.510324478149414,1.396442174911499
8,0.60792506,0.10016971,0.5705614911972525,4.5117926597595215,1.3148741722106934
16,0.60802275,0.10017868,0.5704234441430358,4.521245002746582,1.3410203456878662
32,0.60824865,0.10019355,0.5701041951185108,4.545246601104736,1.4318342208862305
