train_sample_num,rmse,nrmse,r2,nll,time
4,0.8796763,0.06112201,0.10081991879507557,0.10006414353847504,0.7996573448181152
8,0.879015,0.06110641,0.10217112158636943,-0.09181379526853561,0.7148919105529785
16,0.78943974,0.066422015,0.2758326383658729,-0.27512723207473755,0.8122491836547852
32,0.73387545,0.0693724,0.3741855626461815,-0.41837653517723083,0.724172830581665
