train_sample_num,rmse,nrmse,r2,nll,time
4,0.5904307,0.09893055,0.5949218539137145,0.03325861319899559,1.261352300643921
8,0.58999735,0.09906274,0.5955163413492701,-0.10521232336759567,1.1655006408691406
16,0.589878,0.09910105,0.5956798793729237,0.01745600253343582,1.140160083770752
32,0.58984154,0.099113256,0.5957299087084605,0.13034315407276154,1.0425219535827637
