train_sample_num,rmse,nrmse,r2,nll,time
4,4.78368,0.112925276,-0.18670146386675235,109.22700500488281,4.420215606689453
8,3.9757872,0.28331742,0.18028384797849129,2.6566836833953857,4.829940557479858
16,2.1867807,0.15378545,0.7520136548541743,1.5735723972320557,4.317291021347046
32,3.3806856,0.26411545,0.4073109595138614,13.337523460388184,5.380276918411255
