train_sample_num,rmse,nrmse,r2,nll,time
4,4.639978,0.15168346,-0.11647517117137185,25.75189971923828,3.0728249549865723
8,4.7934866,0.2764717,-0.19157190049987882,46.630889892578125,2.853166103363037
16,5.0569563,0.19997399,-0.32615913517575734,46.13734817504883,3.4435408115386963
32,4.327718,0.19580662,0.028740928412837374,66.55343627929688,3.5220866203308105
