train_sample_num,rmse,nrmse,r2,nll,time
4,5.514206,0.25234497,-1.2958221906938028,38.683589935302734,3.1740264892578125
8,4.418514,0.15318789,-0.4740924605682735,37.46855545043945,3.147840738296509
16,4.49147,0.150058,-0.5231731063558442,23.115190505981445,2.829556941986084
32,4.462399,0.117475934,-0.5035197324226817,35.81601333618164,2.7920706272125244
