train_sample_num,rmse,nrmse,r2,nll,time
4,6.4324913,0.21250889,-0.5352709560830333,13.491671562194824,3.783423900604248
8,12.484413,0.27347112,-4.783128423255018,32.320777893066406,3.273446798324585
16,4.6607213,0.21645984,0.19400396539735287,3.0618529319763184,4.722255706787109
32,4.5074534,0.22441535,0.2461429273395983,58.78353500366211,5.213849782943726
