train_sample_num,rmse,nrmse,r2,nll,time
4,7.087165,0.2091707,-2.7203178007440854,6.828575611114502,3.740644931793213
8,12.174473,0.2643312,-9.978304091001945,16.9287052154541,2.997545003890991
16,7.6858964,0.27249455,-3.3754630367697818,8.903961181640625,3.03096866607666
32,7.5810723,0.177598,-3.256927251882253,19.489727020263672,3.4856033325195312
