train_sample_num,rmse,nrmse,r2,nll,time
4,3.6884494,0.13179864,-0.007679953602764966,9.904712677001953,3.3932993412017822
8,3.8122914,0.13717186,-0.07648296543442501,13.439175605773926,4.179694414138794
16,3.8666482,0.12871139,-0.10739939273279231,25.973342895507812,4.1267712116241455
32,4.4593544,0.19465815,-0.47291903075789254,53.32270050048828,3.763115882873535
