train_sample_num,rmse,nrmse,r2,nll,time
4,3.8251364,0.07156866,-0.1047555320819964,2.4437222480773926,3.2110190391540527
8,5.764544,0.10097155,-1.509008236219652,5.846889495849609,3.1986165046691895
16,11.092725,0.23648109,-8.290707811394837,77.7118911743164,3.225078821182251
32,4.0581074,0.140353,-0.2434242728493119,72.66204833984375,3.240313768386841
