train_sample_num,rmse,nrmse,r2,nll,time
4,5.8256707,0.17184688,-0.3928718504939164,38.277069091796875,3.8674497604370117
8,5.4218493,0.14013694,-0.2064635384524196,40.759029388427734,3.7525980472564697
16,4.489325,0.1358175,0.172855429735277,22.1052188873291,3.354335069656372
32,5.04258,0.15261018,-0.043577832121154625,44.97121047973633,3.2293577194213867
