train_sample_num,rmse,nrmse,r2,nll,time
4,4.736043,0.49654797,0.07944314039488376,47.623817443847656,3.30587100982666
8,7.728992,0.24097654,-1.451686707372942,6.281517505645752,3.581303596496582
16,7.1966906,0.2935275,-1.1256168865660854,3.8921475410461426,3.814607858657837
32,4.928195,0.21853656,0.0032298007851117028,7.387722015380859,3.121067762374878
