train_sample_num,rmse,nrmse,r2,nll,time
4,6.044582,0.18891296,-0.35568599921776634,43.609718322753906,3.1426022052764893
8,5.810769,0.15534163,-0.25283475424512014,55.275753021240234,3.101202964782715
16,4.964995,0.13713096,0.08533063756135972,28.885080337524414,3.316715955734253
32,5.199328,0.1473143,-0.0030463757997205576,43.1013069152832,3.042665481567383
