train_sample_num,rmse,nrmse,r2,nll,time
4,4.3805265,0.19722414,-0.4213059977274958,64.50499725341797,2.6795284748077393
8,3.7438107,0.14842264,-0.03815611723572254,46.97404861450195,2.809920072555542
16,3.5422664,0.12180726,0.0706114244066951,42.2027702331543,2.7856552600860596
32,3.2924554,0.11557597,0.19707544910463903,37.39631271362305,2.782175302505493
