train_sample_num,rmse,nrmse,r2,nll,time
4,5.1054096,0.11799586,-0.06974555236523106,154.5718536376953,2.727182388305664
8,5.024445,0.11119378,-0.03608534657150275,140.16598510742188,2.9572911262512207
16,4.1951857,0.12717816,0.2776933999295106,82.46180725097656,2.70772385597229
32,4.1707373,0.11481919,0.286087495240389,78.18055725097656,2.807457447052002
