train_sample_num,rmse,nrmse,r2,nll,time
4,3.3296301,0.16165808,0.16292514813389414,4.51393985748291,1.1982388496398926
8,3.3325229,0.07225586,0.16147019898136772,9.89067268371582,1.4040727615356445
16,2.7161736,0.16003408,0.4429587726418782,1.5178570747375488,1.2980930805206299
32,2.6929889,0.16779403,0.4524277174468221,1.5367001295089722,1.2435710430145264
