train_sample_num,rmse,nrmse,r2,nll,time
4,6.346242,0.12326812,-0.49437573745009566,3.412558078765869,1.1341149806976318
8,6.3791885,0.11796032,-0.5099322199926797,4.134943962097168,1.4286599159240723
16,4.2961917,0.14300172,0.31515253756086403,1.9962140321731567,1.7049615383148193
32,3.8030767,0.16603114,0.4633430445115646,1.9409668445587158,1.8135392665863037
