train_sample_num,rmse,nrmse,r2,nll,time
4,4.489361,0.1173389,0.1728423320857313,2.2744617462158203,1.3303089141845703
8,3.8955877,0.12843564,0.3771760603163644,1.965724229812622,1.2997157573699951
16,2.8923578,0.14916298,0.656660851227421,1.595410943031311,3.2669878005981445
32,2.8610663,0.20864266,0.6640496325090178,1.6446691751480103,1.4115629196166992
