train_sample_num,rmse,nrmse,r2,nll,time
4,4.1130342,0.11842773,0.12271257745092223,125.81839752197266,2.5709850788116455
8,4.8258276,0.18758626,-0.20770498532327952,189.03500366210938,2.9278006553649902
16,4.2437916,0.18834573,0.06604634824155209,120.20472717285156,2.5876998901367188
32,3.9333746,0.20332259,0.19767963755523277,100.95552825927734,2.4987411499023438
