train_sample_num,rmse,nrmse,r2,nll,time
4,3.509724,0.08214467,0.08760947660821006,1.8200725317001343,2.0863821506500244
8,2.8341968,0.18358141,0.405030148503543,1.5445876121520996,1.5479416847229004
16,2.7202647,0.120429166,0.4519032069425739,1.54816472530365,1.6541717052459717
32,3.0520036,0.16623259,0.3100700141502405,1.62751042842865,1.6980888843536377
