train_sample_num,rmse,nrmse,r2,nll,time
4,4.204677,0.14673856,-0.33486583170886286,142.44427490234375,3.0872483253479004
8,3.4309268,0.08996788,0.1112180852098752,89.78191375732422,3.092717170715332
16,3.2490668,0.085483134,0.20294270441170792,57.308231353759766,3.136634588241577
32,3.3249903,0.07298971,0.16525642073169267,59.17276382446289,3.1376821994781494
