train_sample_num,rmse,nrmse,r2,nll,time
4,5.505098,0.13322052,-0.1244928562629819,182.28843688964844,2.6778697967529297
8,5.5247965,0.1181728,-0.13255460568083288,174.17367553710938,2.769714593887329
16,4.5080357,0.13508864,0.2459481443694267,91.35493469238281,3.12827730178833
32,4.4755716,0.12986499,0.25676937556769663,89.50216674804688,2.980555295944214
