train_sample_num,rmse,nrmse,r2,nll,time
4,6.813189,0.37237036,-2.504880350818775,8.775894165039062,6.808901786804199
8,5.5494275,0.21784869,-1.3252448927564746,7.573824882507324,6.14168643951416
16,5.8063865,0.25642413,-1.545564820684143,7.4589314460754395,9.160943269729614
32,6.3489537,0.25636086,-2.0435230615038655,7.412376880645752,6.851955890655518
