train_sample_num,rmse,nrmse,r2,nll,time
4,4.0657444,0.18895712,0.1427700841790699,6.155909538269043,2.1479010581970215
8,3.1117072,0.18531469,0.4978717242478927,7.670682430267334,1.7865843772888184
16,3.092142,0.17283507,0.5041661831960842,7.939974784851074,1.6978991031646729
32,2.7881165,0.22698176,0.5968756493924564,7.516875743865967,1.9110941886901855
