train_sample_num,rmse,nrmse,r2,nll,time
4,3.4836555,0.13466157,0.5019307486154696,8.12263011932373,2.0434486865997314
8,3.3871686,0.14555112,0.5291387124096101,8.04776382446289,2.0336430072784424
16,3.3576777,0.2044551,0.5373023849564449,8.345573425292969,1.8545353412628174
32,2.457733,0.30551147,0.7520930200980378,8.536365509033203,2.3387320041656494
