train_sample_num,rmse,nrmse,r2,nll,time
4,3.572923,0.08670579,0.05445485406010575,6.514041900634766,1.8647212982177734
8,2.6565442,0.178348,0.47728014622374193,6.0836358070373535,2.4151203632354736
16,2.5496325,0.13739406,0.5185069059008267,6.222445011138916,2.1230380535125732
32,2.8878481,0.16640928,0.3822913860487296,6.756570339202881,1.9142065048217773
