train_sample_num,rmse,nrmse,r2,nll,time
4,3.4920764,0.11665834,0.07925401219748274,6.940135478973389,2.406513214111328
8,3.0648134,0.08098676,0.2907809876969517,4.8749284744262695,2.04976749420166
16,2.5903332,0.13954878,0.4933785126015836,6.1089653968811035,1.9304096698760986
32,2.588084,0.15309975,0.4942579863768203,6.425294399261475,1.9791572093963623
