train_sample_num,rmse,nrmse,r2,nll,time
4,4.7996254,0.18435495,-0.19462586057480613,6.983951568603516,4.9868199825286865
8,7.1755815,0.49201226,-1.670124398934123,10.807987213134766,4.9125330448150635
16,10.056029,0.47860596,-4.2440928803872495,10.423042297363281,4.284832000732422
32,9.420831,0.49041495,-3.602519730831802,10.005603790283203,4.563033103942871
