train_sample_num,rmse,nrmse,r2,nll,time
4,8.119295,0.27849042,-1.7055522035840065,7.343465805053711,4.60390567779541
8,7.792125,0.2465104,-1.4919031567558574,7.176204681396484,4.821381568908691
16,10.1150055,0.5062228,-3.1990541500954537,7.613677978515625,5.1395416259765625
32,9.857813,0.45013723,-2.9882319561876742,7.707487106323242,8.3357093334198
