train_sample_num,rmse,nrmse,r2,nll,time
4,10.237375,0.56831574,-6.762689340317266,8.259249687194824,4.929063320159912
8,7.707278,0.574911,-3.399841040277905,7.706264495849609,4.697942018508911
16,11.303691,0.5410609,-8.464015522378652,8.255607604980469,4.620791912078857
32,10.327794,0.5027963,-6.9004179692789345,8.132908821105957,5.219701051712036
