train_sample_num,rmse,nrmse,r2,nll,time
4,6.3916793,0.12538898,-0.5158509230193042,7.485063076019287,2.0734732151031494
8,6.305695,0.12035875,-0.475341322452667,7.184288501739502,1.8742892742156982
16,4.0869617,0.14830343,0.3802340829121489,7.646928310394287,2.0649566650390625
32,3.4427726,0.21560371,0.560212054330989,7.342536449432373,2.107391357421875
