train_sample_num,rmse,nrmse,r2,nll,time
4,7.895721,0.2883664,-1.313183914220014,8.212432861328125,5.2084643840789795
8,7.7050223,0.22947964,-1.2027964898777315,8.133071899414062,5.149268865585327
16,10.656376,0.4489339,-3.2135251152052717,8.786147117614746,5.201086759567261
32,9.5022545,0.46181476,-2.3502708607506695,8.546163558959961,5.6698317527771
