train_sample_num,rmse,nrmse,r2,nll,time
4,4.4222474,0.07847759,-0.01415265527987275,11.038756370544434,2.7171010971069336
8,2.936538,0.1976459,0.5528137161323514,2.4309749603271484,2.5966994762420654
16,3.042583,0.14736804,0.5199326963410338,3.1742165088653564,2.6847569942474365
32,2.4590406,0.227762,0.6864197636177867,4.269406318664551,2.869952440261841
