train_sample_num,rmse,nrmse,r2,nll,time
4,3.5421662,0.05838906,0.07066398210806601,4.249048233032227,3.592242956161499
8,3.4048696,0.047983065,0.14131100721208312,3.558802604675293,3.35329532623291
16,3.1807888,0.08764084,0.25061577589358697,3.9845287799835205,3.411452531814575
32,3.4495308,0.08866783,0.11863656912254916,6.4224982261657715,3.7567455768585205
