train_sample_num,rmse,nrmse,r2,nll,time
4,3.4561033,0.06708082,0.11527482788571641,1.6700241565704346,3.822377920150757
8,3.339288,0.04748135,0.17407099227210032,1.0876638889312744,3.675034523010254
16,1.6931077,0.039884698,0.7876735468735621,0.6235867142677307,4.4231297969818115
32,1.7697376,0.14614573,0.7680188404886649,3.0748047828674316,4.481728792190552
