train_sample_num,rmse,nrmse,r2,nll,time
4,6.2895255,0.11491822,-0.4677845173780486,3.1725995540618896,3.2360551357269287
8,5.629626,0.10247614,-0.17594120834858695,2.49550724029541,3.0282914638519287
16,0.83343905,0.06591843,0.9742264451077457,0.18608510494232178,4.742470741271973
32,0.9364639,0.08738563,0.9674606689281845,-0.02173091471195221,5.639097690582275
