train_sample_num,rmse,nrmse,r2,nll,time
4,6.055795,0.10441735,-0.505086828707985,3.042240858078003,3.716594696044922
8,5.888098,0.10066401,-0.42288322063545714,2.668522596359253,4.131840705871582
16,3.9536304,0.10763721,0.35847823370201526,2.490219831466675,4.335005283355713
32,1.010315,0.14643326,0.9581078277416487,0.4239344894886017,4.067515134811401
