train_sample_num,rmse,nrmse,r2,nll,time
4,3.6519399,0.06530534,-0.0069769179476752985,6.015142917633057,4.958584785461426
8,3.507498,0.06347982,0.07110371354555656,7.307784557342529,3.9446427822113037
16,4.0248356,0.0884614,-0.22311879568256643,3.984328031539917,3.307938814163208
32,2.631601,0.06763057,0.4771074709385187,-0.14656083285808563,3.2583510875701904
