train_sample_num,rmse,nrmse,r2,nll,time
4,5.297781,0.11396362,-0.04139269200085627,6.350327014923096,2.6120777130126953
8,5.0967617,0.10547922,0.036137066379518856,5.870826244354248,2.883272171020508
16,5.0497127,0.103542745,0.05385012782290599,5.887825965881348,2.6659343242645264
32,5.035526,0.10296195,0.059159208250436524,6.281291484832764,2.8539514541625977
