train_sample_num,rmse,nrmse,r2,nll,time
4,4.4015746,0.0833876,-0.00469314459950243,21.873252868652344,4.747718572616577
8,2.04974,0.17558855,0.782121286466525,0.9426187872886658,4.154683589935303
16,0.83578,0.28448316,0.9637755946207299,0.3289079964160919,4.3821632862091064
32,1.2025657,0.062008843,0.9250045699568166,0.46674659848213196,5.383357286453247
