train_sample_num,rmse,nrmse,r2,nll,time
4,5.1426353,0.10580346,-0.08540223730820817,5.850346565246582,3.3579492568969727
8,5.2092547,0.10856243,-0.11370572041154392,6.66297721862793,3.217803955078125
16,5.142175,0.10578765,-0.08520792622974893,6.376722812652588,3.2691900730133057
32,4.9902906,0.09963016,-0.02204716036171095,6.1745734214782715,3.4278788566589355
