train_sample_num,rmse,nrmse,r2,nll,time
4,3.5473568,0.067104496,0.04987212297521226,6.225468635559082,3.674320697784424
8,3.5684977,0.067906514,0.038513764715948584,7.296107292175293,3.970254421234131
16,3.2053454,0.05839325,0.22424974577040258,2.550163984298706,3.1276795864105225
32,3.2311878,0.059665542,0.21169059086989372,2.8302252292633057,3.635950803756714
