train_sample_num,rmse,nrmse,r2,nll,time
4,6.8725,0.14455226,-0.7524920732632083,3.8562684059143066,3.6099233627319336
8,4.997532,0.12226615,0.0733032153695573,5.884251594543457,4.119255542755127
16,1.3907311,0.10428125,0.9282349687965372,0.8428595662117004,3.8457934856414795
32,0.94169015,0.15536396,0.9670964643550872,0.30560940504074097,3.6661124229431152
