train_sample_num,rmse,nrmse,r2,nll,time
4,4.2251463,0.15507846,-0.3222649477674582,15.033870697021484,2.9381260871887207
8,3.6447563,0.11116352,0.016052581443145475,16.874378204345703,2.849792242050171
16,3.5043275,0.09885575,0.09041290004481306,27.881467819213867,2.770360231399536
32,3.2874563,0.10538415,0.1995119319605838,35.88911437988281,2.7355384826660156
