train_sample_num,rmse,nrmse,r2,nll,time
4,3.2908099,0.09515603,0.1978777622080813,1.840293288230896,3.46112060546875
8,1.8033185,0.10669292,0.7591316169657824,1.6351383924484253,4.279675245285034
16,0.80128735,0.07144052,0.9524433199805432,0.06233590096235275,3.277233362197876
32,0.9144608,0.15009332,0.9380608585262238,0.4471665322780609,4.838717699050903
