train_sample_num,rmse,nrmse,r2,nll,time
4,2.886214,0.08487614,0.658117944083429,1.2671245336532593,4.355684041976929
8,3.7414715,0.08548617,0.4254812586419484,1.9864028692245483,3.998171806335449
16,3.1430097,0.1583051,0.5945748193599951,4.090567111968994,4.108105421066284
32,0.69692713,0.098691605,0.9800660197766449,0.19142185151576996,5.106584072113037
