train_sample_num,rmse,nrmse,r2,nll,time
4,3.8458748,0.0723816,-0.11676702447990994,5.217718601226807,5.2398905754089355
8,3.5208418,0.06909561,0.06402271610717847,5.479032039642334,3.9514081478118896
16,1.7811486,0.07675621,0.760463017780292,1.1914393901824951,3.3296353816986084
32,2.21397,0.084100224,0.6299028645593439,0.9562574028968811,4.282606840133667
