train_sample_num,rmse,nrmse,r2,nll,time
4,4.0681643,0.13869983,0.14174908827674715,9.481317520141602,3.2852494716644287
8,4.672694,0.18911399,-0.13227496782406867,30.406240463256836,3.581124782562256
16,4.294688,0.18785289,0.043509817014025565,42.00894546508789,3.554795026779175
32,3.9865997,0.19866975,0.17581906522468327,65.43194580078125,3.498840808868408
