train_sample_num,rmse,nrmse,r2,nll,time
4,4.66777,0.22992262,-0.6450957398958126,15.253326416015625,2.8162357807159424
8,3.4408028,0.10618446,0.10609389970270244,12.453420639038086,2.8723130226135254
16,3.30831,0.07954939,0.17361065461277758,17.525836944580078,3.1924326419830322
32,3.4083993,0.06958921,0.12285136541772645,24.051843643188477,3.2951409816741943
