train_sample_num,rmse,nrmse,r2,nll,time
4,4.8130593,0.11648616,-0.20132253215126905,13.543797492980957,4.279313564300537
8,1.7824185,0.10986926,0.8352457615462734,1.2013921737670898,4.633372068405151
16,1.1624407,0.17406076,0.9299256860365263,0.6558433771133423,3.90168833732605
32,1.170415,0.077120125,0.9289609721726636,0.7415953278541565,4.941516160964966
