train_sample_num,rmse,nrmse,r2,nll,time
4,4.841745,0.13066317,0.03789357607062438,15.749863624572754,2.7016119956970215
8,4.802373,0.11610031,0.05347715477277348,22.871204376220703,2.5848448276519775
16,4.3439436,0.11701323,0.22556031106631458,27.259239196777344,2.838106155395508
32,4.235813,0.113073714,0.263635361315951,40.980499267578125,3.063011407852173
