train_sample_num,rmse,nrmse,r2,nll,time
4,0.50924,0.06255771,0.6912476172962441,-0.03800562024116516,0.9796445369720459
8,0.49907327,0.06056711,0.7034527484928826,-0.14247062802314758,1.0194644927978516
16,0.45588365,0.056275204,0.7525580213418408,-0.2860478460788727,1.1357333660125732
32,0.42362043,0.050929617,0.7863419968732172,-0.41337257623672485,1.0453627109527588
