train_sample_num,rmse,nrmse,r2,nll,time
4,0.7985022,0.19047597,0.24086749520639172,0.2540736496448517,0.7986195087432861
8,0.67175084,0.13149747,0.4627434316894905,0.06827033311128616,0.8111281394958496
16,0.634575,0.11706915,0.5205632942086329,-0.0012582970084622502,0.9036016464233398
32,0.5534238,0.09226198,0.6353459146357536,-0.16924571990966797,1.0478863716125488
