train_sample_num,rmse,nrmse,r2,nll,time
4,0.7985022,0.19047597,0.24086749520639172,0.2540736496448517,1.0179314613342285
8,0.67175084,0.13149747,0.4627434316894905,0.06827033311128616,1.075324296951294
16,0.634575,0.11706915,0.5205632942086329,-0.0012582970084622502,1.1117095947265625
32,0.5534238,0.09226198,0.6353459146357536,-0.16924571990966797,1.0809059143066406
