train_sample_num,rmse,nrmse,r2,nll,time
4,0.5110762,0.062783614,0.6890170006237477,-0.08598238229751587,0.8363609313964844
8,0.4991364,0.06030391,0.7033776782406207,-0.16913576424121857,0.9399080276489258
16,0.45083532,0.055794112,0.7580078790271202,-0.27567267417907715,0.9228184223175049
32,0.42342442,0.050953273,0.7865396555650432,-0.41219672560691833,0.9107253551483154
