train_sample_num,rmse,nrmse,r2,nll,time
4,103.325165,0.16589366,0.08548267382799424,7.437958240509033,2.534801721572876
8,121.33539,0.0954437,-0.26111508761912705,10.438796043395996,2.6224679946899414
16,124.83862,0.15210532,-0.33498885732672967,9.819914817810059,2.5758585929870605
32,91.99408,0.17694221,0.27506432720271723,10.068107604980469,2.526991844177246
