train_sample_num,rmse,nrmse,r2,nll,time
4,120.17521,0.19800664,-0.42019689964262086,5.955244064331055,2.4154715538024902
8,129.0832,0.18683316,-0.6385448449582245,14.45671272277832,2.3416171073913574
16,69.20041,0.082705416,0.5290919781183927,5.342919826507568,2.5411062240600586
32,58.96154,0.053247597,0.6581335622039965,6.746358871459961,2.591451644897461
