train_sample_num,rmse,nrmse,r2,nll,time
4,2.6522472,0.22116117,0.4622345542879509,3.452225685119629,2.6591742038726807
8,2.0984585,0.21954265,0.6633600528568182,8.150531768798828,2.4509856700897217
16,1.8666852,0.15668207,0.7336166233533942,10.916644096374512,2.5503358840942383
32,1.8152491,0.11888185,0.7480946601837881,16.39702606201172,2.5048763751983643
