train_sample_num,rmse,nrmse,r2,nll,time
4,4.2669506,0.3692466,-0.5077139745338006,47.39043045043945,2.432900905609131
8,2.7540534,0.26777992,0.3719006153027181,10.82977294921875,2.7497780323028564
16,2.2235672,0.17865674,0.5905656534505759,11.424159049987793,2.587242841720581
32,2.132513,0.14998108,0.6234113623068935,15.118206977844238,2.5796656608581543
