train_sample_num,rmse,nrmse,r2,nll,time
4,2.9609811,0.3137335,0.32975096196872955,27.310903549194336,2.497974395751953
8,2.1238236,0.23368058,0.6551725579035447,14.089264869689941,2.5056726932525635
16,1.9378613,0.19118188,0.7129151124692902,12.753461837768555,2.391162157058716
32,1.7287295,0.09815206,0.7715353662355313,12.501806259155273,2.881531000137329
