train_sample_num,rmse,nrmse,r2,nll,time
4,3.51506,0.14988746,-0.02317332020775842,122.39937591552734,2.617353677749634
8,2.1369307,0.111220896,0.621849590660378,30.627012252807617,2.509016513824463
16,1.8099903,0.08632771,0.7287084925613824,22.674057006835938,2.5015578269958496
32,1.8143996,0.07870276,0.727385033246081,22.217578887939453,2.427393674850464
