train_sample_num,rmse,nrmse,r2,nll,time
4,2.4249575,0.12165375,0.5950483084869924,35.966102600097656,2.4452714920043945
8,2.3748078,0.24914007,0.6116243902138588,42.81441879272461,2.451740264892578
16,2.1542804,0.2220624,0.6804054091407499,35.756675720214844,2.467388391494751
32,2.0708914,0.22131732,0.7046685892337051,32.9227294921875,2.584745407104492
