train_sample_num,rmse,nrmse,r2,nll,time
4,2.8464842,0.21530324,0.6142728942336833,10.304758071899414,3.7397713661193848
8,6.963101,0.45929742,-1.3081709463223232,14.633049011230469,3.8048295974731445
16,2.4936442,0.2576554,0.7039728557637481,10.173657417297363,3.650880813598633
32,4.9260006,0.41360024,-0.15518518668920667,13.640128135681152,4.170050144195557
