train_sample_num,rmse,nrmse,r2,nll,time
4,4.9341393,0.44659463,-1.0160743445751814,6.1420183181762695,3.6740036010742188
8,4.0449524,0.37383112,-0.3549102518810079,7.204563617706299,3.7851994037628174
16,3.4744654,0.28928694,0.0003231101234152378,6.429399490356445,3.6411640644073486
32,5.0405684,0.37096837,-1.103985743493289,7.712457180023193,4.051556587219238
