train_sample_num,rmse,nrmse,r2,nll,time
4,5.103925,0.35458767,-0.991468702256898,7.609524726867676,4.151318788528442
8,5.274457,0.35752794,-1.1267694347593493,7.776883602142334,3.945651054382324
16,3.816642,0.35396177,-0.1135961602903992,6.688986301422119,4.128474235534668
32,2.2179072,0.41008464,0.6239447511877145,5.124631881713867,4.294562101364136
