train_sample_num,rmse,nrmse,r2,nll,time
4,4.010745,0.4137846,-0.10775841662427865,10.423264503479004,3.916682720184326
8,3.6789384,0.36836562,0.06794838830125949,10.339003562927246,3.75430965423584
16,3.452142,0.37204173,0.17932301352519775,9.7469482421875,4.191951513290405
32,3.2581189,0.37350643,0.26898064200688976,9.368003845214844,4.546544790267944
