train_sample_num,rmse,nrmse,r2,nll,time
4,3.1691241,0.14745265,0.5544066862454536,3.9096839427948,2.299604892730713
8,3.1418278,0.14669189,0.5620496299405123,4.9600605964660645,2.3957273960113525
16,3.0826588,0.14335859,0.5783898703375181,5.854091167449951,2.2753119468688965
32,3.1214569,0.117574856,0.5677103409644899,6.108981132507324,2.3397228717803955
