train_sample_num,rmse,nrmse,r2,nll,time
4,3.9716413,0.2594376,0.24906440291402554,4.466848373413086,2.4351508617401123
8,3.6383786,0.21697065,0.3698000581786456,4.338170051574707,2.277773380279541
16,3.090305,0.097256325,0.5453624642463788,2.7756519317626953,2.3570241928100586
32,3.2365828,0.09447033,0.5013039056529669,3.526167392730713,2.3012619018554688
