train_sample_num,rmse,nrmse,r2,nll,time
4,2.418381,0.15127262,0.5972417624140325,3.5375115871429443,2.4964184761047363
8,2.3464155,0.28704068,0.6208555043176871,6.7226057052612305,2.465402603149414
16,2.1453059,0.229596,0.6830626923476023,9.600452423095703,2.3437395095825195
32,2.0701036,0.22070782,0.7048932597753714,16.021780014038086,2.343229055404663
