train_sample_num,rmse,nrmse,r2,nll,time
4,3.1421313,0.22743744,0.5619649958380846,5.970188617706299,2.4375977516174316
8,2.6623402,0.22061548,0.6855241813911744,9.039475440979004,2.38541316986084
16,2.586003,0.19796923,0.7032995011885924,11.979292869567871,2.4011101722717285
32,2.5268123,0.1206809,0.7167263838492388,16.559186935424805,2.35434627532959
