train_sample_num,rmse,nrmse,r2,nll,time
4,2.9444215,0.31703293,0.3372268637586556,5.5421319007873535,2.4269680976867676
8,2.1211913,0.2275374,0.6560268613134976,8.382807731628418,2.3006858825683594
16,1.9272361,0.17470595,0.7160546154469472,11.9255952835083,2.506848096847534
32,1.729518,0.10203166,0.7713268678413154,13.186748504638672,2.3073642253875732
