train_sample_num,rmse,nrmse,r2,nll,time
4,2.960458,0.067297064,0.15975853225342418,9.229715347290039,2.6054205894470215
8,2.6089156,0.094219096,0.34746118444613483,12.339795112609863,2.6489992141723633
16,2.579057,0.0738176,0.3623120626012919,13.645216941833496,3.0071470737457275
32,2.531593,0.07417002,0.38556770534615314,13.793417930603027,2.600987672805786
