train_sample_num,rmse,nrmse,r2,nll,time
4,2.8209524,0.07893282,0.27121727051870737,7.186122894287109,3.0095157623291016
8,2.612051,0.06841923,0.375158596665059,7.7653422355651855,3.0281436443328857
16,2.5400052,0.074040115,0.4091520369324906,12.090401649475098,3.133173942565918
32,2.5685587,0.07204005,0.3957933551256917,18.666332244873047,2.9619197845458984
