train_sample_num,rmse,nrmse,r2,nll,time
4,3.139695,0.11325578,0.31312834513998566,10.473776817321777,2.756411075592041
8,3.3363817,0.20251817,0.2243742828047246,23.376537322998047,2.686633586883545
16,3.125983,0.19020249,0.3191148107216937,20.243404388427734,2.5251846313476562
32,2.9675155,0.20679565,0.3863981038889215,37.4960823059082,2.6113905906677246
