train_sample_num,rmse,nrmse,r2,nll,time
4,3.108972,0.0941731,0.3265050975617789,64.73701477050781,2.425827741622925
8,3.4247274,0.189997,0.1827542729502264,96.9996566772461,2.4812207221984863
16,3.0858738,0.19397515,0.3364753755646753,66.43832397460938,2.4727694988250732
32,2.9404025,0.21155445,0.39755942323662385,58.975669860839844,2.82098650932312
