train_sample_num,rmse,nrmse,r2,nll,time
4,4.404101,0.112120576,0.09816695133715814,133.6492462158203,2.5363807678222656
8,4.535101,0.111089736,0.04371902037796449,150.39187622070312,2.4896504878997803
16,3.8210685,0.11577264,0.3211384206419253,81.87755584716797,2.559857130050659
32,3.4634056,0.12678887,0.44227736515897176,61.829833984375,2.52563214302063
