train_sample_num,rmse,nrmse,r2,nll,time
4,4.512856,0.37202707,-0.952491825229189,5.510061740875244,4.350917100906372
8,2.5162263,0.08687179,0.3930043140529029,4.951038837432861,4.314242362976074
16,3.4351854,0.20474385,-0.13132308696002948,5.3791632652282715,3.9878814220428467
32,10.872022,0.40307674,-10.332008230695072,9.364950180053711,4.421855449676514
