train_sample_num,rmse,nrmse,r2,nll,time
4,2.8223495,0.074252374,0.2704953841700932,5.8832478523254395,4.291710376739502
8,4.9649553,0.27922854,-1.257549291045442,8.149933815002441,4.138234853744507
16,3.4566588,0.20309101,-0.0942575131222636,6.234946250915527,4.191795587539673
32,3.23505,0.16541246,0.041552241061461825,5.179721832275391,4.388263940811157
