train_sample_num,rmse,nrmse,r2,nll,time
4,4.528307,0.2800874,0.04178204217001713,7.303158760070801,3.9712820053100586
8,4.5300364,0.24013391,0.04104994971893505,7.073665618896484,4.317632436752319
16,3.881767,0.16430497,0.2958720866240163,5.754009246826172,4.437880992889404
32,11.653072,0.34877148,-5.345612056650941,10.33321762084961,4.46570348739624
