train_sample_num,rmse,nrmse,r2,nll,time
4,3.5043828,0.08020722,0.1442955743505271,4.055734157562256,2.8804800510406494
8,2.4724772,0.10704565,0.5740434575919117,2.691673517227173,3.1499712467193604
16,2.880791,0.079284675,0.4217386588427521,3.667515277862549,2.89349102973938
32,2.5784128,0.12612513,0.5367604821904806,6.475774765014648,2.726928949356079
