train_sample_num,rmse,nrmse,r2,nll,time
4,3.0565786,0.08281702,0.10431049065281739,6.134719371795654,2.873713254928589
8,2.8381357,0.07183027,0.22775944922090763,3.2782840728759766,2.783013105392456
16,2.5611892,0.069950074,0.37111739773195285,2.9094696044921875,2.7123348712921143
32,2.5490565,0.06860852,0.3770614797326114,2.7967333793640137,2.8096630573272705
