train_sample_num,rmse,nrmse,r2,nll,time
4,4.155967,0.11514357,0.19692562565180172,4.010759353637695,3.2375681400299072
8,4.1646833,0.11570709,0.1935537131656052,4.299839973449707,2.8988301753997803
16,4.026799,0.09922254,0.24606915677775731,4.0477375984191895,3.165682077407837
32,4.1189766,0.101418816,0.2111576772483964,4.907709121704102,3.591545820236206
