train_sample_num,rmse,nrmse,r2,nll,time
4,4.055129,0.10335072,0.23157413228250168,4.812496185302734,2.7953293323516846
8,4.0572805,0.10560727,0.23075852370681393,5.950161933898926,2.6298365592956543
16,4.0380917,0.10572156,0.23801750975471958,5.597589015960693,2.6062467098236084
32,4.7060966,0.108698346,-0.034938139465387597,11.787975311279297,3.1279444694519043
