train_sample_num,rmse,nrmse,r2,nll,time
4,3.007349,0.07773298,0.13293061003057483,15.45602798461914,2.3760414123535156
8,2.476964,0.08394933,0.41179907576573305,6.899148941040039,2.560648202896118
16,2.5798857,0.07241938,0.3619023094970647,11.526141166687012,2.718315362930298
32,2.537702,0.071968794,0.38259865439676055,11.649395942687988,2.6834053993225098
