train_sample_num,rmse,nrmse,r2,nll,time
4,3.071049,0.10370404,0.34283538178351014,5.5828166007995605,2.515432119369507
8,3.299769,0.19326502,0.24130411491007775,15.606121063232422,2.6356325149536133
16,3.122549,0.19163364,0.32060978557274655,22.062877655029297,2.516305446624756
32,2.9613569,0.20591143,0.38894226301680135,35.41447830200195,2.489820718765259
