train_sample_num,rmse,nrmse,r2,nll,time
4,4.219933,0.10401345,0.16784599254406474,30.044696807861328,2.5185701847076416
8,4.1980734,0.105111636,0.1764448115886681,39.371681213378906,2.400301218032837
16,3.7428865,0.116027154,0.3453548700263911,24.88176918029785,2.3989553451538086
32,3.49604,0.11520841,0.4288561941820753,30.155527114868164,2.4243216514587402
