train_sample_num,rmse,nrmse,r2,nll,time
4,0.5372532,0.12675162,0.7732613520078688,3.662247657775879,1.2855823040008545
8,0.52956724,0.12203185,0.7797023769080306,3.665586471557617,1.220231294631958
16,0.51697093,0.112395234,0.7900577935071122,3.677443265914917,1.2248685359954834
32,0.47319502,0.10388651,0.8241072771582949,3.7101731300354004,1.3390097618103027
