train_sample_num,rmse,nrmse,r2,nll,time
4,0.13384302,0.13266526,0.9633610688907408,-0.6712247729301453,0.3296961784362793
8,0.08808187,0.41082057,0.9841319216355597,-0.6290752291679382,0.3117518424987793
16,0.06612116,0.27826363,0.9910580499186243,-1.158186435699463,0.31664109230041504
32,0.3113406,0.38240868,0.8017455970045213,40.189735412597656,0.3133261203765869
