train_sample_num,rmse,nrmse,r2,nll,time
4,0.67324954,0.43088788,0.07294934731660152,0.12124694138765335,1.329099178314209
8,0.6857057,0.46653074,0.03832827889514767,1.7537627220153809,1.3342375755310059
16,0.53965044,0.28279394,0.4043702462962786,-0.31513866782188416,1.315338134765625
32,0.25361827,0.10959067,0.8684434836116957,-1.4221323728561401,1.3041284084320068
