train_sample_num,rmse,nrmse,r2,nll,time
4,0.69854915,0.45488742,0.00196611415676895,19.569286346435547,1.0571880340576172
8,0.54054236,0.24983363,0.4023997264067467,-0.34070366621017456,0.8676261901855469
16,0.49887827,0.21069273,0.49097333563345036,-0.6511172652244568,0.7899520397186279
32,0.21471475,0.045506187,0.9057079453430134,-1.311894178390503,0.8570802211761475
