train_sample_num,rmse,nrmse,r2,nll,time
4,0.6940612,0.16070983,0.5063793357889844,0.19558407366275787,0.8346278667449951
8,0.57287514,0.10458339,0.6637070639684928,-0.11800391972064972,0.9268801212310791
16,0.44050282,0.08582437,0.8011639543560771,-0.44654950499534607,0.7794656753540039
32,0.35211867,0.06684056,0.8729496717936108,-0.7260594964027405,0.8168966770172119
