train_sample_num,rmse,nrmse,r2,nll,time
4,0.6940612,0.16070983,0.5063793357889844,0.19558407366275787,0.772899866104126
8,0.57287514,0.10458339,0.6637070639684928,-0.11800391972064972,0.8199596405029297
16,0.44050282,0.08582437,0.8011639543560771,-0.44654950499534607,0.9286580085754395
32,0.35211867,0.06684056,0.8729496717936108,-0.7260594964027405,1.1234707832336426
