train_sample_num,rmse,nrmse,r2,nll,time
4,0.6666085,0.13043495,0.46828677812665853,0.0537361241877079,1.152677297592163
8,0.63260996,0.11730601,0.5211409282560078,-0.08392609655857086,1.3364064693450928
16,0.4555992,0.10417663,0.7516286198425197,-0.35080486536026,1.0259838104248047
32,0.29929197,0.09207523,0.8928170312433279,-0.6815316081047058,0.970665693283081
