train_sample_num,rmse,nrmse,r2,nll,time
4,3.6818118,0.29055452,0.39857240378475056,13.633222579956055,2.6481919288635254
8,3.4806187,0.2933539,0.4625067735182192,16.92284393310547,2.6283366680145264
16,3.2513433,0.2888366,0.5309859938966581,19.051231384277344,2.6740269660949707
32,2.6563985,0.35118783,0.6869262835887839,23.267763137817383,2.920997381210327
