train_sample_num,rmse,nrmse,r2,nll,time
4,2.8252566,0.2954299,0.6200045624784184,9.331208229064941,3.0659990310668945
8,2.5048256,0.3335831,0.7013120962213448,11.253644943237305,2.716597557067871
16,2.2929475,0.41605377,0.7497057287477433,15.690491676330566,3.043423891067505
32,2.2511132,0.33459,0.7587555932788331,21.053010940551758,2.8810408115386963
