train_sample_num,rmse,nrmse,r2,nll,time
4,3.9918983,0.3101723,-0.21821466940080647,15.526678085327148,2.603123426437378
8,3.272719,0.31240898,0.18119159154631337,16.820981979370117,3.046011447906494
16,3.0198696,0.36156496,0.3028258292359669,24.791576385498047,2.691077947616577
32,2.5023217,0.27005816,0.521313459771878,29.739809036254883,2.6526870727539062
