train_sample_num,rmse,nrmse,r2,nll,time
4,2.7368145,0.26212344,0.4841948157555317,8.72179889678955,3.144529104232788
8,2.7437723,0.2860447,0.48156887309732477,13.522562026977539,2.812131881713867
16,2.574267,0.31257197,0.5436456839257489,19.76909065246582,2.8217692375183105
32,2.491844,0.34382105,0.5724010512982718,28.032081604003906,2.867845296859741
