train_sample_num,rmse,nrmse,r2,nll,time
4,4.1292906,0.26573193,-0.4119995977326003,15.9611234664917,2.685455083847046
8,2.703358,0.27140677,0.39481118481384203,10.521683692932129,2.8881537914276123
16,2.2916694,0.29406962,0.5651016737152855,12.365530967712402,2.7820022106170654
32,2.182989,0.28880456,0.6053730449576629,17.830989837646484,2.878981590270996
