train_sample_num,rmse,nrmse,r2,nll,time
4,3.3878665,0.30067012,0.12255986942284591,40.030548095703125,2.6029727458953857
8,2.5281453,0.32080203,0.5113825048643299,22.48434829711914,2.637403726577759
16,2.24014,0.29880473,0.6163676140357703,18.11363983154297,2.792602062225342
32,1.8139378,0.21034856,0.7484584885886012,12.11767578125,3.0258705615997314
