train_sample_num,rmse,nrmse,r2,nll,time
4,7.8195095,0.39993748,-3.67437857795076,8.12771987915039,4.35744571685791
8,6.9792333,0.37884647,-2.723748093642807,7.828942775726318,4.12229585647583
16,7.2839704,0.37720752,-3.0560314520473852,7.990417003631592,4.150763988494873
32,6.1802287,0.3754296,-1.9199405294098675,7.605224609375,4.553097248077393
