train_sample_num,rmse,nrmse,r2,nll,time
4,10.828597,0.48904425,-8.710199907893244,8.645635604858398,4.117175817489624
8,6.321206,0.388776,-2.3089004010739673,7.230466365814209,4.246466159820557
16,7.429821,0.4243618,-3.5713076815567986,7.422289848327637,4.24103045463562
32,6.896515,0.42407423,-2.938610647038717,7.3478617668151855,4.309170246124268
