train_sample_num,rmse,nrmse,r2,nll,time
4,5.6160045,0.36857203,-0.5014729941968947,6.728482246398926,4.228745222091675
8,4.099071,0.36587822,0.20010411326772515,6.035501480102539,4.1362903118133545
16,7.455955,0.4247648,-1.646483256119831,7.350028038024902,4.017164707183838
32,6.682529,0.41858667,-1.1259074450614985,7.187158584594727,4.457576751708984
