train_sample_num,rmse,nrmse,r2,nll,time
4,6.6625338,0.36716434,-0.9694232025886496,8.2410249710083,3.7992055416107178
8,6.1139565,0.36416763,-0.6584593895420461,8.052728652954102,4.142815828323364
16,7.1480002,0.39497265,-1.266884072869619,8.360255241394043,4.058201551437378
32,6.8439503,0.42213348,-1.0781356725826656,8.047329902648926,4.210031986236572
