train_sample_num,rmse,nrmse,r2,nll,time
4,4.471186,0.2731457,-0.5283063202609908,4.988539695739746,2.571152925491333
8,2.5251799,0.14885853,0.5125281311953215,3.6227667331695557,2.469635248184204
16,2.48926,0.1262224,0.526297709171768,4.265900135040283,2.542356014251709
32,1.9062753,0.07172944,0.7221975426628988,2.4998350143432617,2.494215726852417
