train_sample_num,rmse,nrmse,r2,nll,time
4,3.2927008,0.20948754,0.10218188773153891,7.607502460479736,2.5225188732147217
8,3.5553668,0.26604804,-0.04677311248022842,4.664660930633545,2.3409175872802734
16,2.7257884,0.08230969,0.3847267401868859,4.03164529800415,2.462155818939209
32,2.4626026,0.06522808,0.4978049450608726,3.221842050552368,2.4337828159332275
