train_sample_num,rmse,nrmse,r2,nll,time
4,2.209995,0.2836561,0.6636607150784662,3.3767287731170654,2.5326664447784424
8,2.205935,0.26921257,0.6648953480403298,5.420793533325195,2.29341721534729
16,2.0313513,0.27492833,0.7158385956827693,8.325337409973145,2.58499813079834
32,1.9756254,0.24412522,0.7312155232341211,12.22336196899414,2.602759838104248
