train_sample_num,rmse,nrmse,r2,nll,time
4,3.2405176,0.30933756,0.5341039881426944,6.7013115882873535,2.927903890609741
8,3.0007377,0.32665795,0.600500539086537,8.523404121398926,2.6747853755950928
16,2.675165,0.30403647,0.6824871776165911,8.246794700622559,3.197056293487549
32,2.2314386,0.18675663,0.7790825210977992,10.809864044189453,2.9904403686523438
