train_sample_num,rmse,nrmse,r2,nll,time
4,3.6969702,0.29843846,-0.04485694767188697,8.329590797424316,2.7342522144317627
8,2.7447917,0.31380683,0.4240514222118619,7.202322006225586,3.0324840545654297
16,2.4577396,0.29939073,0.5382183431704719,10.810094833374023,2.8169145584106445
32,1.8611912,0.21967368,0.7351823576383862,11.2476224899292,3.0548527240753174
