train_sample_num,rmse,nrmse,r2,nll,time
4,0.3767829,0.20802495,0.8642170770955001,-0.40052950382232666,0.8469629287719727
8,0.36887965,0.26828262,0.8698536110479794,-0.42742621898651123,0.7620375156402588
16,0.32555795,0.21845046,0.8986276795444972,-0.6070221066474915,0.7761335372924805
32,0.32327437,0.22438668,0.9000448119236851,-0.6181536912918091,0.7521789073944092
