train_sample_num,rmse,nrmse,r2,nll,time
4,0.3767829,0.20802495,0.8642170770955001,-0.40052950382232666,0.7850782871246338
8,0.36887965,0.26828262,0.8698536110479794,-0.42742621898651123,0.7601630687713623
16,0.32555795,0.21845046,0.8986276795444972,-0.6070221066474915,0.7775917053222656
32,0.32327437,0.22438668,0.9000448119236851,-0.6181536912918091,0.7704257965087891
