train_sample_num,rmse,nrmse,r2,nll,time
4,0.8561145,0.11925964,0.015190481476868856,0.35028156638145447,0.7766079902648926
8,0.84906834,0.1168561,0.03133449042853953,0.3406967222690582,0.7755613327026367
16,0.83346105,0.11499122,0.06661859742051501,0.31808629631996155,0.7609653472900391
32,0.8107558,0.11047087,0.11678046649760232,0.2867603003978729,0.8294193744659424
