train_sample_num,rmse,nrmse,r2,nll,time
4,0.6976091,0.10103817,0.34609770559002806,0.2978227734565735,1.0479602813720703
8,0.7195322,0.10198612,0.30435292451778406,0.31378769874572754,1.0300524234771729
16,0.6959613,0.10132059,0.34918333860004525,0.2930964529514313,0.938286542892456
32,0.698507,0.09950742,0.3444134000806932,0.2896937131881714,0.9649152755737305
