train_sample_num,rmse,nrmse,r2,nll,time
4,73283.34,0.1397357,-0.822730244026076,13.293256759643555,3.3324124813079834
8,88090.99,0.079083234,-1.633751599092296,17.03895378112793,2.3065056800842285
16,27129.213,0.069951996,0.75020356807286,10.88783073425293,2.215609550476074
32,16155.993,0.12145127,0.9114111354388044,10.94825553894043,2.4865646362304688
