train_sample_num,rmse,nrmse,r2,nll,time
4,76.67496,0.07185407,0.2661151180675575,3751.68115234375,2.6770012378692627
8,74.96312,0.06778921,0.2985185650379232,3971.27880859375,2.7725117206573486
16,80.24309,0.0695211,0.19622186892723192,6216.998046875,3.4203433990478516
32,80.109436,0.07093088,0.19889734913261214,9396.1015625,2.853149890899658
