train_sample_num,rmse,nrmse,r2,nll,time
4,36.18896,0.09008468,0.7660207333441563,1056.1552734375,2.578350305557251
8,36.33636,0.11046952,0.7641108340962579,1748.4990234375,2.6586461067199707
16,36.72956,0.11309536,0.758978017326627,1744.5118408203125,2.6853737831115723
32,29.707935,0.10492002,0.8423223691656954,2010.1712646484375,3.275310754776001
