train_sample_num,rmse,nrmse,r2,nll,time
4,78178.41,0.1278754,-3.660727415600615,23.681184768676758,2.5649640560150146
8,23345.799,0.041156918,0.584378904933808,10.915810585021973,2.3851194381713867
16,58086.26,0.053863753,-1.572924007744665,17.320199966430664,2.456655979156494
32,14221.726,0.03604916,0.8457643700621206,10.305497169494629,2.427856206893921
