train_sample_num,rmse,nrmse,r2,nll,time
4,52.86984,0.086252294,0.5557039241462997,1241.4981689453125,3.5474255084991455
8,43.79952,0.0883436,0.6950735029596654,2198.615234375,2.892930030822754
16,42.77805,0.07874256,0.709130317134925,2747.462890625,2.6636061668395996
32,42.25548,0.076242276,0.716193277626431,4251.251953125,2.86100435256958
