train_sample_num,rmse,nrmse,r2,nll,time
4,32412.021,0.061096087,0.5148216740014274,11.585238456726074,2.5740368366241455
8,26532.557,0.059538737,0.6748772805583511,11.445588111877441,2.4904353618621826
16,19431.443,0.18927771,0.8256189149382192,10.863432884216309,2.491487503051758
32,16026.258,0.2725072,0.8813812359751785,11.543203353881836,2.6473686695098877
