train_sample_num,rmse,nrmse,r2,nll,time
4,75.28929,0.18064922,0.4070261400401254,4244.12841796875,2.7411444187164307
8,29.197426,0.08601289,0.910821900177972,868.5200805664062,2.8732893466949463
16,18.153664,0.06466605,0.9655255244113098,459.2654724121094,3.0948855876922607
32,18.391502,0.05745372,0.9646162766557509,778.0029907226562,3.5624427795410156
