train_sample_num,rmse,nrmse,r2,nll,time
4,80562.336,0.07035111,-4.743969627140819,15.131487846374512,2.2737534046173096
8,102800.68,0.10402846,-8.352765557128565,24.706649780273438,2.3155221939086914
16,29809.43,0.09157215,0.21357850985275728,13.4721097946167,2.130575180053711
32,10464.058,0.14385733,0.9030945326077396,10.055362701416016,2.4135477542877197
