train_sample_num,rmse,nrmse,r2,nll,time
4,54.678177,0.21173215,0.7584016949867818,1661.139404296875,2.622736692428589
8,44.8524,0.15434332,0.8374311861946688,1943.0152587890625,2.547886610031128
16,50.813633,0.17364718,0.7913462011098047,3188.643798828125,2.674100399017334
32,21.720865,0.1598465,0.9618741029897067,1358.7874755859375,2.6852266788482666
