train_sample_num,rmse,nrmse,r2,nll,time
4,117051.07,0.21689522,-5.327613367152568,12.291186332702637,1.2625012397766113
8,50194.867,0.16232102,-0.16361100823838504,11.345479965209961,1.302750825881958
16,40272.03,0.10815666,0.25097511616199264,11.139636993408203,1.1324079036712646
32,22908.523,0.0976129,0.7576275013999868,10.719555854797363,1.2359857559204102
