train_sample_num,rmse,nrmse,r2,nll,time
4,26373.406,0.192944,0.7639281160937073,10.599063873291016,1.2475111484527588
8,12434.219,0.17303862,0.9475254330523123,10.499075889587402,1.368016004562378
16,8271.518,0.16345152,0.9767789351013414,10.266912460327148,1.2538683414459229
32,22292.115,0.1376641,0.8313391230366795,10.8192720413208,1.2652134895324707
