train_sample_num,rmse,nrmse,r2,nll,time
4,54.48034,0.08300405,0.5282236316492804,10308.611328125,3.005873680114746
8,28.839119,0.22614671,0.8678033183309699,3507.9189453125,3.166266679763794
16,23.672756,0.19486202,0.9109253406739042,2285.048583984375,2.8699052333831787
32,20.178486,0.12684655,0.9352807248651898,1708.2171630859375,2.7212772369384766
