train_sample_num,rmse,nrmse,r2,nll,time
4,115.45494,0.23295219,-0.39442179943653755,24718.966796875,2.5389487743377686
8,61.288403,0.137509,0.6070605181013127,6418.69140625,2.5913593769073486
16,43.47316,0.10554334,0.8022977765075908,3162.843017578125,2.7110657691955566
32,34.829597,0.091845326,0.8730987057505529,1984.5072021484375,2.6797165870666504
