train_sample_num,rmse,nrmse,r2,nll,time
4,33.19203,0.0716563,0.8031692727494566,3942.814453125,2.564707040786743
8,32.80324,0.08746369,0.807753411343314,4689.28759765625,2.8365061283111572
16,28.562075,0.06879088,0.8542513248993095,2231.9931640625,2.880312442779541
32,21.913187,0.06424583,0.9142100864016858,1270.5989990234375,2.7617061138153076
