train_sample_num,rmse,nrmse,r2,nll,time
4,46.76759,0.11287792,0.7269697281057304,8573.4404296875,2.7510900497436523
8,43.430523,0.08614859,0.764543341113975,7236.60546875,2.6091713905334473
16,51.76369,0.08225524,0.6655190698850193,10330.990234375,2.572725772857666
32,49.059155,0.08522216,0.6995577556035348,9681.419921875,2.6736249923706055
