train_sample_num,rmse,nrmse,r2,nll,time
4,13504.065,0.08318886,0.8978722404132484,10.001476287841797,1.7155585289001465
8,13192.801,0.03798591,0.9025260106644575,9.865656852722168,1.1669118404388428
16,11878.688,0.20262592,0.9209773279358466,10.071138381958008,1.137009859085083
32,14847.231,0.14663376,0.8765458585111086,10.175540924072266,1.312535047531128
