train_sample_num,rmse,nrmse,r2,nll,time
4,334.9957,0.38335738,-8.068684620687279,9.7911958694458,4.148438215255737
8,188.20454,0.39866987,-1.8623720424786327,8.591038703918457,4.056960821151733
16,199.09518,0.39815465,-2.203224353182915,8.861473083496094,4.090004920959473
32,167.06393,0.39524806,-1.2554396783026283,8.690500259399414,4.444037199020386
