train_sample_num,rmse,nrmse,r2,nll,time
4,48434.562,0.14009313,-0.7889196628033157,17.89702033996582,1.7034995555877686
8,17981.148,0.11951365,0.7534444091379562,18.152751922607422,1.8832099437713623
16,37685.227,0.106624976,-0.08298478578524726,17.866809844970703,2.4182703495025635
32,9017.546,0.0925737,0.9379907105218136,17.806169509887695,1.8108701705932617
