train_sample_num,rmse,nrmse,r2,nll,time
4,268.73642,0.4438998,-6.554786449910206,7.661904335021973,3.859712600708008
8,208.4306,0.4591746,-3.5445625586693144,7.651935577392578,3.8357694149017334
16,180.99287,0.42995015,-2.4268257276056087,7.551650524139404,4.21288800239563
32,188.21434,0.40763238,-2.70573665932717,7.552695274353027,4.441777944564819
