train_sample_num,rmse,nrmse,r2,nll,time
4,27424.34,0.185498,0.7447391649933903,14.99792194366455,2.3927903175354004
8,11505.827,0.11702078,0.9550688583711786,15.095760345458984,1.6667392253875732
16,7793.7446,0.15417503,0.9793840131824194,15.032591819763184,1.689194917678833
32,23352.54,0.10672606,0.8149112699701186,15.284074783325195,2.026261806488037
