train_sample_num,rmse,nrmse,r2,nll,time
4,11995.974,0.057697788,0.9194091487035843,15.065247535705566,1.7763113975524902
8,12098.093,0.03723956,0.9180312094299634,14.490370750427246,1.6423935890197754
16,12403.935,0.21142255,0.9138344431497829,14.918421745300293,2.062826156616211
32,11266.64,0.1934091,0.9289108142520643,15.368751525878906,1.8600401878356934
