train_sample_num,rmse,nrmse,r2,nll,time
4,469.49356,0.40756243,-34.03610317962947,8.347403526306152,3.907978057861328
8,272.18948,0.41192535,-10.776038718129783,7.5228657722473145,3.708130359649658
16,262.0282,0.41419795,-9.913209855080746,7.439333915710449,3.6865897178649902
32,232.84721,0.4223611,-7.617843142217444,7.228994369506836,4.176299095153809
