train_sample_num,rmse,nrmse,r2,nll,time
4,428.4691,0.39403456,-21.91711044068126,8.947640419006348,4.957488775253296
8,440.24112,0.3770858,-23.19368686882763,9.046304702758789,4.215831756591797
16,396.17273,0.39252716,-18.592509077401125,8.649981498718262,3.707721710205078
32,329.08054,0.39357185,-12.518399212310227,8.147320747375488,4.213033676147461
