train_sample_num,rmse,nrmse,r2,nll,time
4,22437.709,0.06809952,0.5544410412935218,15.475432395935059,1.9509358406066895
8,20245.096,0.09602037,0.6372664410577626,15.638060569763184,1.8633427619934082
16,9591.89,0.09832007,0.918575254119866,14.613171577453613,1.730456829071045
32,9118.536,0.100291796,0.9264134714900658,15.118904113769531,1.815333366394043
