train_sample_num,rmse,nrmse,r2,nll,time
4,304.06815,0.61757594,-15.518364078175242,7.1402058601379395,3.7844278812408447
8,223.5278,0.5248555,-7.926643963491635,6.775848388671875,3.676201343536377
16,157.11682,0.41113308,-3.410324187803755,8.111883163452148,3.7808263301849365
32,142.6287,0.41437116,-2.634451771786981,8.029760360717773,4.257047176361084
