train_sample_num,rmse,nrmse,r2,nll,time
4,109707.336,0.16946456,-4.558537085043277,16.59822654724121,1.808194875717163
8,50725.56,0.15773974,-0.1883458737569781,16.203243255615234,1.8003602027893066
16,41485.09,0.11326204,0.20517184222774942,16.040855407714844,2.063943386077881
32,23258.951,0.09433129,0.7501556848765983,15.842536926269531,1.7466599941253662
