train_sample_num,rmse,nrmse,r2,nll,time
4,112.91216,0.1362059,-1.2777529162592303,2375.375732421875,2.4831695556640625
8,111.295235,0.13233279,-1.2129842163263813,2332.899169921875,2.5130527019500732
16,111.65677,0.13319391,-1.2273849338896912,2331.055419921875,2.522970199584961
32,108.28052,0.12526074,-1.0947191371456642,2237.908935546875,2.4818108081817627
