train_sample_num,rmse,nrmse,r2,nll,time
4,155.78897,0.13852425,-0.961278151233971,4562.81298828125,2.4528744220733643
8,156.05554,0.13899872,-0.9679961180140548,4586.71044921875,2.5085370540618896
16,154.69948,0.13659357,-0.9339423263579276,4534.54296875,2.5353033542633057
32,149.97559,0.12837917,-0.817636117686263,4371.0439453125,3.257807493209839
