train_sample_num,rmse,nrmse,r2,nll,time
4,140.73763,0.15039499,-1.071999217855053,3699.451904296875,2.515725612640381
8,140.62376,0.15015174,-1.0686478077206623,3702.60595703125,2.4982738494873047
16,135.59128,0.13959715,-0.9232365978323205,3465.591552734375,2.492663860321045
32,132.33376,0.1329702,-0.8319366010040794,3349.617919921875,2.6211764812469482
