train_sample_num,rmse,nrmse,r2,nll,time
4,132.51399,0.09642047,-1.192019543198111,3315.07470703125,2.4451911449432373
8,132.81439,0.09685813,-1.2019689972142684,3355.167236328125,2.98555588722229
16,131.14706,0.094441496,-1.1470292153424086,3253.9140625,3.0672080516815186
32,130.12012,0.092968196,-1.1135365790226648,3224.625,2.506307363510132
