train_sample_num,rmse,nrmse,r2,nll,time
4,25176.195,0.15322931,0.7072685761740304,10.434144020080566,2.8888535499572754
8,9715.087,0.10500244,0.9564104279404345,9.813030242919922,2.623744249343872
16,16964.682,0.11353771,0.8670829950212714,10.451269149780273,2.845602512359619
32,8715.76,0.074505016,0.9649167589535453,9.393516540527344,2.6407694816589355
