train_sample_num,rmse,nrmse,r2,nll,time
4,33602.31,0.058801267,0.13896985839947684,10.538447380065918,2.8592963218688965
8,11876.437,0.1838472,0.8924396121631095,9.867627143859863,2.4472484588623047
16,27768.338,0.07908531,0.41199660906762836,10.755539894104004,2.5032927989959717
32,4427.1636,0.06426425,0.985053787226598,8.9859037399292,2.411731719970703
