train_sample_num,rmse,nrmse,r2,nll,time
4,31472.836,0.07746115,0.12336290465598077,10.766130447387695,2.563215970993042
8,28141.377,0.061214406,0.2991278482608374,10.412314414978027,2.5482137203216553
16,8558.205,0.041091517,0.9351793409714347,9.079798698425293,2.4298670291900635
32,6792.7407,0.089032054,0.9591644729523936,9.299514770507812,2.4554622173309326
