train_sample_num,rmse,nrmse,r2,nll,time
4,53586.562,0.09346395,0.02540633984892149,11.453034400939941,2.2988460063934326
8,45977.062,0.07061397,0.282545684059735,10.245469093322754,2.35384464263916
16,38201.746,0.05335027,0.5046887101200999,9.744599342346191,2.372091054916382
32,5517.589,0.087625064,0.9896673788290237,9.337481498718262,2.5921201705932617
