train_sample_num,rmse,nrmse,r2,nll,time
4,34.828255,0.08889625,0.7832851869474201,792.9749145507812,2.4789154529571533
8,36.53016,0.12668653,0.7615879265537817,1301.7132568359375,2.850451946258545
16,33.650528,0.110417545,0.7976939673482265,1007.8446044921875,3.1581907272338867
32,23.995121,0.082284994,0.8971342010467414,687.3616943359375,2.5987868309020996
