train_sample_num,rmse,nrmse,r2,nll,time
4,27673.098,0.08526742,0.5711253761743922,10.351276397705078,3.1379473209381104
8,11319.572,0.12619051,0.9282412568720381,9.581650733947754,2.6493208408355713
16,20892.47,0.04323981,0.7555475450128165,10.50271224975586,3.0975759029388428
32,28652.793,0.04183434,0.5402215669546927,13.298505783081055,2.7274692058563232
