train_sample_num,rmse,nrmse,r2,nll,time
4,41934.555,0.033659846,-0.5562957939503856,11.824884414672852,3.300572395324707
8,46777.84,0.043879047,-0.9365482528433973,12.360895156860352,3.25508713722229
16,12871.356,0.028409608,0.8533788112426058,9.948201179504395,3.1268951892852783
32,11292.446,0.116787076,0.8871441327930268,9.967211723327637,2.8246302604675293
