train_sample_num,rmse,nrmse,r2,nll,time
4,132975.58,0.14027043,-7.166443866495502,12.491850852966309,3.424651861190796
8,49991.184,0.076908454,-0.1541866089440327,11.557690620422363,3.3870081901550293
16,45819.285,0.072939254,0.030415066204945163,11.89074993133545,3.4248788356781006
32,29713.127,0.05848688,0.592257644113795,11.660419464111328,3.60789155960083
