train_sample_num,rmse,nrmse,r2,nll,time
4,52.887016,0.08508436,0.5554151758634072,1286.0596923828125,2.8824849128723145
8,46.10843,0.23598795,0.6620775035996467,1473.2105712890625,2.6252365112304688
16,35.789555,0.10955252,0.7964040748052577,1282.390380859375,2.777519464492798
32,32.74463,0.094851375,0.8295736717385825,1737.97900390625,2.771461009979248
