train_sample_num,rmse,nrmse,r2,nll,time
4,54.842228,0.20627674,0.7569497797161182,1059.262939453125,2.6407651901245117
8,44.271603,0.15207845,0.8416141691305237,998.870849609375,2.5112898349761963
16,42.481907,0.16863824,0.8541609501171259,1511.746826171875,2.491114616394043
32,33.090828,0.08958449,0.9115126652674087,1319.0294189453125,2.4932076930999756
