train_sample_num,rmse,nrmse,r2,nll,time
4,55755.098,0.069370165,-1.370550321443761,16.182586669921875,3.345414876937866
8,20943.691,0.038562905,0.665507424646078,10.442948341369629,2.9770302772521973
16,58195.746,0.053013418,-1.5826323014961856,17.806726455688477,3.6991419792175293
32,14045.285,0.0387513,0.8495676567886246,10.064667701721191,3.3940348625183105
