train_sample_num,rmse,nrmse,r2,nll,time
4,76.387146,0.070657365,0.27161421604963654,2306.45166015625,2.4605135917663574
8,74.21134,0.06839144,0.3125178946699029,2490.794921875,2.458615779876709
16,78.247215,0.07244316,0.2357091842023875,4189.2470703125,2.452132225036621
32,76.59079,0.07212358,0.2677254238420036,5926.03076171875,2.59250545501709
