train_sample_num,rmse,nrmse,r2,nll,time
4,50135.7,0.09876672,0.14688827709873697,10.996990203857422,2.62748122215271
8,79200.81,0.06901818,-1.1289776011883856,11.539319038391113,2.8166747093200684
16,25198.81,0.06986337,0.7844878044894191,10.432734489440918,2.7893435955047607
32,25480.434,0.1415517,0.7796437277553712,10.666614532470703,2.7236063480377197
