train_sample_num,rmse,nrmse,r2,nll,time
4,139.62009,0.2762383,-1.0392241005148892,9279.93359375,3.3639955520629883
8,69.36781,0.16198653,0.4966325684772894,3532.621337890625,2.4721343517303467
16,47.562958,0.12325857,0.7633498159133693,2253.812744140625,2.4618656635284424
32,36.074966,0.10431301,0.8638614777566186,1646.5582275390625,2.5738637447357178
