train_sample_num,rmse,nrmse,r2,nll,time
4,30.332676,1.2239565,-159.8424087231953,300.745361328125,2.4470252990722656
8,26.302998,1.1878291,-119.94546328039715,243.28445434570312,2.5771961212158203
16,22.680431,1.0375499,-88.92526262750519,195.2156219482422,2.556765556335449
32,19.906515,0.89467597,-68.27389071511617,166.38534545898438,2.5397796630859375
