train_sample_num,rmse,nrmse,r2,nll,time
4,30.90114,1.3227184,-121.62733744855429,309.3926696777344,2.4742279052734375
8,25.174442,0.97825795,-80.3875537955083,219.8496856689453,2.613755226135254
16,21.556568,0.9414379,-58.67570458017311,172.77789306640625,2.600907564163208
32,18.750069,0.8571818,-44.14857109623989,146.01507568359375,2.5408527851104736
