train_sample_num,rmse,nrmse,r2,nll,time
4,29.338465,1.2283924,-127.62258185600876,291.93536376953125,2.4708454608917236
8,24.408249,1.1013287,-88.02576423000032,216.6937713623047,2.4502315521240234
16,21.533224,0.8208616,-68.28839319220305,179.802734375,2.518089532852173
32,18.73745,0.8194883,-51.46424003480503,150.6997528076172,2.5144202709198
