train_sample_num,rmse,nrmse,r2,nll,time
4,29.92851,1.0296774,-106.33170020049874,295.333251953125,2.371846914291382
8,25.107168,0.8639706,-74.53588301093406,223.02804565429688,2.3956527709960938
16,21.257328,1.1010534,-53.14710575964907,174.42816162109375,2.4207615852355957
32,18.64268,0.8985137,-40.64611592403784,146.61676025390625,2.48903751373291
