train_sample_num,rmse,nrmse,r2,nll,time
4,29.53754,1.5409683,-90.39553229065332,285.83135986328125,2.651197910308838
8,25.056479,1.2423917,-64.7682737913897,223.94888305664062,2.5613956451416016
16,21.526072,0.9818984,-47.5406873875008,179.26596069335938,2.581857919692993
32,19.064077,0.88607997,-37.072197184685564,152.06777954101562,2.654589891433716
