train_sample_num,rmse,nrmse,r2,nll,time
4,15.243487,0.55040014,-39.620735361509375,103.22590637207031,2.4850611686706543
8,10.759972,0.31529745,-19.23957640074202,50.603782653808594,2.365410327911377
16,7.164154,0.20244347,-7.972406480111205,22.083234786987305,2.486002206802368
32,4.103276,0.12221175,-1.9433405311011862,7.149904251098633,2.6805334091186523
