train_sample_num,rmse,nrmse,r2,nll,time
4,13.8017845,0.4713761,-27.465109387256945,91.84095001220703,2.464282512664795
8,8.336148,0.28867656,-9.384206012210255,32.38970184326172,2.459843397140503
16,5.803908,0.17097999,-4.033654678126934,15.510101318359375,2.3831071853637695
32,3.7631032,0.15373468,-1.1160927207167801,6.52543830871582,2.373042583465576
