train_sample_num,rmse,nrmse,r2,nll,time
4,14.679044,0.4604872,-24.819831544059465,91.23705291748047,2.534106969833374
8,9.579195,0.29407623,-9.995523011245906,38.07383728027344,2.4749369621276855
16,5.3559566,0.18940835,-2.4374147134252473,11.64478874206543,2.4245872497558594
32,3.6869054,0.13472125,-0.6288528689215789,5.595668792724609,2.381413698196411
