train_sample_num,rmse,nrmse,r2,nll,time
4,14.063645,0.48832113,-19.719158582255716,83.41185760498047,2.4904985427856445
8,9.258489,0.32003012,-7.979589649261351,35.1317024230957,2.4687297344207764
16,6.070067,0.21506193,-2.8597865122145767,14.631378173828125,2.573119878768921
32,4.6240973,0.1599973,-1.2399088341952562,8.514719009399414,2.7661118507385254
