train_sample_num,rmse,nrmse,r2,nll,time
4,15.972879,0.5145563,-31.76458579672,136.29605102539062,3.065612316131592
8,9.850489,0.29784048,-11.461026997153205,50.45939636230469,2.48811674118042
16,6.5648375,0.1979821,-4.53459923039686,21.80480194091797,3.8004746437072754
32,4.2228556,0.12245652,-1.2900800376553963,8.610008239746094,2.4829866886138916
