train_sample_num,rmse,nrmse,r2,nll,time
4,55.091534,1.310213,-529.5774517546052,89.18041229248047,3.8377184867858887
8,49.87732,1.4671166,-433.8958741237176,73.1471939086914,3.4841253757476807
16,46.274555,1.4012083,-373.3377366724647,61.648502349853516,4.017377853393555
32,43.087845,1.9033736,-323.55532822477386,51.71879577636719,3.9804580211639404
