train_sample_num,rmse,nrmse,r2,nll,time
4,57.28312,1.5942321,-489.3381323036507,88.57302856445312,3.523857593536377
8,50.72795,2.3367188,-383.5360786056958,69.94117736816406,3.4689600467681885
16,47.979008,1.8551093,-342.98927585716,61.6577262878418,3.40559983253479
32,45.762638,1.7492499,-311.9424546669942,54.482337951660156,3.873277187347412
