train_sample_num,rmse,nrmse,r2,nll,time
4,57.267677,1.3891915,-391.98587480032035,89.97212982177734,4.642518997192383
8,51.705143,1.5022955,-319.35045010048066,73.76453399658203,3.4466657638549805
16,47.003613,2.083581,-263.74048802331384,59.91025924682617,3.451012134552002
32,45.08765,1.8172368,-242.59762983534978,53.336212158203125,3.759190559387207
