train_sample_num,rmse,nrmse,r2,nll,time
4,54.90695,2.001803,-314.8137515430206,83.52005004882812,3.5746562480926514
8,49.47794,1.9125154,-255.4481353529103,68.73406982421875,3.5364060401916504
16,45.652912,2.1000066,-217.32995671736566,57.716217041015625,3.552830219268799
32,43.81723,2.3032072,-200.125034597451,52.12311553955078,4.359473705291748
