train_sample_num,rmse,nrmse,r2,nll,time
4,57.686596,1.4686227,-426.3543477335225,93.1236801147461,3.7333505153656006
8,50.44548,1.9477973,-325.80054209617305,71.28050994873047,3.629460334777832
16,46.893715,1.701405,-281.40187516627884,60.65242004394531,3.7451586723327637
32,43.81249,2.074641,-245.5097698103544,51.454803466796875,3.967402458190918
