train_sample_num,rmse,nrmse,r2,nll,time
4,7.2425594,0.17976342,-4.494908519636802,12.406879425048828,2.480766534805298
8,6.3735604,0.1391494,-3.2554011358930017,10.223540306091309,2.350111722946167
16,5.7179966,0.115679316,-2.4250279660961755,8.419158935546875,2.4605650901794434
32,4.998742,0.08770685,-1.6175668479979963,6.715859889984131,2.3582565784454346
