train_sample_num,rmse,nrmse,r2,nll,time
4,6.8056526,0.16647764,-4.550056402599615,11.077749252319336,3.706737756729126
8,5.731103,0.13758378,-2.9358112341154676,8.408524513244629,3.480780839920044
16,4.4895267,0.08364873,-1.4152327406967498,5.493542671203613,2.8797388076782227
32,3.6275504,0.11874826,-0.5768294582957214,4.0151896476745605,2.7403481006622314
