train_sample_num,rmse,nrmse,r2,nll,time
4,8.390788,0.24661689,-8.041567742265194,16.203811645507812,2.7807562351226807
8,6.579297,0.1552099,-4.5590069919083005,10.594005584716797,2.553058385848999
16,4.8966985,0.09253787,-2.0792505516919704,6.435510635375977,2.5739340782165527
32,4.191141,0.06436393,-1.255811517883512,4.9586615562438965,2.581591844558716
