train_sample_num,rmse,nrmse,r2,nll,time
4,6.2327147,0.1364763,-4.804929206858461,9.926523208618164,3.264648914337158
8,5.03914,0.089914106,-2.794506267620317,6.931046962738037,2.81711483001709
16,3.6996822,0.048249163,-1.0453671305381276,4.123063087463379,2.951625108718872
32,3.1819336,0.03625469,-0.5129503599544301,3.2263283729553223,2.6602489948272705
