train_sample_num,rmse,nrmse,r2,nll,time
4,6.45448,0.13487609,-6.282856598827581,10.367181777954102,2.6977126598358154
8,6.335746,0.12961529,-6.017373390437659,10.184959411621094,2.4159882068634033
16,4.852138,0.07630005,-3.1157157660949464,6.6691460609436035,2.4754111766815186
32,3.886967,0.04888225,-1.6411972062817175,4.446533679962158,2.5452613830566406
