train_sample_num,rmse,nrmse,r2,nll,time
4,16.368391,0.5368637,-39.03634341322333,65.51837921142578,2.57470965385437
8,9.76508,0.333873,-13.249317090821949,25.117422103881836,2.545654773712158
16,6.6010137,0.1922712,-5.5112394700742575,12.22121810913086,2.626060962677002
32,3.992556,0.16357078,-1.3820151823637579,5.096452713012695,2.548135995864868
