train_sample_num,rmse,nrmse,r2,nll,time
4,17.88238,0.57111394,-54.90230549046531,74.62596130371094,2.664952516555786
8,12.237646,0.3604762,-25.1803186372559,37.96990203857422,2.811939239501953
16,8.016989,0.23488629,-10.23573755191657,17.81012535095215,2.7137973308563232
32,4.398647,0.119482584,-2.382340539633296,5.96127986907959,2.685896396636963
