train_sample_num,rmse,nrmse,r2,nll,time
4,16.787254,0.5627496,-28.52131147700462,65.48109436035156,2.8362534046173096
8,10.539602,0.35752684,-10.63656398321269,28.373271942138672,2.9451491832733154
16,6.4616413,0.21980551,-3.3738315120484454,11.295550346374512,3.3116681575775146
32,4.771993,0.17018211,-1.3854809366434817,6.765282154083252,3.7990338802337646
