train_sample_num,rmse,nrmse,r2,nll,time
4,18.917414,0.5460048,-44.95807328205361,83.06812286376953,3.0319104194641113
8,11.5637,0.33819184,-16.17243444714959,33.57466506958008,2.783432722091675
16,7.515947,0.23514846,-6.254469235318953,15.282500267028809,2.776080846786499
32,4.387359,0.13268861,-1.471978167431737,5.669642925262451,2.8140196800231934
