train_sample_num,rmse,nrmse,r2,nll,time
4,17.121319,0.4894977,-34.12628697206556,68.18478393554688,2.3945319652557373
8,11.117866,0.32547554,-13.811555089010032,31.294885635375977,2.4235177040100098
16,5.8954268,0.21961138,-3.1647446218090476,9.578977584838867,2.3938474655151367
32,3.8746288,0.14746882,-0.7989456847431922,4.77910041809082,2.748000144958496
