train_sample_num,rmse,nrmse,r2,nll,time
4,0.945491,0.11560191,-0.133486126857713,0.44360122084617615,0.8084456920623779
8,0.9323013,0.11382674,-0.10208210045956956,0.42689844965934753,0.9323325157165527
16,0.8970316,0.13246009,-0.020273939463240298,0.3942279815673828,0.7981486320495605
32,0.8329862,0.15008537,0.12021400973699403,0.32488077878952026,0.8108150959014893
