train_sample_num,rmse,nrmse,r2,nll,time
4,0.92226744,0.12175719,-0.07848730071119903,0.42082321643829346,0.8451933860778809
8,0.90835446,0.119949244,-0.046193560469688144,0.40616700053215027,0.911928653717041
16,0.87301725,0.1452765,0.03362205820968445,0.37332168221473694,0.8621249198913574
32,0.8168856,0.15567535,0.15389570792325358,0.3158305883407593,0.85418701171875
