train_sample_num,rmse,nrmse,r2,nll,time
4,0.90759015,0.12912501,-0.04443388214215771,1.6622321605682373,1.3329336643218994
8,0.8976976,0.12725668,-0.021789626200551693,1.6691479682922363,1.3626351356506348
16,0.87309575,0.14018899,0.0334482434239356,1.7221053838729858,1.3345222473144531
32,0.8215213,0.16715729,0.1442655918657174,1.7766555547714233,1.442626714706421
