train_sample_num,rmse,nrmse,r2,nll,time
4,0.90759015,0.12912501,-0.04443388214215771,1.6622321605682373,1.5077054500579834
8,0.8976976,0.12725668,-0.021789626200551693,1.6691479682922363,1.3579370975494385
16,0.87309575,0.14018899,0.0334482434239356,1.7221053838729858,1.4030892848968506
32,0.8215213,0.16715729,0.1442655918657174,1.7766555547714233,1.5143427848815918
