train_sample_num,rmse,nrmse,r2,nll,time
4,0.8837522,0.19128269,0.009709830242933704,0.3848704397678375,0.8812875747680664
8,0.8740124,0.18806855,0.031417713451179274,0.3660951852798462,0.8695621490478516
16,0.8489366,0.19922262,0.08619836928742075,0.3234676122665405,0.8360023498535156
32,0.82276154,0.20179674,0.1416799522434612,0.29789820313453674,0.7759280204772949
