train_sample_num,rmse,nrmse,r2,nll,time
4,0.9448472,0.11491549,-0.13194298340450406,0.4489229619503021,0.8024888038635254
8,0.9284997,0.113016926,-0.09311257870273404,0.43024611473083496,0.7519938945770264
16,0.88863474,0.1365759,-0.001262499963539776,0.4017972946166992,0.7714865207672119
32,0.822412,0.14701173,0.14240877019403841,0.33452361822128296,0.7665984630584717
