train_sample_num,rmse,nrmse,r2,nll,time
4,3.630649,0.37388763,0.21525944271172348,13.347077369689941,2.7453041076660156
8,3.2536178,0.37212944,0.36978227325411406,14.093730926513672,2.700172185897827
16,2.4288063,0.38474524,0.6488089635859797,12.55843734741211,2.764453172683716
32,3.228087,0.34736234,0.37963401922981566,41.243595123291016,2.7744076251983643
