train_sample_num,rmse,nrmse,r2,nll,time
4,3.2012432,0.3516436,0.596497693379706,11.481173515319824,2.7020323276519775
8,2.9357805,0.31992787,0.6606437070370663,14.354371070861816,2.670346975326538
16,2.6822922,0.32350686,0.716716786624727,15.493169784545898,2.7349977493286133
32,2.8617065,0.33354875,0.6775526083457744,28.009248733520508,2.5676302909851074
