train_sample_num,rmse,nrmse,r2,nll,time
4,3.5631032,0.3584367,0.33581960673734834,17.614473342895508,2.697065591812134
8,3.4034364,0.34505475,0.3940112837374471,21.052871704101562,2.662038803100586
16,3.1377885,0.34183863,0.4849177847486704,28.930898666381836,3.164888858795166
32,3.4631672,0.3495871,0.37255428215573194,53.7869873046875,2.772392749786377
