train_sample_num,rmse,nrmse,r2,nll,time
4,2.7505248,0.30146378,0.5309803386594334,7.880234241485596,2.7241220474243164
8,2.7711153,0.3000712,0.5239318622330977,13.501053810119629,2.711970806121826
16,2.8359005,0.3080287,0.501411812025432,27.54584312438965,2.9610650539398193
32,2.8123841,0.2764904,0.5096465872748517,38.68427658081055,3.164154052734375
