train_sample_num,rmse,nrmse,r2,nll,time
4,1.1663651,0.26524392,0.9190108773325405,7.108884811401367,2.368063449859619
8,1.0519108,0.28999743,0.9341257893400974,4.585043430328369,2.416090488433838
16,0.57189393,0.18468435,0.980528985773125,0.2452298402786255,2.3861703872680664
32,0.5834638,0.09831304,0.9797331873569156,0.41188812255859375,2.3851497173309326
