train_sample_num,rmse,nrmse,r2,nll,time
4,1.1477758,0.12408271,0.9481292165807852,4.483018398284912,2.622570276260376
8,1.0526489,0.1226327,0.9563709418222146,3.3852663040161133,2.5955607891082764
16,1.120018,0.14803647,0.9506077607745871,3.965603828430176,2.6092402935028076
32,1.0799538,0.075829074,0.954078177378476,3.198455810546875,2.562748670578003
