train_sample_num,rmse,nrmse,r2,nll,time
4,1.0061445,0.07692077,0.9372403330947773,1.9762197732925415,2.464912176132202
8,0.9687415,0.076874174,0.9418197323942661,1.6531133651733398,2.389089345932007
16,1.0808008,0.07999048,0.9275812052836541,2.5465598106384277,2.3548545837402344
32,1.154236,0.08054003,0.9174058838097346,2.847155809402466,2.4822909832000732
