train_sample_num,rmse,nrmse,r2,nll,time
4,1.0656711,0.14405541,0.9405877927531257,4.343987464904785,2.468510866165161
8,0.98705167,0.13965526,0.9490306639453991,3.3156824111938477,2.46379017829895
16,0.77432877,0.09424812,0.9686324881785638,1.2297625541687012,2.4456863403320312
32,0.845013,0.06072832,0.9626443716863934,1.5805385112762451,2.4278249740600586
