train_sample_num,rmse,nrmse,r2,nll,time
4,9.50236,0.73473346,-3.069815206895422,6.392569065093994,4.135355472564697
8,10.411365,0.7683931,-3.8857009281311115,6.7524733543396,4.054178714752197
16,9.921161,0.7488482,-3.4364609667402943,6.650928497314453,4.160074710845947
32,5.0332847,0.5764338,-0.14186472843864384,4.676173210144043,4.442302942276001
