train_sample_num,rmse,nrmse,r2,nll,time
4,4.2052846,0.34442887,-0.09635371602846465,6.9322829246521,3.971738576889038
8,3.1481593,0.33060732,0.38556862665160374,6.224714279174805,3.883652925491333
16,2.2317991,0.28925106,0.6912050544711374,4.430127143859863,4.050191879272461
32,4.432219,0.49113423,-0.2178740417746814,5.032336711883545,4.636767625808716
