train_sample_num,rmse,nrmse,r2,nll,time
4,2.6386766,0.34887245,0.7258545205429175,6.859547138214111,3.9348459243774414
8,2.470333,0.29375952,0.7597188388538254,5.616759777069092,3.9430935382843018
16,3.0507286,0.30221963,0.6335490410375144,7.453056812286377,4.225188970565796
32,3.2533436,0.28876477,0.583256750231237,7.695660591125488,4.5588459968566895
