train_sample_num,rmse,nrmse,r2,nll,time
4,4.2342415,0.4036433,0.06204834999166697,4.257146835327148,4.662200450897217
8,8.6895075,0.79266435,-2.950204468332172,6.202243804931641,4.149818658828735
16,4.4795003,0.49456674,-0.04975611984391337,4.547240734100342,4.0830113887786865
32,2.6232774,0.33754867,0.639987407730136,4.517794132232666,4.487674713134766
