train_sample_num,rmse,nrmse,r2,nll,time
4,2.5678394,0.29242808,0.6074515235284326,3.716856002807617,3.950925827026367
8,2.7091439,0.3475454,0.563060077724203,5.810128211975098,4.110761880874634
16,2.45665,0.3541355,0.6407107782702912,5.485998630523682,4.149559020996094
32,2.9159992,0.38142252,0.49378806039571077,3.8310372829437256,4.8229193687438965
