train_sample_num,rmse,nrmse,r2,nll,time
4,5.265594,0.14521284,-0.7189162054252765,6.761068344116211,2.3518502712249756
8,5.051308,0.13363796,-0.5818585417571107,6.486321449279785,2.376941442489624
16,3.5085979,0.06528322,0.236819640968564,4.183596611022949,2.3666794300079346
32,2.1492455,0.10668129,0.7136270674866843,2.5621984004974365,2.4394686222076416
