train_sample_num,rmse,nrmse,r2,nll,time
4,6.2145605,0.12198386,-1.0204589288109585,8.558941841125488,2.415881633758545
8,6.1310487,0.11872744,-0.9665218985910646,8.968979835510254,2.508558988571167
16,5.2869725,0.088286765,-0.46232294907557026,6.788500785827637,2.262443780899048
32,4.871169,0.074946746,-0.24135387572517852,6.537230014801025,2.4581191539764404
