train_sample_num,rmse,nrmse,r2,nll,time
4,6.952705,0.1535174,-0.9033399350100497,10.09146499633789,2.3623533248901367
8,5.875139,0.11043514,-0.3590800756038206,7.904780864715576,2.365344524383545
16,5.7154727,0.10404047,-0.2862133698454874,7.351728916168213,2.2989518642425537
32,3.2730033,0.05176547,0.5782048305716343,3.809084892272949,2.404531955718994
