train_sample_num,rmse,nrmse,r2,nll,time
4,1.4558414,0.23893733,0.9165479724719723,0.9877808094024658,2.5492875576019287
8,1.0993152,0.22833903,0.9524168530396739,0.714356541633606,2.4814085960388184
16,1.0975941,0.2453024,0.9525657206276317,1.099511742591858,2.4037272930145264
32,0.94732815,0.07708684,0.9646646337957117,0.8977723717689514,2.3945460319519043
