train_sample_num,rmse,nrmse,r2,nll,time
4,1.0090163,0.29416567,0.9541110632580155,0.5758533477783203,2.3722927570343018
8,0.89949495,0.12900288,0.9635322353810751,0.4608868360519409,2.441272020339966
16,1.1156031,0.116176814,0.9439041028846453,1.5685756206512451,2.2826082706451416
32,1.026242,0.12453044,0.9525308781193116,1.5895559787750244,2.2656610012054443
