train_sample_num,rmse,nrmse,r2,nll,time
4,1.2236365,0.2802601,0.9071750249557607,0.8082584142684937,2.269756555557251
8,1.0341965,0.2466089,0.9336919835919686,0.6880798935890198,2.289368152618408
16,0.7717962,0.09048862,0.9630711942051959,0.1576773226261139,2.2024314403533936
32,1.1243943,0.100209825,0.9216214590114629,1.756585717201233,2.3593013286590576
