train_sample_num,rmse,nrmse,r2,nll,time
4,1.819551,0.25688186,0.826796066413095,1.845784306526184,2.411038875579834
8,1.595412,0.2565065,0.866839641065376,1.6282273530960083,2.2550625801086426
16,0.8320619,0.24375413,0.963780662025822,0.45214489102363586,2.3800792694091797
32,0.7742158,0.17074598,0.9686416397072631,0.7199903726577759,2.350672721862793
