train_sample_num,rmse,nrmse,r2,nll,time
4,6.195681,0.12498804,0.3650901340029401,46.06257247924805,2.675229787826538
8,6.0883217,0.1240969,0.3869030040029179,54.11701202392578,2.669492244720459
16,3.6464157,0.0980331,0.7800792201846888,9.3302583694458,3.706993579864502
32,3.2652826,0.08322815,0.8236499628743804,7.4758381843566895,3.1926956176757812
