train_sample_num,rmse,nrmse,r2,nll,time
4,3.784186,0.04525478,0.6895517911500133,3.8265955448150635,2.4193530082702637
8,3.5900536,0.04298564,0.7205873391411617,4.283127784729004,2.5168073177337646
16,3.5513084,0.040363517,0.726585850468298,4.782942771911621,2.481684923171997
32,3.340367,0.035908204,0.7581018092068852,5.184914588928223,2.5585083961486816
