train_sample_num,rmse,nrmse,r2,nll,time
4,4.868067,0.057738956,0.4363242963632168,33.849769592285156,2.475569248199463
8,3.6894274,0.043423183,0.6762317276034725,5.690628528594971,2.597020149230957
16,3.7629113,0.04592573,0.663206077098319,6.578410625457764,2.5137710571289062
32,3.1991868,0.041137114,0.7565580172672585,5.507182598114014,2.7023956775665283
