train_sample_num,rmse,nrmse,r2,nll,time
4,3.7806935,0.08577881,0.6360682490418957,6.697522163391113,2.722731113433838
8,3.5723555,0.074868195,0.6750726079853795,5.845588207244873,2.677154302597046
16,3.4122682,0.06915102,0.7035419136858148,6.60061502456665,2.6142258644104004
32,3.0277548,0.06785704,0.766590580654258,5.3128790855407715,2.5993096828460693
