train_sample_num,rmse,nrmse,r2,nll,time
4,3.977225,0.08194453,0.5972483395280256,17.367338180541992,2.7084577083587646
8,3.7075245,0.073311135,0.6500185293809232,13.887362480163574,2.6434593200683594
16,3.2958004,0.069264725,0.7234339879895747,10.566344261169434,2.587064504623413
32,2.8143182,0.08453296,0.7983383083752771,7.383685111999512,3.8347787857055664
