train_sample_num,rmse,nrmse,r2,nll,time
4,3.780002,0.058978397,0.6440987142264519,14.681365966796875,2.8768248558044434
8,3.128845,0.05849088,0.7561551549171954,9.833741188049316,3.0380828380584717
16,3.0865295,0.060920257,0.7627062621747172,9.515912055969238,2.909306287765503
32,2.650701,0.059328884,0.8249883521613137,6.919684886932373,3.4437074661254883
