train_sample_num,rmse,nrmse,r2,nll,time
4,5.022324,0.057519935,0.4000352806906158,104.71821594238281,2.900287628173828
8,3.916984,0.04469414,0.6350613428852516,22.075075149536133,2.7000277042388916
16,3.631589,0.044661377,0.6863035478622439,17.692005157470703,2.985100269317627
32,2.8706994,0.03751228,0.8039839256061561,9.8657808303833,2.708832025527954
