train_sample_num,rmse,nrmse,r2,nll,time
4,3.634052,0.05610165,0.7136966225919107,10.772819519042969,3.0570743083953857
8,3.4021344,0.049214862,0.7490731162583857,8.897541999816895,2.8598055839538574
16,3.339665,0.04082895,0.7582035175470699,7.719781398773193,2.800044059753418
32,3.0868526,0.03584773,0.7934258362093543,6.627108097076416,3.0702993869781494
