train_sample_num,rmse,nrmse,r2,nll,time
4,5.458439,0.07285977,0.2913150776713189,8.880003929138184,4.392549276351929
8,13.707418,0.33305413,-3.4691773558604604,11.288714408874512,4.034918546676636
16,11.998731,0.40108368,-2.4244184187584046,10.90697956085205,4.024886846542358
32,11.988297,0.3111444,-2.4184664667629896,10.7786226272583,4.623534679412842
