train_sample_num,rmse,nrmse,r2,nll,time
4,12.252921,0.2941573,-2.2547938928759694,8.74307632446289,3.7242238521575928
8,14.68797,0.26259965,-3.677005077055709,9.314867973327637,3.7040698528289795
16,14.884501,0.24999931,-3.80300250309456,9.401108741760254,4.185421466827393
32,12.916644,0.23869084,-2.6169590785317696,8.982690811157227,4.165057897567749
