train_sample_num,rmse,nrmse,r2,nll,time
4,10.47089,0.40319198,-1.7915422540123664,7.838057994842529,3.863844394683838
8,11.278022,0.3844236,-2.238492188129802,7.819645404815674,3.7612321376800537
16,11.548048,0.3487736,-2.3954248259091355,7.815673351287842,5.063955783843994
32,13.4974165,0.33505258,-3.638507777475801,7.8934478759765625,6.453961610794067
