train_sample_num,rmse,nrmse,r2,nll,time
4,9.530075,0.14662479,-1.2622366534704033,17.864147186279297,2.5471582412719727
8,8.841341,0.1264962,-0.9470712124840084,15.490691184997559,2.5100598335266113
16,6.916682,0.08801437,-0.19162895532942592,12.149757385253906,2.5888471603393555
32,5.5118456,0.10763402,0.24327240936767325,11.993656158447266,2.479985237121582
