train_sample_num,rmse,nrmse,r2,nll,time
4,10.479731,0.13216734,-0.8164951445510289,21.744705200195312,2.3349900245666504
8,9.262475,0.11672918,-0.4190185836392062,19.067644119262695,2.306837558746338
16,7.2593317,0.11002822,0.1283797901099082,16.481643676757812,2.4230358600616455
32,6.230066,0.10123359,0.3580233203528931,16.54385757446289,2.368792772293091
