train_sample_num,rmse,nrmse,r2,nll,time
4,8.465832,0.077209555,-0.7047295394639133,15.076848030090332,2.4173920154571533
8,8.730041,0.079598926,-0.8127951659755377,15.321746826171875,2.4809064865112305
16,7.582104,0.061713938,-0.36740058516226193,14.40251350402832,2.445441484451294
32,4.9869914,0.054053362,0.4084471718818439,10.787755966186523,2.42047381401062
