train_sample_num,rmse,nrmse,r2,nll,time
4,8.674407,0.10927032,-0.9158282757575726,15.370444297790527,2.564169406890869
8,8.382378,0.1020828,-0.7890045398665129,15.192479133605957,2.447993516921997
16,6.322789,0.07302173,-0.01787482321021483,12.888012886047363,2.5516934394836426
32,5.7212377,0.062097598,0.16659324633860173,13.028938293457031,2.5145485401153564
