train_sample_num,rmse,nrmse,r2,nll,time
4,4.868,0.056617677,0.4363397660037063,27.3931941986084,2.9317080974578857
8,3.6529982,0.04262552,0.6825939295453144,4.557437896728516,3.0004053115844727
16,3.710881,0.045876846,0.6724555429290674,6.693536758422852,2.5318820476531982
32,2.9862354,0.03935458,0.7878884488026826,5.530251502990723,3.5708258152008057
