train_sample_num,rmse,nrmse,r2,nll,time
4,6.009728,0.124618106,0.4026296831046422,43.879146575927734,2.8468780517578125
8,6.0131874,0.12428006,0.40194178846965467,54.300018310546875,2.7600767612457275
16,3.6387951,0.095896766,0.780997433501038,8.88319206237793,2.7091503143310547
32,3.1657937,0.085461885,0.8342325683743429,8.23742389678955,3.184328556060791
