train_sample_num,rmse,nrmse,r2,nll,time
4,4.012763,0.060492598,0.5989185880093777,5.250290393829346,2.45356822013855
8,3.2271516,0.058552977,0.7405914806576581,4.405917167663574,2.595425844192505
16,3.1205144,0.06137221,0.7574519105798663,5.206270694732666,3.029217004776001
32,2.7065017,0.060199436,0.8175423779629419,5.131184101104736,2.9290480613708496
