train_sample_num,rmse,nrmse,r2,nll,time
4,3.6356485,0.08136129,0.6634568568794206,4.588924407958984,3.512918472290039
8,3.5113277,0.07309367,0.6860794511529027,4.457772731781006,3.145474672317505
16,3.4274983,0.0697621,0.7008896049064564,6.899196147918701,3.0607852935791016
32,2.9439974,0.08631512,0.7793256855900168,6.996290683746338,2.9070305824279785
