train_sample_num,rmse,nrmse,r2,nll,time
4,11.382523,0.25466844,-8.596482782413464,32.65208435058594,4.837073802947998
8,11.785443,0.23910776,-9.287900737749576,55.67597579956055,4.076169490814209
16,10.032596,0.21788993,-6.455238551871222,45.393585205078125,4.1140501499176025
32,7.725896,0.18062921,-3.4211231010388534,22.61931800842285,4.406452178955078
