train_sample_num,rmse,nrmse,r2,nll,time
4,5.4046683,0.1204118,-0.19882945094721638,8.258586883544922,1.7071821689605713
8,5.120304,0.11917131,-0.0759962222733035,8.076831817626953,1.6012277603149414
16,2.2289774,0.212934,0.7960936764883946,8.371917724609375,1.6185522079467773
32,2.3191504,0.22782636,0.7792619475336573,8.610018730163574,1.7370479106903076
