train_sample_num,rmse,nrmse,r2,nll,time
4,6.436089,0.27361992,-2.127637273755772,6.610172271728516,1.7259125709533691
8,2.8571925,0.09714725,0.3836160686334794,5.635155200958252,1.7231836318969727
16,2.524667,0.15447883,0.5187392464057949,6.419191837310791,1.5921955108642578
32,2.38243,0.1502334,0.5714390086807463,6.635585784912109,1.837249994277954
