train_sample_num,rmse,nrmse,r2,nll,time
4,3.440896,0.098673575,0.3860113413246057,7.639832973480225,1.972461462020874
8,2.799822,0.1901976,0.593483596366372,7.533876895904541,1.5216381549835205
16,3.2799625,0.16944309,0.4421017619078601,8.658596992492676,1.5742857456207275
32,3.2266455,0.114872076,0.4600920752337937,7.470023155212402,1.715165138244629
