train_sample_num,rmse,nrmse,r2,nll,time
4,0.6707031,0.10077724,0.42687950292482857,4.445410251617432,1.4059398174285889
8,0.67050564,0.11255949,0.42721695530683457,4.457183837890625,1.3626244068145752
16,0.6697064,0.11062702,0.4285816815225384,4.465130805969238,1.2856013774871826
32,0.62644136,0.13557927,0.5000275279300624,4.581890106201172,1.4099431037902832
