train_sample_num,rmse,nrmse,r2,nll,time
4,4.0724077,0.15108716,0.3846402377424938,7.318477630615234,1.8559033870697021
8,3.9030344,0.21420638,0.43476198869714366,7.056927680969238,1.7626073360443115
16,4.9611034,0.2018326,0.08676368664319978,7.745248317718506,1.5851869583129883
32,4.8635626,0.20329602,0.12232121331197388,7.916386127471924,1.7630274295806885
