train_sample_num,rmse,nrmse,r2,nll,time
4,3.6962688,0.05950734,-0.03157173243427369,1.6349536180496216,2.953796625137329
8,3.5171134,0.06057339,0.06600396854500845,1.2127659320831299,2.902853012084961
16,0.77268296,0.1168036,0.954920924556229,0.21991926431655884,2.9042625427246094
32,2.3739955,0.09878207,0.5744680718599249,7.416799545288086,2.8692657947540283
