train_sample_num,rmse,nrmse,r2,nll,time
4,0.81045425,0.06106937,0.16316025011534108,0.02974397875368595,0.8178279399871826
8,0.72391576,0.068487726,0.33233080969904827,-0.08426938205957413,0.8268387317657471
16,0.73083425,0.07183806,0.31950792862955746,-0.22109203040599823,0.9941122531890869
32,0.501814,0.09823283,0.6791731259102718,-0.40774405002593994,0.8311831951141357
