train_sample_num,rmse,nrmse,r2,nll,time
4,6.2099423,0.114820555,-0.5826847429194102,2.6639294624328613,3.0564489364624023
8,5.869071,0.09991393,-0.4137023508753972,2.0787315368652344,3.0087666511535645
16,2.3693671,0.18542185,0.7695991370962565,4.330334186553955,2.9863510131835938
32,0.48122892,0.15091789,0.9904956431920013,-0.08384498953819275,2.943882703781128
