train_sample_num,rmse,nrmse,r2,nll,time
4,3.804556,0.09238761,0.24937133843782677,2.912930488586426,3.627619504928589
8,1.7041609,0.18443382,0.849395328967125,0.9620811343193054,3.2271671295166016
16,2.165755,0.123167194,0.7567594643238491,2.0724496841430664,3.181528091430664
32,2.3180974,0.10408049,0.7213362150799463,2.6757335662841797,3.014256000518799
