train_sample_num,rmse,nrmse,r2,nll,time
4,0.61728925,0.12971832,0.5145296361743108,-0.0769612193107605,0.9313013553619385
8,0.61901337,0.13690561,0.5118140029696451,-0.05924168601632118,1.0707156658172607
16,0.60504377,0.1295675,0.5335997264455964,-0.1861293613910675,1.1221654415130615
32,0.57497454,0.14756832,0.5788056663075081,0.1454586237668991,1.035656452178955
