train_sample_num,rmse,nrmse,r2,nll,time
4,0.61728925,0.12971832,0.5145296361743108,-0.0769612193107605,0.8089985847473145
8,0.61901337,0.13690561,0.5118140029696451,-0.05924168601632118,0.817091703414917
16,0.60504377,0.1295675,0.5335997264455964,-0.1861293613910675,0.7549347877502441
32,0.57497454,0.14756832,0.5788056663075081,0.1454586237668991,0.8153619766235352
