train_sample_num,rmse,nrmse,r2,nll,time
4,4.634879,0.13861066,0.11835011912154225,5.874009609222412,4.6984703540802
8,5.0818486,0.1305012,-0.059894714270865235,6.535154819488525,3.737882137298584
16,1.4347767,0.2236295,0.9155133688493162,1.0745810270309448,3.3230321407318115
32,0.50194365,0.10780755,0.9896597925076293,0.13756206631660461,3.1605076789855957
