train_sample_num,rmse,nrmse,r2,nll,time
4,0.96656287,0.12365268,0.09900508614354098,0.43837156891822815,0.8688828945159912
8,0.93503773,0.11640204,0.15681969061811052,0.2985341548919678,0.8730347156524658
16,0.6223622,0.1156663,0.6264501491924469,-0.08615302294492722,0.8624696731567383
32,0.45888397,0.09249415,0.7969196342040805,-0.4094463288784027,0.9130189418792725
