train_sample_num,rmse,nrmse,r2,nll,time
4,0.38892877,0.07475269,0.8541177907784114,-0.20087896287441254,0.9014880657196045
8,0.3795252,0.07205808,0.8610868388676177,-0.2841051518917084,0.9128315448760986
16,0.39239147,0.076622844,0.851508615674386,-0.36120662093162537,0.8868284225463867
32,0.36916816,0.07994187,0.8685651302398427,-0.4979434907436371,0.8129947185516357
