train_sample_num,rmse,nrmse,r2,nll,time
4,96980.27,0.14369714,-2.1921154652469887,15.912004470825195,3.2715744972229004
8,99081.09,0.11150038,-2.331911251196441,19.935813903808594,2.309502601623535
16,86549.34,0.11817062,-1.5423735396533225,19.598981857299805,2.2351808547973633
32,31989.594,0.054135688,0.6526803962314802,14.993032455444336,2.229498863220215
