train_sample_num,rmse,nrmse,r2,nll,time
4,38925.484,0.070698135,0.1514393981772587,311.7281494140625,2.2529914379119873
8,53596.906,0.16703837,-0.6087709153942547,17.64097785949707,2.35455322265625
16,17314.146,0.068614215,0.8321130566540151,10.351489067077637,2.192200183868408
32,17282.66,0.02337029,0.832723099617124,10.966099739074707,2.368504762649536
