train_sample_num,rmse,nrmse,r2,nll,time
4,0.22845368,0.117149055,0.9521271646885126,-0.20679493248462677,1.156968116760254
8,0.2129334,0.10415596,0.9584108137219625,-0.3070957660675049,1.1090459823608398
16,0.16759975,0.085417576,0.9742344425679811,-0.46239855885505676,1.2402076721191406
32,0.16255176,0.05806271,0.9757631503596489,-0.769253671169281,1.1023061275482178
