train_sample_num,rmse,nrmse,r2,nll,time
4,127197.5,0.21789928,-13.318754529618186,21.609525680541992,2.2930126190185547
8,30288.416,0.41093385,0.18810251312986148,13.340723037719727,2.4780213832855225
16,33628.66,0.06489961,-0.0008459647595384645,13.911913871765137,2.4507439136505127
32,9542.398,0.047926877,0.919413329950242,9.821828842163086,2.1717891693115234
