train_sample_num,rmse,nrmse,r2,nll,time
4,36306.98,0.06033046,0.2617643766444375,32.057411193847656,1.1938872337341309
8,13787.635,0.06505579,0.893538088067992,10.354042053222656,1.2264790534973145
16,10695.205,0.06939281,0.9359391031876457,10.451765060424805,1.052830696105957
32,6917.247,0.071932115,0.9732032986786677,10.601567268371582,1.2523832321166992
