train_sample_num,rmse,nrmse,r2,nll,time
4,36169.52,0.19304085,0.5559854028010073,10.852594375610352,1.1349689960479736
8,48674.58,0.18384579,0.19588866106116698,11.353608131408691,1.2047889232635498
16,39428.074,0.18245886,0.4723778976376882,11.047000885009766,1.1230323314666748
32,8966.569,0.08734077,0.9727124556673009,10.67310905456543,1.1011455059051514
