train_sample_num,rmse,nrmse,r2,nll,time
4,0.21499932,0.111471,0.9575998931851368,-0.8349524736404419,1.2458066940307617
8,0.20820425,0.10031442,0.9602376447992272,-0.8473302721977234,1.1368293762207031
16,0.16957058,0.11115137,0.9736249136944044,-0.892560601234436,0.9308240413665771
32,0.19095199,0.041319095,0.966554229349193,-0.9205822944641113,1.0073308944702148
