train_sample_num,rmse,nrmse,r2,nll,time
4,47107.305,0.13091305,-0.6922190636707859,11.295112609863281,1.0378055572509766
8,15977.319,0.08982721,0.8053349814627331,10.744327545166016,1.2404663562774658
16,46348.66,0.11441577,-0.6381529107575585,11.2228364944458,1.0595593452453613
32,25397.084,0.09600079,0.5081329104101169,10.65365219116211,1.1291115283966064
