train_sample_num,rmse,nrmse,r2,nll,time
4,117663.76,0.21297373,-5.3940295209627935,12.30432415008545,1.1413817405700684
8,51360.402,0.14143339,-0.2182768450567405,11.374275207519531,1.1348798274993896
16,45307.395,0.121403284,0.05195855080552758,11.224115371704102,1.0836217403411865
32,24407.312,0.10657704,0.7248756315713316,10.813785552978516,1.1085050106048584
