train_sample_num,rmse,nrmse,r2,nll,time
4,0.20673133,0.11654621,0.960798243890161,4.197705268859863,1.5302960872650146
8,0.18710339,0.098501965,0.9678888257960292,4.200653553009033,1.5365464687347412
16,0.16234604,0.09407706,0.9758244554178188,4.206739902496338,1.7240896224975586
32,0.22833116,0.042244084,0.9521784942882338,4.141301155090332,1.9106602668762207
