train_sample_num,rmse,nrmse,r2,nll,time
4,48434.562,0.14009313,-0.7889196628033157,17.89702033996582,2.0186824798583984
8,16639.271,0.10861384,0.7888706704085696,18.076473236083984,1.649681806564331
16,42819.64,0.12520033,-0.39818963592277545,17.817604064941406,1.732480764389038
32,23013.494,0.11081512,0.596126706403211,17.730613708496094,1.941967248916626
