train_sample_num,rmse,nrmse,r2,nll,time
4,41430.652,0.19555198,0.4174202789513438,15.022540092468262,1.6312081813812256
8,51186.28,0.18333246,0.11076003304150428,15.007122993469238,1.8772289752960205
16,42071.54,0.182606,0.3992571674968035,15.017683029174805,2.5277483463287354
32,9956.449,0.07766576,0.9663549823485861,15.387561798095703,1.7847700119018555
