train_sample_num,rmse,nrmse,r2,nll,time
4,110961.555,0.1682235,-4.686358297913851,16.55223846435547,1.8898615837097168
8,51751.03,0.14253707,-0.23687893343126887,16.120248794555664,1.8381931781768799
16,45702.31,0.119750716,0.035359499505306036,15.980804443359375,1.7039005756378174
32,24405.732,0.100710616,0.7249112480027888,15.869318962097168,1.8235125541687012
