train_sample_num,rmse,nrmse,r2,nll,time
4,0.20673133,0.11654621,0.960798243890161,4.197705268859863,1.99432373046875
8,0.18710339,0.098501965,0.9678888257960292,4.200653553009033,1.9806137084960938
16,0.16234604,0.09407706,0.9758244554178188,4.206739902496338,2.104799747467041
32,0.22833116,0.042244084,0.9521784942882338,4.141301155090332,1.8606822490692139
