train_sample_num,rmse,nrmse,r2,nll,time
4,34467.93,0.05730846,0.3346576662460814,13.602901458740234,1.8458008766174316
8,15015.402,0.06508605,0.8737333396838354,15.180577278137207,1.6831040382385254
16,11417.956,0.073931165,0.9269884736128998,15.260384559631348,1.6514801979064941
32,6416.826,0.090553485,0.9769402156521707,15.735546112060547,1.9953663349151611
