train_sample_num,rmse,nrmse,r2,nll,time
4,33602.31,0.058801267,0.13896985839947684,10.538447380065918,2.660634994506836
8,10062.962,0.17015992,0.9227796505285875,9.719335556030273,2.7796685695648193
16,32514.496,0.07296937,0.19381597304801979,10.72964096069336,3.0264689922332764
32,18465.62,0.07170946,0.739979395315848,10.377605438232422,2.974578380584717
