train_sample_num,rmse,nrmse,r2,nll,time
4,32772.867,0.09456789,0.0494454513261402,11.693254470825195,2.8092093467712402
8,9732.586,0.025144055,0.9161690060955956,9.278146743774414,2.8915929794311523
16,10862.138,0.02951992,0.8955811920459065,9.200224876403809,2.790250301361084
32,6275.0776,0.12544464,0.9651513215849371,9.246670722961426,2.6401846408843994
