train_sample_num,rmse,nrmse,r2,nll,time
4,0.95605695,0.07218478,0.16158241164340847,0.343595951795578,2.419788122177124
8,0.9321054,0.068663426,0.20306496453185252,0.19180133938789368,2.481320381164551
16,0.78562164,0.054980244,0.4338653686741062,-0.09178599715232849,2.343688488006592
32,0.54571193,0.054449715,0.7268383171243258,-0.5238547325134277,3.723836660385132
