train_sample_num,rmse,nrmse,r2,nll,time
4,0.95605695,0.07218478,0.16158241164340847,0.343595951795578,0.8322641849517822
8,0.9321054,0.068663426,0.20306496453185252,0.19180133938789368,0.845757246017456
16,0.78562164,0.054980244,0.4338653686741062,-0.09178599715232849,0.878272294998169
32,0.54571193,0.054449715,0.7268383171243258,-0.5238547325134277,0.8633847236633301
