train_sample_num,rmse,nrmse,r2,nll,time
4,26462.76,0.13663891,0.6765855161635159,10.437756538391113,2.8255953788757324
8,8645.112,0.107150525,0.9654832068338057,9.835726737976074,2.6815273761749268
16,20171.496,0.1190103,0.8120833002250472,10.899092674255371,2.828216075897217
32,13833.179,0.11668186,0.9116242419924636,10.184061050415039,2.9659030437469482
