train_sample_num,rmse,nrmse,r2,nll,time
4,67529.89,0.10671937,-0.547760710607895,11.669936180114746,2.2930409908294678
8,91158.02,0.099040724,-1.8203409476242491,20.519275665283203,2.4810543060302734
16,77442.31,0.09613516,-1.0354876000182074,19.78235626220703,2.197293519973755
32,9013.955,0.15815845,0.9724232816791042,9.715856552124023,2.4128482341766357
