train_sample_num,rmse,nrmse,r2,nll,time
4,55755.098,0.069370165,-1.370550321443761,16.182586669921875,2.8676767349243164
8,20319.541,0.043027602,0.6851470100948379,10.356096267700195,2.38273549079895
16,69525.414,0.063133545,-2.686100442255976,17.734018325805664,2.389761447906494
32,33604.88,0.051163945,0.13883840490279886,14.844225883483887,2.4039859771728516
