train_sample_num,rmse,nrmse,r2,nll,time
4,0.22790217,0.112737976,0.9523580234152638,-0.28765854239463806,1.877091884613037
8,0.21660914,0.103961796,0.9569625636953689,-0.38517627120018005,1.945321798324585
16,0.16632198,0.0899492,0.9746258126954717,-0.5271671414375305,1.7986671924591064
32,0.17044446,0.044367943,0.9733523700896956,-0.7001171112060547,1.775721549987793
