train_sample_num,rmse,nrmse,r2,nll,time
4,0.22790217,0.112737976,0.9523580234152638,-0.28765854239463806,0.8020191192626953
8,0.21660914,0.103961796,0.9569625636953689,-0.38517627120018005,0.8127384185791016
16,0.16632198,0.0899492,0.9746258126954717,-0.5271671414375305,0.9182429313659668
32,0.17044446,0.044367943,0.9733523700896956,-0.7001171112060547,1.011800765991211
