train_sample_num,rmse,nrmse,r2,nll,time
4,234.98561,0.087630644,0.41039318751363785,5888.20068359375,2.5975656509399414
8,224.21266,0.09368064,0.46321519086849483,7598.40576171875,2.5623438358306885
16,238.47084,0.09689502,0.39277377497352983,7521.04931640625,2.7986702919006348
32,240.7189,0.08969314,0.3812711989619507,7636.61572265625,2.6909728050231934
