train_sample_num,rmse,nrmse,r2,nll,time
4,304.5672,0.11789714,-0.007507175706376268,10506.337890625,2.5380859375
8,307.78043,0.116677925,-0.028877876999551688,11462.87890625,2.4421558380126953
16,264.85187,0.1169725,0.23811770478389616,14939.052734375,2.6074657440185547
32,234.12431,0.11599525,0.4046465807100429,13510.6396484375,2.6051697731018066
