train_sample_num,rmse,nrmse,r2,nll,time
4,235.80313,0.11277616,0.3625910076667991,6179.56005859375,3.2916183471679688
8,227.80334,0.11090191,0.40510654458769924,6644.61669921875,3.1459765434265137
16,226.37935,0.104872406,0.41252052646418635,11165.0478515625,2.681378126144409
32,233.07158,0.10406834,0.3772730457186507,11716.3916015625,2.4632761478424072
