train_sample_num,rmse,nrmse,r2,nll,time
4,290.7746,0.114864096,0.05787840851050596,9721.087890625,2.444406032562256
8,275.19,0.10276116,0.1561614559283766,10726.416015625,2.5284640789031982
16,258.93546,0.104226515,0.25290285937202917,9624.3203125,2.6787595748901367
32,241.69522,0.11050494,0.34907616473320824,8543.2041015625,2.5469422340393066
