train_sample_num,rmse,nrmse,r2,nll,time
4,270.15952,0.11953668,0.18673030190975415,17693.275390625,3.5574326515197754
8,260.14984,0.10812136,0.24587883823537426,16306.865234375,3.7818427085876465
16,249.84906,0.11013971,0.3044160244204338,14968.4765625,3.17625093460083
32,235.73222,0.12848839,0.38079850044435504,13562.88671875,3.250929832458496
