train_sample_num,rmse,nrmse,r2,nll,time
4,225.89034,0.09451053,0.45515206540644626,10828.86328125,3.4743707180023193
8,219.38054,0.098711856,0.48610290274054335,10815.0458984375,3.222362518310547
16,218.58391,0.09567712,0.4898283320354939,10586.7138671875,3.396331310272217
32,212.93954,0.085937455,0.5158359000815863,9677.9970703125,2.9545607566833496
