train_sample_num,rmse,nrmse,r2,nll,time
4,284.69308,0.124564365,0.11968994627709129,18326.61328125,3.6904866695404053
8,286.5549,0.12172461,0.10813834336636441,19087.11328125,3.746063709259033
16,257.04996,0.119210266,0.2823429814266444,15663.9033203125,5.692629098892212
32,228.75676,0.11391616,0.4316319238843287,12348.4765625,4.207193851470947
