train_sample_num,rmse,nrmse,r2,nll,time
4,222.89584,0.09730848,0.43046171027968105,9967.525390625,3.3820972442626953
8,216.73558,0.10617438,0.46150773787748167,9613.044921875,3.370210886001587
16,225.44244,0.106498264,0.41737334202199083,10773.1923828125,3.4713237285614014
32,228.58865,0.103112765,0.4009978474445667,10766.80078125,3.3743133544921875
