train_sample_num,rmse,nrmse,r2,nll,time
4,462.84824,0.24008243,-1.326800031910735,1340.6646728515625,4.405331611633301
8,440.00555,0.21976493,-1.1028010478984784,1321.7835693359375,4.215778589248657
16,435.7306,0.21990645,-1.0621387878208104,1050.673583984375,4.695244073867798
32,393.1809,0.19389342,-0.6790619857097147,773.7423706054688,4.806255578994751
