train_sample_num,rmse,nrmse,r2,nll,time
4,485.72223,0.20793629,-1.7045500627676278,1171.662841796875,4.049014091491699
8,448.87265,0.20538425,-1.309751940949973,1077.1297607421875,4.0315868854522705
16,434.40222,0.20000151,-1.1632321145428999,930.6405639648438,4.2090163230896
32,425.40958,0.20715678,-1.0745959889598535,883.7550048828125,5.418277263641357
