train_sample_num,rmse,nrmse,r2,nll,time
4,459.32776,0.12483544,-1.418601894255068,39254.99609375,3.1703805923461914
8,458.62207,0.124452144,-1.4111758990460936,39199.2421875,2.817901372909546
16,452.59058,0.121196024,-1.3481726029369687,38155.51171875,2.4989795684814453
32,449.12555,0.119346865,-1.3123550331446903,37920.4140625,2.5476863384246826
