train_sample_num,rmse,nrmse,r2,nll,time
4,275.61768,0.11129011,0.1535364622711749,12439.6650390625,2.530278205871582
8,274.2196,0.103216924,0.16210204346525436,11605.8076171875,2.6073403358459473
16,258.2616,0.10454721,0.25678637826441675,10780.8359375,2.604787588119507
32,238.19456,0.12729831,0.36779520709997926,11016.3916015625,2.886896848678589
