train_sample_num,rmse,nrmse,r2,nll,time
4,272.33276,0.0870664,0.17280104362327153,11821.3671875,2.5124993324279785
8,261.66833,0.08057101,0.23631796187885956,11623.423828125,2.6618993282318115
16,227.94102,0.06839089,0.4204975779525526,9311.2080078125,2.6480214595794678
32,216.33482,0.0603277,0.47800893485122886,10046.1787109375,2.7014994621276855
