train_sample_num,rmse,nrmse,r2,nll,time
4,230.56206,0.108483575,0.3906109035965275,8383.494140625,2.6752400398254395
8,221.68797,0.104981765,0.4366176228559,8592.3037109375,2.540614604949951
16,228.15169,0.10607806,0.4032856863449402,10103.9755859375,2.461970806121826
32,232.18346,0.10380268,0.38200982451546917,11920.72265625,2.4391181468963623
