train_sample_num,rmse,nrmse,r2,nll,time
4,304.06262,0.11757196,-0.004171388723060332,14166.52734375,2.5634777545928955
8,301.96167,0.11566961,0.009657497914116409,15151.958984375,2.690582275390625
16,265.85794,0.1173764,0.23231845483616675,12889.474609375,2.514164924621582
32,232.85776,0.11319058,0.41107061643552356,11693.2490234375,2.72973895072937
