train_sample_num,rmse,nrmse,r2,nll,time
4,0.19782859,0.07455741,0.9531711240660963,-0.35676276683807373,0.8749217987060547
8,0.19910136,0.07422934,0.952566616098002,-0.44295743107795715,0.8841991424560547
16,0.18736485,0.07023434,0.9579939460075335,-0.587131142616272,0.8549470901489258
32,0.21719559,0.08605938,0.9435534158526092,-0.6528989672660828,0.8870038986206055
