train_sample_num,rmse,nrmse,r2,nll,time
4,0.20912826,0.07424804,0.9476687467570839,-0.8961759209632874,1.001699447631836
8,0.210019,0.0743647,0.9472220048140808,-0.8950476050376892,0.9867424964904785
16,0.2092041,0.071147844,0.9476307940730455,-0.9010704755783081,0.8810610771179199
32,0.17648812,0.07574429,0.9627293770922313,-0.9177649021148682,0.9671287536621094
