train_sample_num,rmse,nrmse,r2,nll,time
4,0.20078547,0.074899,0.9517607908444919,-0.3303636908531189,0.8968982696533203
8,0.20242608,0.074887484,0.9509692430047085,-0.41987645626068115,0.8902504444122314
16,0.19846387,0.070541576,0.9528698726093597,-0.5424585938453674,0.8590292930603027
32,0.18296309,0.07644178,0.9599444567580123,-0.7180368900299072,0.909325122833252
