train_sample_num,rmse,nrmse,r2,nll,time
4,0.58153075,0.32450134,-0.3652285756730709,0.6610848307609558,3.827103853225708
8,0.68244773,0.36191246,-0.8801776718789738,3.8690476417541504,5.361651659011841
16,0.67109823,0.35759705,-0.8181607739718375,6.683801651000977,4.098265886306763
32,0.6833849,0.36389863,-0.8853447766926306,11.766314506530762,6.4012181758880615
