train_sample_num,rmse,nrmse,r2,nll,time
4,0.7185638,0.38703072,-1.2503301917951255,2.831930637359619,5.485848426818848
8,0.5972924,0.3399249,-0.5548537944746759,2.704671621322632,6.460650205612183
16,0.65697634,0.36288014,-0.8811140187818485,6.842554092407227,5.694081783294678
32,0.61217695,0.34429002,-0.6333133652875242,9.114154815673828,5.766818046569824
