train_sample_num,rmse,nrmse,r2,nll,time
4,0.26375654,0.17717415,0.719155119681271,0.6436797380447388,2.435162305831909
8,0.2101558,0.1968355,0.8217034666835888,-0.3098640739917755,2.569746732711792
16,0.21974114,0.25925952,0.8050681527111232,-0.24509721994400024,2.5206875801086426
32,0.21605398,0.22745632,0.8115550389390047,-0.2487201690673828,2.4773027896881104
