train_sample_num,rmse,nrmse,r2,nll,time
4,0.2591161,0.29519737,0.7136861064115587,0.1985032707452774,2.406597137451172
8,0.24185903,0.25827047,0.750553038567363,0.1470559984445572,2.5855510234832764
16,0.24323459,0.26070702,0.7477075348127332,0.16523799300193787,2.7427122592926025
32,0.24800639,0.2687576,0.7377114441431375,0.24482473731040955,2.643371343612671
