train_sample_num,rmse,nrmse,r2,nll,time
4,0.2092481,0.13450427,0.7899997739901574,-0.4428572356700897,2.406808376312256
8,0.18503708,0.14672191,0.835784471888031,-0.8625161647796631,2.336942434310913
16,0.1806759,0.14074126,0.8434341227732519,-0.8888885974884033,2.3152759075164795
32,0.17772008,0.155608,0.8485149872835455,-0.9884175062179565,2.3788113594055176
