train_sample_num,rmse,nrmse,r2,nll,time
4,0.22972238,0.2734264,0.7700029518488111,0.20962242782115936,2.3926830291748047
8,0.22980449,0.29926476,0.7698385269521572,0.12358444184064865,2.2873711585998535
16,0.22024824,0.2693388,0.7885827551095745,0.03430541232228279,2.407632350921631
32,0.22042984,0.2744322,0.7882339214075307,-0.003085210220888257,2.6870999336242676
