train_sample_num,rmse,nrmse,r2,nll,time
4,0.3736226,0.25512916,0.4364580350952528,5.792226791381836,4.906043767929077
8,0.45200524,0.26713932,0.1752032389636985,5.8321075439453125,4.916027307510376
16,0.49994308,0.27567843,-0.009023142129357398,5.888094902038574,4.337886095046997
32,0.5114504,0.26951218,-0.05600799784424004,5.859444618225098,4.609034061431885
