train_sample_num,rmse,nrmse,r2,nll,time
4,0.3396274,0.24466069,0.5008393530361516,4.562743186950684,4.7124152183532715
8,0.38324678,0.24075642,0.3643882179960478,4.648662090301514,4.430115461349487
16,0.43824637,0.24326636,0.16886501634821283,4.7307000160217285,4.634036540985107
32,0.50842947,0.25031728,-0.11865544267843942,4.870121002197266,8.398967981338501
