train_sample_num,rmse,nrmse,r2,nll,time
4,0.33460072,0.24792719,0.5480256547892237,-0.5126228928565979,4.849616050720215
8,0.380828,0.2410122,0.4145123849906116,-0.6100717782974243,8.678884029388428
16,0.35673156,0.24155596,0.486260313813382,-0.7096357941627502,4.8157689571380615
32,0.2280464,0.2533083,0.7900545341199543,-0.8930385112762451,3.9763104915618896
