train_sample_num,rmse,nrmse,r2,nll,time
4,0.31779817,0.23203331,0.5156051838197646,-0.5931717157363892,2.7027432918548584
8,0.19767462,0.16856948,0.8125875193380737,-0.9118984937667847,3.67402982711792
16,0.1528197,0.123013146,0.8879903786400378,-1.1650699377059937,4.932624101638794
32,0.16555183,0.14274828,0.8685487858799169,-1.156616449356079,3.0806729793548584
