train_sample_num,rmse,nrmse,r2,nll,time
4,0.30652544,0.26904118,0.5905048884695582,-0.6313261985778809,2.998889923095703
8,0.26241922,0.2891408,0.6998717555908675,-0.8166353106498718,2.4218270778656006
16,0.22146782,0.23236293,0.78623487599645,-0.9227622747421265,2.61185884475708
32,0.2164578,0.25028515,0.7957970098313409,-0.8525025844573975,2.6186559200286865
