train_sample_num,rmse,nrmse,r2,nll,time
4,0.32872626,0.27039585,0.5391895104411115,-0.6402679681777954,4.628454208374023
8,0.2367993,0.210277,0.7608808329677097,-0.8179005980491638,5.07025408744812
16,0.23319642,0.21325727,0.7681018308705063,-0.8316551446914673,4.571925163269043
32,0.23122413,0.2146413,0.7720078675978943,-0.7255595922470093,3.365262031555176
