train_sample_num,rmse,nrmse,r2,nll,time
4,2.2195601,0.20896065,0.21449991798023849,2.319826602935791,2.7425925731658936
8,2.2751446,0.20329806,0.1746646637249506,3.495742082595825,2.6043448448181152
16,1.6863993,0.31652093,0.5465459508788504,3.3039803504943848,2.551720380783081
32,1.3709594,0.36170056,0.700317368144603,4.11246395111084,2.586527109146118
