train_sample_num,rmse,nrmse,r2,nll,time
4,2.0046327,0.24775884,0.37437296781779983,1.7928394079208374,2.6947619915008545
8,1.9093804,0.41435736,0.4324150782904699,3.0312585830688477,2.851045846939087
16,1.5881609,0.28777212,0.6073235283383559,3.7621960639953613,2.564556121826172
32,1.6427084,0.48101935,0.5798863082757184,8.98885726928711,3.0999197959899902
