train_sample_num,rmse,nrmse,r2,nll,time
4,3.4716544,0.28846166,-0.4989909801416712,152.4351806640625,2.5975430011749268
8,3.1000514,0.24185044,-0.19526419832553876,115.66716003417969,2.6301074028015137
16,1.14199,0.09615386,0.837800067936226,8.709293365478516,2.583554267883301
32,0.8176654,0.097837895,0.9168471111243199,3.7734267711639404,2.5599803924560547
