train_sample_num,rmse,nrmse,r2,nll,time
4,2.277982,0.31295705,0.29895558993288684,36.58033752441406,2.5539801120758057
8,1.9891645,0.24857254,0.46545238002985434,17.123577117919922,2.424177885055542
16,1.6022242,0.17970555,0.6531900706072704,10.736149787902832,2.476876974105835
32,1.1306489,0.13085777,0.8272967519575942,4.839876174926758,2.5421948432922363
