train_sample_num,rmse,nrmse,r2,nll,time
4,1.946447,0.20291092,0.4101643517733613,39.743072509765625,2.5607686042785645
8,1.353096,0.17923048,0.7149617962372601,17.48834228515625,2.526390314102173
16,1.1382478,0.10780419,0.7982936762529225,11.189811706542969,2.5839927196502686
32,0.45527276,0.07527609,0.9677307256205819,0.3071354329586029,2.5563876628875732
