train_sample_num,rmse,nrmse,r2,nll,time
4,1.9786235,0.27110794,0.3757784767877089,50.051963806152344,2.550896644592285
8,1.9888533,0.2514616,0.36930719522840294,51.951961517333984,2.6517577171325684
16,1.3507615,0.1432095,0.7090825540933186,16.691383361816406,2.807729959487915
32,0.88293886,0.109135844,0.8756992958211911,4.941219806671143,2.7499313354492188
