train_sample_num,rmse,nrmse,r2,nll,time
4,3.7771347,0.27297342,-1.2747692531324635,6.802329063415527,3.6178829669952393
8,3.6360056,0.26196006,-1.107955500220048,6.901440620422363,3.573854684829712
16,1.756843,0.37873954,0.5078717308757443,6.736954212188721,3.6342926025390625
32,1.5503056,0.37892303,0.6167809485151938,8.978745460510254,4.067636013031006
