train_sample_num,rmse,nrmse,r2,nll,time
4,2.5614576,0.3126433,-0.021457350961932464,4.979020595550537,3.589853048324585
8,1.5787596,0.34865585,0.61195880550871,8.405813217163086,4.397343873977661
16,1.1434437,0.3334876,0.7964479781296859,8.427572250366211,4.079364776611328
32,1.3635147,0.347274,0.7105553806984835,8.49963092803955,4.371809720993042
