train_sample_num,rmse,nrmse,r2,nll,time
4,3.5333445,0.2729413,-0.6866187169897047,7.1992292404174805,3.763406276702881
8,1.3455426,0.15902984,0.7554093514070535,9.783842086791992,3.8494760990142822
16,1.3639088,0.22607197,0.7486866562319638,9.019301414489746,3.8584232330322266
32,1.4581859,0.37823147,0.7127429389816762,8.622464179992676,4.321016788482666
