train_sample_num,rmse,nrmse,r2,nll,time
4,3.4023647,0.3092453,-0.8836276618471803,9.086892127990723,3.543750524520874
8,1.219393,0.24675855,0.7580527253753753,9.826626777648926,4.29735255241394
16,0.9075714,0.16753016,0.8659721834105839,10.048605918884277,3.806810140609741
32,0.98741597,0.25817028,0.8413523463166922,9.764286994934082,4.1360228061676025
