train_sample_num,rmse,nrmse,r2,nll,time
4,2.5550807,0.23061673,0.1880386651972833,6.2104997634887695,3.5998966693878174
8,2.3818088,0.2353392,0.29443050865226017,6.257652759552002,3.699396848678589
16,1.3360852,0.35595396,0.7779788240352082,7.659265518188477,3.7884202003479004
32,1.5088428,0.38323733,0.7168515993762065,7.779525279998779,4.11174464225769
