train_sample_num,rmse,nrmse,r2,nll,time
4,2.4748583,0.25486654,0.003369922200208153,3.658457040786743,2.335512638092041
8,1.966774,0.23217154,0.3705774150318114,3.2054319381713867,2.372863292694092
16,1.5075232,0.06508014,0.6302047082610338,1.4924445152282715,2.4352450370788574
32,1.0840893,0.052704297,0.8087667232864396,1.3236275911331177,2.4596269130706787
