train_sample_num,rmse,nrmse,r2,nll,time
4,2.5897787,0.29195863,0.09391229369734055,4.515909194946289,2.446235179901123
8,2.5412877,0.23687899,0.12752563535608263,4.07894229888916,2.421245813369751
16,1.877616,0.21060228,0.5237242647883912,3.0491397380828857,2.493079662322998
32,0.9663988,0.11399201,0.8738295235310392,1.7288107872009277,2.3544507026672363
