train_sample_num,rmse,nrmse,r2,nll,time
4,2.2683961,0.1918628,0.17955365959811032,3.3542487621307373,2.646864652633667
8,2.1244094,0.16632895,0.2804039052099436,4.108845233917236,2.643904209136963
16,1.4943484,0.091213666,0.6439457699355804,1.7458497285842896,2.5070786476135254
32,0.6330626,0.08739587,0.936099279452525,0.3241170048713684,2.4190785884857178
