train_sample_num,rmse,nrmse,r2,nll,time
4,2.9213507,0.14795193,-0.32865823928930205,4.070480823516846,2.4672298431396484
8,2.163294,0.20020987,0.271420416368335,3.6925928592681885,2.427262783050537
16,1.5884769,0.100025244,0.6071672984440337,1.6109983921051025,2.4702866077423096
32,0.5114412,0.06549867,0.9592772416118054,0.19375863671302795,2.416804075241089
