train_sample_num,rmse,nrmse,r2,nll,time
4,4.8408546,0.29575908,-1.9145410816858206,13.194684028625488,2.5012969970703125
8,3.946182,0.29229572,-0.9367801803398517,12.338727951049805,2.4282066822052
16,1.5066195,0.101755254,0.7176854671759063,1.8917477130889893,2.436838150024414
32,0.7680661,0.09486585,0.926629202590026,0.6735419631004333,2.4422996044158936
