train_sample_num,rmse,nrmse,r2,nll,time
4,2.0670676,0.21198335,0.334795390131165,2.505635976791382,2.450439929962158
8,1.4104028,0.17067131,0.6903064067390525,1.6374940872192383,2.3099124431610107
16,1.2049494,0.10623945,0.7739609632097507,1.445792555809021,2.6805648803710938
32,0.5310207,0.082067154,0.9560995770431416,0.07929292321205139,2.841060161590576
