train_sample_num,rmse,nrmse,r2,nll,time
4,3.512421,0.29792875,-0.5344021572754754,10.765571594238281,2.484445571899414
8,3.2128866,0.25631136,-0.2838575544343662,11.082562446594238,2.338958740234375
16,1.2040359,0.096151814,0.8196961448343386,1.3667411804199219,2.413719654083252
32,0.8710398,0.097798355,0.905636923192638,0.9023652076721191,2.3974015712738037
