train_sample_num,rmse,nrmse,r2,nll,time
4,2.3657358,0.33192578,0.24390316320106564,4.552748680114746,2.5989279747009277
8,2.0851674,0.25719142,0.4126096788508129,3.2532312870025635,2.6595170497894287
16,1.6609405,0.18297648,0.627305411986147,2.77205228805542,2.604457378387451
32,1.1854583,0.12967664,0.810146977788055,2.4819140434265137,2.7700555324554443
