train_sample_num,rmse,nrmse,r2,nll,time
4,2.042779,0.27576882,0.33464242656025023,2.9546661376953125,2.495673656463623
8,2.0511806,0.2593742,0.3291580752518437,4.220565319061279,2.688821315765381
16,1.4085761,0.14098242,0.6836461962316768,2.2995269298553467,2.498760223388672
32,0.92843395,0.10764136,0.8625595898988151,1.200110912322998,2.5079140663146973
