train_sample_num,rmse,nrmse,r2,nll,time
4,0.29672042,0.046200298,0.8900318242159605,-0.26999831199645996,1.0969390869140625
8,0.2977011,0.04840486,0.8893037053619313,-0.4012824594974518,1.2010791301727295
16,0.26122048,0.037995312,0.9147711481912123,-0.5596207976341248,1.4772639274597168
32,0.22667153,0.039838705,0.9358249666506495,-0.683073103427887,1.3086698055267334
