train_sample_num,rmse,nrmse,r2,nll,time
4,0.29672042,0.046200298,0.8900318242159605,-0.26999831199645996,1.2461090087890625
8,0.2977011,0.04840486,0.8893037053619313,-0.4012824594974518,3.839458465576172
16,0.26122048,0.037995312,0.9147711481912123,-0.5596207976341248,1.5238852500915527
32,0.22667153,0.039838705,0.9358249666506495,-0.683073103427887,1.375441551208496
