train_sample_num,rmse,nrmse,r2,nll,time
4,0.29678226,0.04686864,0.8899859739759759,-0.727458119392395,1.1398568153381348
8,0.30251846,0.046698995,0.8856921698125572,-0.726398766040802,0.9002964496612549
16,0.28581658,0.040735934,0.897965498992838,-0.7694094181060791,0.9255995750427246
32,0.2329212,0.041259892,0.9322373837941618,-0.8510633707046509,1.0199248790740967
