train_sample_num,rmse,nrmse,r2,nll,time
4,0.29741675,0.04652489,0.8895150681441737,-0.2780873775482178,1.171945571899414
8,0.29638752,0.047263946,0.8902784220064491,-0.3616551458835602,0.9760496616363525
16,0.25249285,0.035023138,0.9203711514209616,-0.5014759302139282,0.9377715587615967
32,0.22924373,0.04028345,0.934360219151487,-0.6706721782684326,1.0640106201171875
