train_sample_num,rmse,nrmse,r2,nll,time
4,0.62329584,0.13870764,0.6415987816187081,0.05729517340660095,0.7879600524902344
8,0.6300515,0.124247655,0.6337875447225891,0.0559811033308506,0.82314133644104
16,0.62244546,0.101158895,0.6425761030402124,0.02194463461637497,0.7750298976898193
32,0.58085406,0.09709865,0.6887459366548125,0.02243976667523384,0.8155109882354736
