train_sample_num,rmse,nrmse,r2,nll,time
4,0.63196325,0.16182494,0.6315617027292919,0.4224064350128174,0.7975964546203613
8,0.638938,0.14747569,0.6233842173195492,0.43409717082977295,0.7819592952728271
16,0.6146354,0.112496346,0.6514892665084024,0.38708868622779846,0.9121553897857666
32,0.5694013,0.10819891,0.7008989083470448,0.21060064435005188,0.8612995147705078
