train_sample_num,rmse,nrmse,r2,nll,time
4,0.5599194,0.0855241,0.4272768972980344,-0.07645705342292786,0.8982489109039307
8,0.4867499,0.06447409,0.5671819419020204,-0.17454543709754944,0.843339204788208
16,0.36367464,0.0752725,0.7583873663664761,-0.37052977085113525,0.7973361015319824
32,0.35663268,0.071480565,0.7676536209654287,-0.6322893500328064,0.8506100177764893
