train_sample_num,rmse,nrmse,r2,nll,time
4,0.26011297,0.084264874,0.87640027067641,-0.2859230041503906,1.020303726196289
8,0.2602274,0.08494701,0.8762914378307624,-0.3654215633869171,0.8830397129058838
16,0.26046026,0.08538915,0.8760699925358972,-0.47777828574180603,1.0697946548461914
32,0.26039252,0.08562417,0.8761344323364122,-0.6228452324867249,0.8958389759063721
