train_sample_num,rmse,nrmse,r2,nll,time
4,1.1079882,0.20623428,-0.37826693432604475,2.3385515213012695,2.2332992553710938
8,0.89799625,0.20150292,0.0946592954825467,3.685886859893799,2.2257347106933594
16,0.8880727,0.19693893,0.1145579555462859,5.710385799407959,2.304624319076538
32,0.6130621,0.23416568,0.5780393843986013,2.708508253097534,2.3153891563415527
