train_sample_num,rmse,nrmse,r2,nll,time
4,0.9047463,0.26645723,0.08897786973018718,2.7041690349578857,2.259721040725708
8,0.90250444,0.26418605,0.09348716872588536,4.586888790130615,2.286473274230957
16,0.8888761,0.24158494,0.12065816580816247,7.766592979431152,2.3183019161224365
32,0.8106955,0.26228893,0.2685396371877653,7.415560245513916,2.455150842666626
