train_sample_num,rmse,nrmse,r2,nll,time
4,1.011743,0.20684086,0.07631155031192682,1.550650954246521,2.3480257987976074
8,0.9719877,0.21588363,0.14747595988580697,2.979349374771118,2.2910687923431396
16,0.9157412,0.2537477,0.24328795143046034,5.893738269805908,2.284363269805908
32,0.73536545,0.32170865,0.512031761071214,4.870814323425293,2.7163736820220947
