train_sample_num,rmse,nrmse,r2,nll,time
4,0.9087788,0.22923882,0.14704289355512867,2.5039565563201904,2.2584569454193115
8,0.9103516,0.23395897,0.1440881559481062,4.711082935333252,2.3161582946777344
16,0.914427,0.2477685,0.13640752264425127,8.748806953430176,2.2009646892547607
32,0.783674,0.24971123,0.36571909954751236,7.454840183258057,2.2775285243988037
