train_sample_num,rmse,nrmse,r2,nll,time
4,1.0028688,0.26400095,0.15713965146028885,2.8879261016845703,3.2626798152923584
8,0.86062807,0.23310752,0.3792763265552058,1.7070913314819336,2.293827533721924
16,0.8255013,0.22919145,0.4289121814302248,3.103957414627075,2.2149734497070312
32,0.61870235,0.29121462,0.6792024997146717,2.2976632118225098,2.302788019180298
