train_sample_num,rmse,nrmse,r2,nll,time
4,0.95915496,0.2214201,0.16983827624530246,15.513896942138672,2.3240535259246826
8,0.9387057,0.2500158,0.2048592788988064,14.580303192138672,2.40081787109375
16,0.9160808,0.27927956,0.24272665486647793,13.16767692565918,2.4232616424560547
32,0.7712269,0.29806852,0.46327791296892373,6.513895034790039,2.5054714679718018
