train_sample_num,rmse,nrmse,r2,nll,time
4,0.9076481,0.21850619,0.1491642449008389,14.879520416259766,2.4653828144073486
8,0.9083684,0.21186092,0.14781320795070207,15.09249496459961,2.3963708877563477
16,0.9093747,0.20830289,0.14592402251130232,15.385231971740723,2.4390883445739746
32,0.81837195,0.19682027,0.3083087261989419,10.894116401672363,2.4182827472686768
