train_sample_num,rmse,nrmse,r2,nll,time
4,0.8569212,0.20493096,0.1755872689842185,10.837276458740234,2.396138906478882
8,0.8700689,0.21230257,0.15009502880206715,12.450857162475586,2.38980770111084
16,0.8471669,0.20829733,0.1942487713315686,11.145340919494629,2.390214443206787
32,0.6242434,0.22138636,0.5625072622476062,4.019854545593262,2.335515260696411
