train_sample_num,rmse,nrmse,r2,nll,time
4,1.005118,0.26003408,0.15335464257869458,17.797901153564453,2.4951536655426025
8,0.8197814,0.26225588,0.43679886734422857,8.561739921569824,2.4712157249450684
16,0.7941379,0.24166219,0.4714827110486518,7.724780082702637,2.4368269443511963
32,0.68704784,0.25017312,0.6044136738829743,5.127143383026123,2.4665327072143555
