train_sample_num,rmse,nrmse,r2,nll,time
4,1.2534884,0.21764772,-0.6227492660935305,4.809917449951172,4.335869073867798
8,1.2456815,0.21657586,-0.6025991414687497,4.831564426422119,4.161351442337036
16,1.2203383,0.21124335,-0.5380530953210996,4.825701713562012,4.210620880126953
32,1.2399707,0.21548302,-0.587938664804347,4.872635364532471,4.803252458572388
