train_sample_num,rmse,nrmse,r2,nll,time
4,1.3126963,0.2537758,-0.44409551913122436,5.367495059967041,4.041439056396484
8,1.3896215,0.26766366,-0.6183051653217373,5.439107894897461,3.9975173473358154
16,1.3979398,0.268601,-0.6377378580516782,5.4629411697387695,3.9151177406311035
32,1.403037,0.26864025,-0.6497023254716303,5.777216911315918,4.687724590301514
