train_sample_num,rmse,nrmse,r2,nll,time
4,0.68303907,0.1807652,0.4762137462499525,0.25061503052711487,2.7025771141052246
8,0.8445856,0.20619065,0.1991515307032189,2.406890392303467,2.4431703090667725
16,0.85444957,0.2013966,0.1803358912153865,4.360574245452881,2.478116512298584
32,0.8238776,0.22000079,0.2379414070437733,6.669518947601318,2.4229798316955566
