train_sample_num,rmse,nrmse,r2,nll,time
4,1.0376817,0.23037688,0.028342046766352103,1.0146725177764893,2.50209379196167
8,0.8503853,0.20384872,0.34744576843665853,1.224876880645752,2.5740151405334473
16,0.54560304,0.14841764,0.7313798038656805,0.3172129988670349,2.492995262145996
32,0.8592648,0.28147838,0.3337470924372731,8.339341163635254,2.6981046199798584
