train_sample_num,rmse,nrmse,r2,nll,time
4,0.8351604,0.1613052,0.2237260764100064,0.39849045872688293,2.3818182945251465
8,0.82307875,0.22067098,0.2460231883024786,0.47576072812080383,2.4081764221191406
16,0.8333781,0.19461635,0.2270358111098837,1.9947941303253174,2.4477155208587646
32,0.8404228,0.26075312,0.21391248114319839,6.216651439666748,2.4345359802246094
