train_sample_num,rmse,nrmse,r2,nll,time
4,0.95315576,0.1999664,0.061706815696874195,1.7394353151321411,2.303635358810425
8,0.9658613,0.18912296,0.03652516385846072,3.779552698135376,2.7041449546813965
16,0.8977802,0.19976655,0.16756410432344948,5.359154224395752,2.9485127925872803
32,0.8576059,0.18854958,0.24039754956091974,8.86220932006836,2.6247670650482178
