train_sample_num,rmse,nrmse,r2,nll,time
4,0.93301755,0.23826967,0.2704634797662694,1.1038891077041626,2.5252482891082764
8,0.9480618,0.23041137,0.2467472119384997,2.067187547683716,2.591402053833008
16,0.93004423,0.22998498,0.275105819113419,4.901116371154785,2.4741010665893555
32,0.57595766,0.19577567,0.7219976301242609,0.7063054442405701,2.4802234172821045
