train_sample_num,rmse,nrmse,r2,nll,time
4,0.9066885,0.22063015,0.1509621895208655,2.381478786468506,2.2058286666870117
8,0.9056561,0.21559204,0.1528948006400076,4.264613151550293,2.196728229522705
16,0.90549946,0.21352717,0.153187693496302,7.490187168121338,2.1810126304626465
32,0.8894719,0.19806902,0.18289996655963636,10.012931823730469,2.2312426567077637
