train_sample_num,rmse,nrmse,r2,nll,time
4,0.8910397,0.24556264,0.116372238515831,2.2468199729919434,2.226008653640747
8,0.8993073,0.25855604,0.09989862005199523,4.450525760650635,2.382176160812378
16,0.8835934,0.23175879,0.13107929954028597,7.363882541656494,2.2733659744262695
32,0.7598203,0.2755784,0.35746474528883765,6.029394149780273,2.366264581680298
