train_sample_num,rmse,nrmse,r2,nll,time
4,0.9562451,0.21817042,0.17486770000397245,1.5044758319854736,2.2729270458221436
8,0.7553986,0.24009925,0.48508277311246095,1.4395534992218018,2.253983736038208
16,0.81630635,0.28464508,0.39869963664807373,4.112132549285889,2.235038995742798
32,0.6955948,0.3077342,0.563385948746217,3.910264253616333,2.2816162109375
