train_sample_num,rmse,nrmse,r2,nll,time
4,1.0041603,0.2608764,0.15496734264678047,2.832397699356079,2.364231586456299
8,0.8171235,0.25739792,0.4404450292474156,1.6954623460769653,2.2571706771850586
16,0.7981912,0.24129331,0.46607380752401373,3.067739248275757,2.2795052528381348
32,0.62243104,0.25445712,0.6753241848558198,2.073901653289795,2.72202205657959
