train_sample_num,rmse,nrmse,r2,nll,time
4,0.4676579,0.14084211,0.11212156439919163,-0.3579481840133667,2.6899187564849854
8,0.5008122,0.13988668,-0.018231931745673835,-0.032537952065467834,2.671156883239746
16,0.2142036,0.12044879,0.8137267823252285,-0.8514198064804077,2.6479878425598145
32,0.22963536,0.25308138,0.7859207960715271,-0.8521284461021423,2.6693801879882812
