train_sample_num,rmse,nrmse,r2,nll,time
4,0.5460498,0.12832373,0.09023403050761236,0.9725284576416016,2.673506259918213
8,0.4885411,0.1647593,0.2717718851915135,-0.1546897441148758,2.669372081756592
16,0.40672374,0.20290922,0.49526405856785827,-0.4192390441894531,2.7236440181732178
32,0.2887652,0.32236278,0.7455778040199142,-0.6585700511932373,2.665217638015747
