train_sample_num,rmse,nrmse,r2,nll,time
4,0.45249712,0.15303439,0.16189397800708916,-0.3379392623901367,2.7532169818878174
8,0.3168873,0.15507804,0.5889666905663327,-0.6125882267951965,2.6331725120544434
16,0.2918133,0.30417967,0.6514401043246594,-0.6509557962417603,2.5550954341888428
32,0.26719764,0.45964378,0.7077648060592939,-0.7107118964195251,2.6228458881378174
