train_sample_num,rmse,nrmse,r2,nll,time
8,2.6269968,0.16439605,0.4282437029681262,8.770883560180664,2.8335089683532715
16,2.175213,0.15257357,0.6079915145467247,18.433460235595703,3.03912091255188
32,1.7857794,0.31744134,0.7357910645414381,2.3807713985443115,2.802151918411255
64,1.3112353,0.31101012,0.8575530509479299,1.241953730583191,2.831592321395874
