train_sample_num,rmse,nrmse,r2,nll,time
8,1.318057,0.24049354,0.8469057833845186,0.8772263526916504,2.8137013912200928
16,0.48250517,0.23463108,0.9794839212012248,-0.08010709285736084,2.8198955059051514
32,0.68284667,0.21222381,0.9589099375415031,0.15046176314353943,2.8668336868286133
64,0.72293365,0.24492462,0.9539438896167257,0.16732168197631836,2.8942837715148926
