train_sample_num,rmse,nrmse,r2,nll,time
8,4.500272,0.19860494,-0.8012813779331696,5.185209274291992,2.95100474357605
16,1.0562904,0.16532719,0.9007636560226588,0.6573706865310669,2.7671823501586914
32,0.9210382,0.21569884,0.9245499763838414,0.41889357566833496,3.0765128135681152
64,0.33675557,0.3010305,0.9899136580123966,-0.17602664232254028,2.962512493133545
