train_sample_num,rmse,nrmse,r2,nll,time
8,5.2640257,0.18012473,-1.4645641548136052,16.946481704711914,3.467824697494507
16,2.566148,0.20167492,0.4143103753786316,11.00497055053711,3.5760867595672607
32,2.2611992,0.18842147,0.5452405843540071,9.374312400817871,3.574352264404297
64,1.6147311,0.14736675,0.768098007276964,4.429187297821045,3.61639142036438
