train_sample_num,rmse,nrmse,r2,nll,time
8,5.2364264,0.19779241,-1.438788296524793,2.152722120285034,1.4859728813171387
16,1.1968534,0.077721305,0.872595152794834,1.0305533409118652,1.3852190971374512
32,0.9982717,0.08904533,0.9113657408786242,1.079838514328003,1.5248527526855469
64,0.3890747,0.08311913,0.986536123164252,1.1029036045074463,1.5528790950775146
