train_sample_num,rmse,nrmse,r2,nll,time
4,0.47735122,0.14161214,0.0749333623902827,1.8380831480026245,2.605776071548462
8,0.49912673,0.13970985,-0.011390008257563089,3.7129340171813965,2.459527015686035
16,0.24531294,0.1178053,0.7556918990064779,-1.003374695777893,2.549952745437622
32,0.18900706,0.13387455,0.8549716247116077,-1.2471415996551514,2.5094594955444336
