train_sample_num,rmse,nrmse,r2,nll,time
4,0.48873684,0.11183101,0.16729295880856088,1.9846593141555786,3.109657049179077
8,0.45629787,0.11712878,0.27416316729811396,1.2134507894515991,2.5965614318847656
16,0.21307588,0.109364584,0.8417256099385264,-1.0337928533554077,2.6705193519592285
32,0.18321547,0.10560471,0.8829782881072489,-1.1497714519500732,2.6144678592681885
