train_sample_num,rmse,nrmse,r2,nll,time
4,0.55538654,0.15950382,0.058856168773136264,6.205483436584473,2.5223562717437744
8,0.48273718,0.1431493,0.288972037359447,1.8893942832946777,2.5207223892211914
16,0.38720426,0.11234462,0.5425480427460065,-0.06928210705518723,2.4565865993499756
32,0.27150577,0.10278319,0.7750824264812913,-0.8878753185272217,2.5345165729522705
