train_sample_num,rmse,nrmse,r2,nll,time
8,1.6420404,0.17631222,0.7766121238930539,0.995556652545929,1.5447742938995361
16,1.8661532,0.17849605,0.7114730006357326,1.1466455459594727,1.448103427886963
32,1.557479,0.12507598,0.799027639742816,1.115212082862854,1.3314990997314453
64,0.9153747,0.22198749,0.9305791897651244,0.9923520088195801,1.4931721687316895
