train_sample_num,rmse,nrmse,r2,nll,time
8,1.2708075,0.15106355,0.8576852280897828,1.1823903322219849,1.6636240482330322
16,0.78223264,0.086674444,0.9460784621541837,1.0915077924728394,1.4811525344848633
32,0.953741,0.15718995,0.9198411835297667,1.1426407098770142,1.6006951332092285
64,0.7106016,0.11990354,0.9555017708141728,1.0576351881027222,1.4847548007965088
