train_sample_num,rmse,nrmse,r2,nll,time
4,0.5031843,0.15581118,-0.036385918494938,3.5377891063690186,2.5662386417388916
8,0.3578237,0.13654311,0.47591043238514963,0.2052745372056961,2.4929728507995605
16,0.24362518,0.1319003,0.7570529519601794,-0.8763082027435303,2.4381773471832275
32,0.20520478,0.12220903,0.8276377214622419,-1.116708517074585,2.530856132507324
