train_sample_num,rmse,nrmse,r2,nll,time
4,0.5985082,0.21254545,-0.0929631708808063,4.761209964752197,3.509613037109375
8,0.5984356,0.22113872,-0.09269783892531036,4.616241455078125,3.5033485889434814
16,0.55732125,0.19584912,0.05228771510673902,3.3645238876342773,3.544698715209961
32,0.47974557,0.2231131,0.29775743696935186,7.337722301483154,3.943760871887207
