train_sample_num,rmse,nrmse,r2,nll,time
8,5.3885903,0.1971244,-1.5825842465276656,7.4279255867004395,2.5240893363952637
16,1.2935269,0.06922378,0.8511821671117313,6.970117092132568,3.134758234024048
32,0.8725802,0.09040453,0.9322803414102518,7.153158187866211,3.3235714435577393
64,0.44078526,0.08574764,0.982719423930475,7.309995174407959,3.3505167961120605
