train_sample_num,rmse,nrmse,r2,nll,time
4,0.4658627,0.16739066,0.118925136704493,3.0478341579437256,3.832594871520996
8,0.472865,0.1642875,0.09223949082850147,5.462620735168457,3.8616342544555664
16,0.41470888,0.20953819,0.30179385046962437,7.5918073654174805,3.983999490737915
32,0.23340319,0.16271254,0.7788379543674235,7.900897026062012,4.357744455337524
