train_sample_num,rmse,nrmse,r2,nll,time
4,0.46914586,0.17735766,0.09908652764434722,5.544232368469238,3.6361770629882812
8,0.42709154,0.23143296,0.2533634491690051,8.161650657653809,3.720959186553955
16,0.43534085,0.22929126,0.22424223155989098,7.946836948394775,3.763077735900879
32,0.39930996,0.229594,0.34733907136213793,7.842034816741943,4.084340572357178
