train_sample_num,rmse,nrmse,r2,nll,time
8,1.2454778,0.120330825,0.8633019410797629,6.44468355178833,2.4577484130859375
16,0.85555,0.074499905,0.9354968126056882,6.480854034423828,2.688807964324951
32,0.9968249,0.12526245,0.9124354750925112,6.556699275970459,2.46412992477417
64,0.7365137,0.14069818,0.952197344287816,6.523708343505859,2.5767598152160645
