train_sample_num,rmse,nrmse,r2,nll,time
8,1.3097763,0.16894068,0.8578698831210236,5.941526889801025,2.5880537033081055
16,1.6818109,0.14236987,0.7656600941790221,5.965275287628174,2.715097665786743
32,1.6438296,0.11721458,0.7761250628557308,6.562923908233643,2.5567593574523926
64,0.85589707,0.18246032,0.9393075103263049,6.457772731781006,2.7172064781188965
