train_sample_num,rmse,nrmse,r2,nll,time
4,0.5422863,0.15932815,-0.02517799504348739,4.828354835510254,3.5807204246520996
8,0.5545399,0.18398999,-0.07203208355219348,4.7984819412231445,3.4863157272338867
16,0.52114093,0.23682576,0.05321258955179231,7.1879191398620605,3.5644783973693848
32,0.28174263,0.14136262,0.723275740987916,7.340419769287109,4.114251613616943
