train_sample_num,rmse,nrmse,r2,nll,time
4,0.55005735,0.25914532,-0.1968415626815041,4.679137229919434,3.595099449157715
8,0.57160074,0.25798365,-0.29242789261211,4.613930702209473,3.4980573654174805
16,0.53580374,0.2561957,-0.13561797106604367,4.773524284362793,3.5753676891326904
32,0.39452085,0.2582062,0.38431201706517704,7.324617385864258,3.8978943824768066
