train_sample_num,rmse,nrmse,r2,nll,time
4,0.60466677,0.20130199,-0.1155716735317589,0.6367434859275818,2.4730169773101807
8,0.5599685,0.18707311,0.04326332178445569,0.4449594020843506,2.3849825859069824
16,0.40625805,0.124769926,0.49641918981580024,-0.39820361137390137,2.497825860977173
32,0.23988144,0.099673174,0.8244266820302856,-1.0503467321395874,2.5396573543548584
