train_sample_num,rmse,nrmse,r2,nll,time
4,0.49599132,0.1588105,-0.006967582262752181,-0.11630115658044815,2.620316743850708
8,0.34521356,0.13543543,0.512198653432334,-0.6692951917648315,2.5304014682769775
16,0.22394481,0.14078645,0.7947187479997427,-1.0019625425338745,2.4528560638427734
32,0.18881221,0.12698333,0.8540757469289282,-1.2223877906799316,2.405977725982666
