train_sample_num,rmse,nrmse,r2,nll,time
8,1.1765229,0.056907512,0.8780193025733117,0.45000335574150085,3.1391782760620117
16,0.46057615,0.25795883,0.9813063847808905,-0.1989441215991974,3.1333470344543457
32,0.73075765,0.31237942,0.9529416054638704,0.21681936085224152,3.9101510047912598
64,0.46297204,0.11605019,0.9811113932108568,-0.26441407203674316,4.1892783641815186
