train_sample_num,rmse,nrmse,r2,nll,time
4,0.4784164,0.14886978,0.07080020290416011,-0.3168390393257141,2.6043648719787598
8,0.51182663,0.14281394,-0.06351274239205829,0.12039773911237717,2.3439295291900635
16,0.24338487,0.11362873,0.7595171602182651,-1.0056793689727783,2.6049537658691406
32,0.18314631,0.1260866,0.8638263012371591,-1.2440485954284668,2.447110891342163
