train_sample_num,rmse,nrmse,r2,nll,time
4,0.54010713,0.15664265,-0.016955582716918105,-0.00402117008343339,2.54852294921875
8,0.48136288,0.16252665,0.1922308095657831,-0.10816541314125061,2.4047393798828125
16,0.19739188,0.1328425,0.8641684405375845,-0.9653655290603638,2.486626148223877
32,0.16953795,0.10626875,0.8997981047730571,-1.2197668552398682,2.46197509765625
