train_sample_num,rmse,nrmse,r2,nll,time
8,2.8647006,0.121434174,0.3200916864479052,1.9946036338806152,2.7538647651672363
16,1.919226,0.08360174,0.6948283671516329,0.8988763689994812,3.2906625270843506
32,1.5086275,0.21751142,0.8114372228635839,1.5139597654342651,2.987189292907715
64,0.56965417,0.21457608,0.9731147240154492,-0.06099151074886322,3.0847949981689453
