train_sample_num,rmse,nrmse,r2,nll,time
8,4.085255,0.24903466,-0.48437108548982044,2.0138094425201416,4.091617584228516
16,0.87238735,0.05211045,0.9323102697346676,0.054687563329935074,3.393322229385376
32,0.5133425,0.18500265,0.976562110417514,-0.11170734465122223,3.5568830966949463
64,0.101019375,0.08287526,0.9990923604300779,-0.656620442867279,3.1249141693115234
