train_sample_num,rmse,nrmse,r2,nll,time
8,5.6006455,0.20993473,-1.7898461614807948,2.440229892730713,3.7654755115509033
16,1.3642423,0.17274857,0.8344660205479745,0.9881851077079773,3.790057897567749
32,0.91525906,0.1692764,0.9254938355991144,0.38986092805862427,3.9638781547546387
64,0.13249905,0.065647684,0.9984385441962995,-0.2931843101978302,4.042507648468018
