train_sample_num,rmse,nrmse,r2,nll,time
4,0.49426177,0.15384106,4.308590575197169e-05,-0.1393238604068756,2.329899787902832
8,0.3573324,0.13596027,0.47734860055572115,-0.6270779371261597,2.287099599838257
16,0.24076416,0.13216847,0.762725567948046,-0.9403975009918213,2.248323917388916
32,0.20177247,0.12188952,0.8333554606417874,-1.129278302192688,2.347712755203247
