train_sample_num,rmse,nrmse,r2,nll,time
4,0.5397275,0.14669299,0.11117887899844348,0.1770976483821869,2.320401191711426
8,0.48501107,0.14439477,0.28225761652190196,-0.07994005084037781,2.258868455886841
16,0.39337522,0.11517505,0.5278507841735296,-0.5192078351974487,2.2919070720672607
32,0.26747242,0.101976775,0.7817153311305284,-0.9486709833145142,2.407956123352051
