train_sample_num,rmse,nrmse,r2,nll,time
4,0.49319258,0.11548649,0.15204033952407925,-0.0841733068227768,2.5013346672058105
8,0.4666074,0.12572475,0.24099378305887864,-0.04165489226579666,2.537559747695923
16,0.21181406,0.112744495,0.8435946200106782,-0.9002402424812317,2.438277244567871
32,0.1784012,0.10704466,0.8890473464412836,-1.1440744400024414,2.507901906967163
