train_sample_num,rmse,nrmse,r2,nll,time
8,1.6128002,0.23162892,0.7707804978038023,1.1702773571014404,3.4771621227264404
16,0.49113593,0.23332775,0.9787433984681579,-0.08274168521165848,3.3641324043273926
32,0.71529335,0.32031846,0.9549122257755455,0.17795801162719727,3.6845879554748535
64,0.48628664,0.100979894,0.9791610880022148,-0.11912907660007477,4.536998748779297
