train_sample_num,rmse,nrmse,r2,nll,time
8,2.9927623,0.18718655,0.2579446083929221,2.4285340309143066,3.1880245208740234
16,1.6396741,0.109238125,0.7772555229269048,1.211143970489502,3.2918145656585693
32,1.21136,0.21211033,0.8784266656977839,0.9513421654701233,3.421400308609009
64,0.7971257,0.29930085,0.9473564072876068,0.2638389766216278,3.397568702697754
