train_sample_num,rmse,nrmse,r2,nll,time
4,0.4803492,0.20991664,0.0872856054730109,-0.13881787657737732,2.4570157527923584
8,0.43349424,0.23909557,0.25666013045975566,-0.3322370946407318,2.371887683868408
16,0.34074795,0.17777078,0.5407097124855951,-0.6828705072402954,2.5808990001678467
32,0.19435345,0.10859998,0.8505811911129699,-1.172223687171936,2.561450481414795
