train_sample_num,rmse,nrmse,r2,nll,time
4,0.47506067,0.14151308,0.08378982429192139,-0.3365463614463806,2.3344318866729736
8,0.499293,0.13972488,-0.01206392299915815,-0.05480509251356125,2.27553129196167
16,0.24584839,0.11601781,0.7546242368843388,-0.94707852602005,2.2339184284210205
32,0.18575457,0.13110417,0.8599200545255103,-1.175472617149353,2.238297700881958
