train_sample_num,rmse,nrmse,r2,nll,time
4,0.70328903,0.18279408,0.6163294115478017,0.14616666734218597,0.8068370819091797
8,0.7510089,0.21414942,0.562496947374004,0.5023152828216553,0.8265037536621094
16,0.6528166,0.16286322,0.6694226147033981,0.4957332909107208,0.8470818996429443
32,0.64361364,0.15928997,0.6786773640159967,0.7825632691383362,0.8777484893798828
