train_sample_num,rmse,nrmse,r2,nll,time
4,0.70392346,0.19885159,0.6156368702583348,1.238818645477295,0.840843677520752
8,0.7543947,0.24262899,0.558543282021545,1.9051650762557983,0.8968381881713867
16,0.6479469,0.18085934,0.6743360454939007,0.8710079193115234,0.8309135437011719
32,0.62599146,0.16992852,0.6960321791611095,0.7503412365913391,0.7952477931976318
