train_sample_num,rmse,nrmse,r2,nll,time
4,0.32045764,0.3080547,0.87903003803715,-0.39994916319847107,0.8979513645172119
8,0.31828195,0.30876586,0.8806670841997428,-0.546029806137085,0.8359827995300293
16,0.27628756,0.23332275,0.9100794510950977,-0.7145208716392517,0.9572422504425049
32,0.26445198,0.16045916,0.9176184607524145,-0.8566557168960571,1.010260820388794
