train_sample_num,rmse,nrmse,r2,nll,time
4,26.677803,0.17407939,0.6538383337041602,4.083367824554443,2.05672550201416
8,25.75525,0.10882299,0.6773657678445559,4.056703090667725,2.1649343967437744
16,24.119001,0.12912016,0.7170579468966916,4.099402904510498,2.120374917984009
32,12.896007,0.21723814,0.9191110240771166,3.1501173973083496,2.384587049484253
