train_sample_num,rmse,nrmse,r2,nll,time
4,33.61236,0.100874156,0.3543913653491173,82.66095733642578,2.1769609451293945
8,33.536186,0.15709995,0.35731436039484354,29.0446720123291,2.172262191772461
16,20.483334,0.100719675,0.7602422416902084,3.397237777709961,2.1627113819122314
32,12.423566,0.1915905,0.9118009496129191,2.949601411819458,2.231903553009033
