train_sample_num,rmse,nrmse,r2,nll,time
4,44.999836,0.083643295,0.2433621487562515,9.834659576416016,3.138484239578247
8,36.339397,0.1042583,0.5065743557208684,5.020858287811279,2.1967575550079346
16,24.214588,0.04375124,0.7809110814777476,3.6516923904418945,2.141018867492676
32,24.75754,0.08606318,0.770975875298888,4.632715225219727,2.2157340049743652
