train_sample_num,rmse,nrmse,r2,nll,time
4,0.7106142,0.05788376,0.503462411480109,0.14875543117523193,0.6581628322601318
8,0.6918396,0.056008596,0.5293531459374115,0.11960615962743759,0.6805782318115234
16,0.60635746,0.04245918,0.6384721755257314,0.012252266518771648,0.6511266231536865
32,0.5641151,0.03641082,0.6870897837818846,-0.05812294781208038,0.6958177089691162
