train_sample_num,rmse,nrmse,r2,nll,time
4,42.461685,0.120087296,0.280419974057022,4.1590375900268555,1.2580864429473877
8,17.63841,0.14617443,0.8758337595792027,3.825930595397949,1.0272727012634277
16,14.057995,0.045628015,0.9211264274112769,3.8330368995666504,1.445000410079956
32,10.1107855,0.03949518,0.9592005398602333,3.8109326362609863,1.247107982635498
