train_sample_num,rmse,nrmse,r2,nll,time
4,0.71351826,0.056134805,0.49939583644639274,0.10893835127353668,0.8279964923858643
8,0.6893579,0.053893927,0.5327236664419831,0.07412049174308777,0.7793984413146973
16,0.60763156,0.041121077,0.6369512204794539,-0.03422612324357033,0.7962186336517334
32,0.56491226,0.03522173,0.6862048269412291,-0.08404436707496643,0.789191484451294
