train_sample_num,rmse,nrmse,r2,nll,time
4,114.00107,0.09398248,0.09414687353639506,5.395021438598633,0.8184974193572998
8,93.15658,0.06124023,0.3951231264326406,5.1342692375183105,0.748544454574585
16,82.01502,0.04474229,0.5311578115734237,4.994550704956055,0.8898894786834717
32,79.9457,0.047117487,0.5545178929786643,4.9320149421691895,0.8867146968841553
