train_sample_num,rmse,nrmse,r2,nll,time
4,49.84855,0.07985891,0.07152266669032181,4.484065055847168,1.0043764114379883
8,37.052006,0.07353857,0.4870326624428486,4.124663352966309,0.9801890850067139
16,26.662447,0.03981441,0.7343766411324348,3.8622519969940186,1.0308325290679932
32,25.439064,0.049144637,0.7581932322836282,4.009859561920166,0.9489099979400635
