train_sample_num,rmse,nrmse,r2,nll,time
4,33.781246,0.09558749,0.3478873328806641,4.8693952560424805,0.9549877643585205
8,30.72857,0.07620551,0.4604196754309462,3.9142346382141113,0.9999194145202637
16,17.784737,0.11119397,0.8192550277018502,3.693180561065674,1.1450469493865967
32,11.574116,0.111070655,0.9234496861442574,3.5244781970977783,1.1101830005645752
