train_sample_num,rmse,nrmse,r2,nll,time
4,26.705692,0.07138247,0.6637490109791853,3.913057565689087,1.0967748165130615
8,29.061329,0.06042809,0.6018132543513213,3.986098527908325,1.1346139907836914
16,23.96466,0.040724754,0.7292312889185262,3.868520736694336,1.023646354675293
32,13.728186,0.039866112,0.9111449294859605,3.7675864696502686,1.2077112197875977
