train_sample_num,rmse,nrmse,r2,nll,time
4,33.236736,0.20043916,0.4627015388899067,4.097625255584717,0.9521634578704834
8,26.322046,0.15020554,0.6630090576142402,3.771366596221924,1.1369812488555908
16,24.021679,0.16706203,0.7193367359242713,3.670680522918701,1.1457061767578125
32,14.916889,0.10892016,0.8917730558943194,3.5770370960235596,1.104255199432373
