train_sample_num,rmse,nrmse,r2,nll,time
4,49.77009,0.08027511,0.07444324178189932,7.858858585357666,1.4510688781738281
8,37.81421,0.0758339,0.465711018766661,7.843969345092773,1.4395396709442139
16,25.4842,0.038424607,0.7573344196502753,7.533900260925293,1.37442946434021
32,23.876219,0.04961027,0.7869913103238642,7.623973846435547,1.5482771396636963
