train_sample_num,rmse,nrmse,r2,nll,time
4,27.057383,0.07161609,0.6548344246891358,6.713558197021484,1.5378470420837402
8,30.771809,0.06719403,0.5535611926126558,6.823719501495361,1.5199871063232422
16,24.927353,0.04413701,0.7070400645921436,6.872476577758789,1.592712640762329
32,11.473929,0.036621545,0.9379302094174067,6.692917346954346,1.5982446670532227
