train_sample_num,rmse,nrmse,r2,nll,time
4,32.59337,0.09145828,0.39294258391072856,6.862903594970703,1.4588146209716797
8,29.98289,0.07292123,0.4862896713617175,6.6349029541015625,1.4712157249450684
16,16.841076,0.12237489,0.8379268698975928,6.822080612182617,1.391758680343628
32,9.817574,0.13199764,0.9449218055068133,6.492314338684082,1.5017082691192627
