train_sample_num,rmse,nrmse,r2,nll,time
4,0.73308545,0.056332972,0.4715626542009045,2.5345025062561035,1.2323980331420898
8,0.7127981,0.054238744,0.5004057243839826,2.5399386882781982,1.2756595611572266
16,0.65542215,0.045315873,0.5775974515030905,2.5457873344421387,1.2611393928527832
32,0.6129692,0.039442673,0.630544874283117,2.5898597240448,1.3481154441833496
