train_sample_num,rmse,nrmse,r2,nll,time
4,90.39929,0.044069435,0.3723445132285982,7.778647422790527,1.9133539199829102
8,72.250046,0.03998375,0.599070949412492,7.313806056976318,1.7214670181274414
16,66.65746,0.04121017,0.6587372222024543,7.29362678527832,1.6287219524383545
32,60.412453,0.047486104,0.7196863873695444,7.3522114753723145,1.805450439453125
