train_sample_num,rmse,nrmse,r2,nll,time
4,116.83866,0.1007726,0.048490541289478384,9.412729263305664,8.245752334594727
8,95.290825,0.0647692,0.36708986633951957,8.624661445617676,1.7400295734405518
16,77.99637,0.043820485,0.5759777454997168,8.320590019226074,1.5254709720611572
32,76.354485,0.04591032,0.593641831325237,8.159994125366211,1.5314161777496338
