train_sample_num,rmse,nrmse,r2,nll,time
4,100.540985,0.046420008,0.1341032889789494,8.107934951782227,1.6129958629608154
8,142.70361,0.10453541,-0.7444143987692533,8.095745086669922,2.3539342880249023
16,69.71983,0.058955833,0.5836175260416633,7.936309814453125,1.7588176727294922
32,39.683117,0.047575794,0.8651063815721479,7.698176383972168,1.8301210403442383
