train_sample_num,rmse,nrmse,r2,nll,time
4,33.239918,0.19365871,0.46259862725094714,7.2020263671875,1.5167510509490967
8,25.938276,0.14869736,0.6727640229741302,6.4560065269470215,1.5160210132598877
16,22.945528,0.14599998,0.743920390515912,6.283607006072998,1.4585683345794678
32,12.610431,0.09754514,0.9226538449378163,6.390493392944336,1.6166868209838867
