train_sample_num,rmse,nrmse,r2,nll,time
4,0.99059725,0.079985484,0.03510837187348548,0.5359346866607666,0.7000908851623535
8,0.8502046,0.061840378,0.28922645890901233,0.31711167097091675,0.791924238204956
16,0.7676452,0.053049494,0.4205641495981598,0.18976598978042603,0.7741029262542725
32,0.68372846,0.042023193,0.5403242871552341,0.040137115865945816,0.6930563449859619
