train_sample_num,rmse,nrmse,r2,nll,time
4,45.793182,0.12944223,-0.019953740812042042,4.357865810394287,2.4352688789367676
8,33.541084,0.11358034,0.45281641736595446,3.9946913719177246,2.2756590843200684
16,28.772535,0.12108134,0.5973431624053924,4.0270843505859375,2.405503988265991
32,15.128891,0.04695595,0.8886749231015773,2.9070098400115967,2.2729077339172363
