train_sample_num,rmse,nrmse,r2,nll,time
4,49.994923,0.14174607,0.0024458029760903166,5.155301570892334,2.5413548946380615
8,36.06595,0.13824433,0.48086611432940907,3.9874024391174316,2.481818199157715
16,15.192207,0.033230368,0.9078858340439949,3.1729114055633545,2.4627304077148438
32,9.085101,0.040131044,0.9670584343607549,2.7053146362304688,2.5448715686798096
