train_sample_num,rmse,nrmse,r2,nll,time
4,118.832115,0.10117444,-0.052706144867951776,5.686377048492432,2.922027587890625
8,86.35565,0.08750156,0.44406885289980214,4.981577396392822,2.7559714317321777
16,59.965523,0.123602144,0.731933375677027,4.651805877685547,2.3147692680358887
32,48.601868,0.05480608,0.8239056895359129,4.2553791999816895,2.8968257904052734
