train_sample_num,rmse,nrmse,r2,nll,time
4,59.893032,0.10387374,-0.34035173211074454,6.863762855529785,2.318815231323242
8,30.400232,0.06437039,0.654681358263792,3.626011848449707,2.1939876079559326
16,24.759243,0.04460128,0.7709443593330355,3.583369255065918,2.3314592838287354
32,19.121918,0.042175133,0.8633753348377171,3.3511409759521484,2.4144721031188965
