train_sample_num,rmse,nrmse,r2,nll,time
4,33.61002,0.10086013,0.35448120748024425,5.646178722381592,2.2745590209960938
8,25.860384,0.08072542,0.6178434998699274,3.696134090423584,2.2398064136505127
16,20.787237,0.10205713,0.7530751346018263,3.4084715843200684,2.2871291637420654
32,8.980032,0.16879898,0.9539184454655534,2.7161214351654053,2.2378547191619873
