train_sample_num,rmse,nrmse,r2,nll,time
4,27.444956,0.15233073,0.6336434766736029,3.803244113922119,2.5529401302337646
8,26.881845,0.13115928,0.6485228361826836,3.7599825859069824,2.4401347637176514
16,23.972967,0.13895953,0.7204738829024446,3.922480583190918,2.564648389816284
32,10.927416,0.26002255,0.9419217169864139,2.978123664855957,2.247875928878784
