train_sample_num,rmse,nrmse,r2,nll,time
4,104.71582,0.18903671,0.23569877842004316,5.1334123611450195,2.5365071296691895
8,81.123,0.09559136,0.541300826840365,4.842414855957031,2.3341891765594482
16,70.909515,0.054388452,0.6495315176713106,4.576798915863037,2.274315118789673
32,74.21743,0.0583613,0.6160702758462197,5.0492401123046875,2.4135656356811523
