train_sample_num,rmse,nrmse,r2,nll,time
4,44.331425,0.08136935,0.26567282520303126,6.395339488983154,2.2303149700164795
8,40.13007,0.09459791,0.3982638485644522,4.3398003578186035,2.1985831260681152
16,25.833393,0.045436013,0.7506386325838903,3.6945366859436035,2.1491777896881104
32,25.673182,0.06729,0.7537219885875788,4.154885292053223,2.2143335342407227
