train_sample_num,rmse,nrmse,r2,nll,time
4,37.84768,0.10250966,0.42830664728993095,5.527357578277588,2.1620395183563232
8,19.202991,0.15440312,0.8528289301808443,3.6003904342651367,2.3100838661193848
16,12.605876,0.03922304,0.9365793481641286,3.1480274200439453,2.3917412757873535
32,7.927778,0.045405425,0.9749165330421733,2.7599921226501465,2.223363161087036
