train_sample_num,rmse,nrmse,r2,nll,time
4,28.281628,0.067196615,0.6228929631567083,4.120569229125977,2.3298988342285156
8,34.477577,0.073763795,0.43955962627226686,4.0436296463012695,2.259243965148926
16,27.565569,0.048933443,0.6417469533359395,3.541841983795166,2.2817177772521973
32,9.77383,0.03340518,0.9549613350204395,2.791402578353882,2.324591875076294
