train_sample_num,rmse,nrmse,r2,nll,time
32,0.14326452,0.42755243,0.9580213365952139,0.9182835221290588,0.9700055122375488
64,0.11990211,0.4159386,0.9705961031877564,0.24362297356128693,1.029052495956421
96,0.10886251,0.64790994,0.9757613739712483,1.760342001914978,1.0618789196014404
128,0.10841878,0.527728,0.9759585669038683,4.695679187774658,1.0468955039978027
