train_sample_num,rmse,nrmse,r2,nll,time
32,0.11522457,0.28808072,0.9728455192948138,-0.4315216541290283,0.47818613052368164
64,0.11988448,0.41622454,0.9706047434564659,0.24417898058891296,0.13988208770751953
96,0.10882604,0.6477265,0.9757776117670635,1.7542352676391602,0.16886186599731445
128,0.10841167,0.52816486,0.975961723620669,4.691799640655518,0.16930603981018066
