train_sample_num,rmse,nrmse,r2,nll,time
4,0.51776934,0.07981934,0.7455600717488565,-0.18481743335723877,0.7878658771514893
8,0.5073062,0.07625679,0.7557396080936971,-0.2708660066127777,0.9656877517700195
16,0.45563206,0.07014777,0.8029659816216563,-0.38779139518737793,0.8328373432159424
32,0.3619978,0.08053931,0.8756274457198986,-0.4810669422149658,1.0488736629486084
