train_sample_num,rmse,nrmse,r2,nll,time
16,1.301943,0.3800922,0.8506262384313235,1.1596190929412842,2.781153440475464
32,0.9649566,0.35641143,0.9179448299924341,0.5524464845657349,2.7887115478515625
64,0.7920098,0.23686573,0.944722111280431,0.27535176277160645,2.8880648612976074
128,0.51510274,0.2365201,0.9766181932650646,-0.08049928396940231,3.0888683795928955
