train_sample_num,rmse,nrmse,r2,nll,time
4,0.52946305,0.08365186,0.7339373037756659,-0.025473644956946373,1.3809099197387695
8,0.5208417,0.08051445,0.7425314584783805,-0.0685708299279213,2.080010414123535
16,0.4687455,0.075361975,0.7914612046780314,-0.255449116230011,1.6378741264343262
32,0.32956463,0.061874993,0.8969153737998443,-0.662281334400177,1.0741016864776611
