train_sample_num,rmse,nrmse,r2,nll,time
16,2.3136005,0.15353674,0.5565254759159037,6.166597843170166,2.0979268550872803
32,0.9317443,0.06834998,0.9280740996435758,7.002015113830566,2.2745113372802734
64,0.55751437,0.08272268,0.974248414057252,6.96005392074585,2.1311206817626953
128,0.4895757,0.050137196,0.9801421774245807,6.653332710266113,2.3229541778564453
