train_sample_num,rmse,nrmse,r2,nll,time
16,1.335674,0.14336175,0.8427859330748038,8.549871444702148,2.1578383445739746
32,1.0686177,0.24393953,0.8993682212227544,6.613002777099609,2.2591381072998047
64,0.7150812,0.19135815,0.9549389695314772,6.439152717590332,2.331886053085327
128,0.5575559,0.1616709,0.9726052524967284,6.510078430175781,2.445258140563965
