train_sample_num,rmse,nrmse,r2,nll,time
4,0.59702754,0.10353421,0.6617004824873742,3.7577271461486816,1.3652300834655762
8,0.5922735,0.10131059,0.6670666900892377,3.7613420486450195,1.275944471359253
16,0.55715835,0.10178206,0.7053747132319892,3.7715070247650146,1.291792869567871
32,0.4556522,0.096516736,0.8029485930348302,3.8330800533294678,1.4417619705200195
