train_sample_num,rmse,nrmse,r2,nll,time
16,2.0956402,0.29764047,0.609395315050506,5.546507358551025,3.4177474975585938
32,1.1494871,0.27990493,0.8824798558318194,1.8095074892044067,3.295330286026001
64,0.26963276,0.20715447,0.9935337969116182,-0.552184522151947,3.5629870891571045
128,0.109678335,0.07469443,0.9989300936380584,-0.7288095355033875,3.6846535205841064
