train_sample_num,rmse,nrmse,r2,nll,time
16,1.9858215,0.18100539,0.6732825205240931,3.434502363204956,3.529411792755127
32,0.7247556,0.23464008,0.9564813839838925,0.3163556158542633,3.4855518341064453
64,0.12906282,0.11983514,0.9986199520799752,-0.7763025164604187,3.648315191268921
128,0.11784565,0.14036235,0.9988494142590728,-0.7789393663406372,3.9533166885375977
