train_sample_num,rmse,nrmse,r2,nll,time
16,1.2321336,0.315743,0.8662154332217126,1.4055204391479492,3.5266809463500977
32,0.84610844,0.3575379,0.9369126211762607,0.6244245171546936,3.6268553733825684
64,0.35497007,0.11886685,0.9888961418931295,-0.47879689931869507,3.8979339599609375
128,0.16076782,0.07570771,0.997722341359031,-0.6857574582099915,3.8760263919830322
