train_sample_num,rmse,nrmse,r2,nll,time
16,1.1634663,0.36496103,0.8807116475505926,0.9081328511238098,3.218900442123413
32,0.87342304,0.32648033,0.9327736249586661,0.4061678946018219,3.161051034927368
64,0.4391467,0.11275459,0.9830054527543426,-0.1802065372467041,3.2871475219726562
128,0.24665272,0.14481826,0.99463879773007,-0.31178995966911316,3.642258405685425
