train_sample_num,rmse,nrmse,r2,nll,time
16,1.2951199,0.2357161,0.8508153930229834,1.4853668212890625,3.3963162899017334
32,0.9285705,0.29027817,0.9233108558818706,0.5593003630638123,3.355631113052368
64,0.37808746,0.14985542,0.98728581111828,-0.20398320257663727,3.50244402885437
128,0.20644927,0.070423126,0.9962092006977292,-0.3365859389305115,3.9071669578552246
