train_sample_num,rmse,nrmse,r2,nll,time
4,0.7488736,0.07796442,0.4890519415747938,0.15561522543430328,0.8438687324523926
8,0.7448091,0.076889396,0.49458317766336024,0.0891801193356514,0.8265113830566406
16,0.63092124,0.07737123,0.6373313338328934,-0.05187060311436653,0.7916550636291504
32,0.58448493,0.06680059,0.6887521247599641,-0.16109243035316467,0.8495407104492188
