train_sample_num,rmse,nrmse,r2,nll,time
4,0.7414095,0.07641565,0.4991865415372031,0.521867573261261,0.8397302627563477
8,0.73766255,0.075395815,0.5042357289385495,0.49082252383232117,0.9012210369110107
16,0.6334239,0.070592895,0.6344483508684349,0.09021671116352081,0.8563964366912842
32,0.57521355,0.07048354,0.6985481785409118,-0.12540830671787262,0.8720815181732178
