train_sample_num,rmse,nrmse,r2,nll,time
4,0.745077,0.07785797,0.4942194912904361,4.083794593811035,1.4158761501312256
8,0.74146354,0.07639045,0.4991134516015795,4.087734222412109,1.3717646598815918
16,0.6738906,0.066579565,0.5862495297478785,4.099203586578369,1.3418447971343994
32,0.6208497,0.067815155,0.6488176415303418,4.153244495391846,1.5064964294433594
