train_sample_num,rmse,nrmse,r2,nll,time
4,0.745077,0.07785797,0.4942194912904361,4.083794593811035,1.4481773376464844
8,0.74146354,0.07639045,0.4991134516015795,4.087734222412109,1.4038047790527344
16,0.6738906,0.066579565,0.5862495297478785,4.099203586578369,1.6480891704559326
32,0.6208497,0.067815155,0.6488176415303418,4.153244495391846,1.6343994140625
