train_sample_num,rmse,nrmse,r2,nll,time
4,0.9746357,0.073515944,0.1345452381457133,0.48404014110565186,0.7727668285369873
8,0.94331,0.06910088,0.18928422413572277,0.37847450375556946,0.7555768489837646
16,0.8500591,0.062008522,0.3416483363090196,0.26563844084739685,0.7330400943756104
32,0.70755655,0.06269666,0.5438769027110041,-0.09177692234516144,0.7745623588562012
