train_sample_num,rmse,nrmse,r2,nll,time
4,0.7426718,0.07637421,0.49747973878604757,0.16082614660263062,0.8066425323486328
8,0.7394968,0.07568243,0.5017670981478509,0.0885254442691803,0.8164417743682861
16,0.62529093,0.073821634,0.6437753078184101,-0.04920918494462967,0.8845539093017578
32,0.57718325,0.07023022,0.6964800903999351,-0.17513827979564667,0.7993583679199219
