train_sample_num,rmse,nrmse,r2,nll,time
4,35.50117,0.13765858,0.4443550597623165,332.38885498046875,2.508993148803711
8,34.36045,0.13214809,0.4794892003868184,346.9796142578125,2.5010623931884766
16,35.734932,0.12005624,0.4370135749669428,382.08123779296875,2.421602964401245
32,32.274616,0.14860237,0.5407659034419304,358.6578369140625,2.45829439163208
