train_sample_num,rmse,nrmse,r2,nll,time
4,40.667088,0.20729071,0.1987180062151913,341.72344970703125,2.571180820465088
8,34.63084,0.16543597,0.4189344065737616,224.8201904296875,2.472571611404419
16,32.99373,0.18224159,0.47257348418792455,329.50469970703125,2.6267833709716797
32,32.17319,0.14339721,0.49848101468448147,385.79901123046875,2.5164949893951416
