train_sample_num,rmse,nrmse,r2,nll,time
4,28.636036,0.055572134,0.5828979953925795,287.6384582519531,2.5143063068389893
8,27.250702,0.053289916,0.6222783917941566,267.3038024902344,2.4597225189208984
16,26.552498,0.049187787,0.6413859526348562,255.27635192871094,2.4344701766967773
32,25.640223,0.044112746,0.6656047768519547,232.69052124023438,2.3831822872161865
