train_sample_num,rmse,nrmse,r2,nll,time
4,49.021164,0.1701029,-0.22231668958062234,30.513999938964844,6.781275033950806
8,110.33912,0.3786145,-5.192635960214486,69.83390808105469,7.878302812576294
16,104.5311,0.37386802,-4.557859535038162,61.30044937133789,9.116035461425781
32,102.72677,0.3732317,-4.367644328204466,61.538700103759766,7.287183523178101
