train_sample_num,rmse,nrmse,r2,nll,time
4,84.25262,0.30541196,-2.7066937986135438,51.0166015625,4.472109794616699
8,84.12295,0.31804225,-2.6952933511492065,52.59221267700195,4.200525522232056
16,86.248566,0.29074258,-2.884396328956163,48.70695877075195,7.632694721221924
32,82.13141,0.29850352,-2.522398026021757,48.852821350097656,8.577744722366333
