train_sample_num,rmse,nrmse,r2,nll,time
4,88.9106,0.20804022,-2.4851308671697723,1472.6195068359375,2.6070666313171387
8,88.66924,0.20691226,-2.4662350596400606,1468.3851318359375,2.4289774894714355
16,88.01896,0.20525238,-2.4155800576633997,1450.689208984375,2.478079319000244
32,86.13582,0.19770339,-2.270992327046858,1404.1343994140625,2.6343631744384766
