train_sample_num,rmse,nrmse,r2,nll,time
4,28.73504,0.13339807,0.6359712618756612,140.1269989013672,2.491239547729492
8,29.16519,0.13328552,0.6249910510271717,160.96803283691406,2.468719720840454
16,29.039286,0.11382608,0.6282218359192655,164.37278747558594,2.437098503112793
32,26.021185,0.10157103,0.701484976050753,133.2984619140625,2.483698844909668
