train_sample_num,rmse,nrmse,r2,nll,time
4,36.757904,0.15332058,0.294460435521567,244.83741760253906,2.535933256149292
8,32.35748,0.17322575,0.45327459812558213,196.03111267089844,2.383334159851074
16,29.779722,0.16604392,0.5369144609468299,175.49659729003906,2.512299060821533
32,24.773008,0.14057952,0.6795373446796134,141.97540283203125,2.506990432739258
