train_sample_num,rmse,nrmse,r2,nll,time
4,35.26171,0.16001047,0.4018261724305978,213.22445678710938,2.3952443599700928
8,29.108063,0.13199167,0.5923876889051617,160.17755126953125,2.3613836765289307
16,26.367828,0.11587845,0.6655206539401792,134.5708770751953,2.403036117553711
32,23.443916,0.081329234,0.7355881067749948,113.62633514404297,2.4171245098114014
