train_sample_num,rmse,nrmse,r2,nll,time
4,36.87187,0.18370742,0.3412972710133416,236.18319702148438,2.5354878902435303
8,34.023834,0.16241208,0.439125614522745,212.01083374023438,2.4567601680755615
16,28.786076,0.103139944,0.5985199005935792,167.06695556640625,2.4347474575042725
32,27.202147,0.097310424,0.6414865492657047,155.7932586669922,2.541172742843628
