train_sample_num,rmse,nrmse,r2,nll,time
4,26.572777,0.09238791,0.6408380640797642,174.37918090820312,2.653944969177246
8,28.891426,0.06880167,0.5754249922188912,154.35081481933594,2.4719412326812744
16,28.386406,0.06136671,0.5901383059960391,170.13894653320312,2.4494738578796387
32,26.705585,0.050573986,0.6372388567183656,155.06272888183594,2.4961185455322266
