train_sample_num,rmse,nrmse,r2,nll,time
4,0.78982675,0.22640488,0.5161012068330975,0.3975333869457245,0.9979147911071777
8,0.7965869,0.3089283,0.5077824173825258,0.6360965967178345,0.8690242767333984
16,0.7441671,0.25492626,0.5704321211713309,0.9507105350494385,0.8571856021881104
32,0.679905,0.22248948,0.6414189790559924,1.2182447910308838,0.8160417079925537
