train_sample_num,rmse,nrmse,r2,nll,time
4,0.79016995,0.16853684,0.5156805917353221,4.442269325256348,1.2422263622283936
8,0.76619977,0.20834094,0.5446189996984956,4.432643890380859,1.2908191680908203
16,0.7337099,0.16990457,0.5824201300119096,4.4439287185668945,1.198232650756836
32,0.723499,0.1690478,0.5939619501136278,4.471269607543945,1.3771216869354248
