train_sample_num,rmse,nrmse,r2,nll,time
4,0.77597153,0.1980112,0.5329294930701453,0.29652824997901917,0.7929375171661377
8,0.77431136,0.2889552,0.5349259362144663,0.45542168617248535,0.8639602661132812
16,0.72049594,0.22169687,0.597325629978978,0.6912811398506165,0.7599952220916748
32,0.6564377,0.19151412,0.6657450564161284,0.8720731139183044,0.8024725914001465
