train_sample_num,rmse,nrmse,r2,nll,time
4,16.609911,0.12742217,-0.9633654598856534,272.17828369140625,2.5216686725616455
8,13.259348,0.10225565,-0.251154254668166,82.26153564453125,2.530919313430786
16,9.702632,0.05360175,0.33004504527006406,38.408199310302734,2.4940083026885986
32,7.2424974,0.04664944,0.6267127318308987,37.22416687011719,2.484372615814209
