train_sample_num,rmse,nrmse,r2,nll,time
4,12.870568,0.13646871,-0.5988260051976484,127.85222625732422,3.0080504417419434
8,11.944072,0.14635421,-0.37692610783860414,51.09861373901367,2.5718576908111572
16,9.09012,0.11520086,0.2024736075496002,43.610809326171875,2.486902952194214
32,4.482038,0.28647298,0.8061093681964756,33.5755615234375,2.985276937484741
