train_sample_num,rmse,nrmse,r2,nll,time
4,8.047389,0.091683894,0.43464541564380976,21.515138626098633,2.418166160583496
8,8.013366,0.080924116,0.4394156979204503,24.53879165649414,2.384958505630493
16,7.599863,0.27536848,0.49577719504326534,41.4405632019043,2.392826557159424
32,4.682286,0.28029373,0.808606668480313,36.157745361328125,2.446000576019287
