train_sample_num,rmse,nrmse,r2,nll,time
4,9.492793,0.10400102,0.38015222235576185,25.325639724731445,2.424511432647705
8,7.280491,0.115400195,0.6353986463833117,27.574291229248047,2.378412961959839
16,6.5072703,0.14339325,0.7087306781745215,35.921722412109375,2.4451565742492676
32,5.135085,0.15363042,0.8186187919518921,35.59901428222656,2.4038851261138916
