train_sample_num,rmse,nrmse,r2,nll,time
4,9.807484,0.102224305,0.33837453871567924,240.3218536376953,2.661959171295166
8,7.316915,0.092167534,0.6317413081336409,136.56451416015625,2.5798959732055664
16,6.4629164,0.09744139,0.7126878456039485,113.45178985595703,2.7003915309906006
32,5.4684634,0.09901284,0.7943031735366913,80.7234115600586,2.6917755603790283
