train_sample_num,rmse,nrmse,r2,nll,time
4,12.450556,0.12787949,-0.49617815500482565,923.2761840820312,2.6369502544403076
8,10.548665,0.11265333,-0.07399146043109517,345.2689514160156,3.275035858154297
16,8.7324295,0.097431146,0.26400312186947994,224.9541778564453,2.580517292022705
32,3.7005198,0.12204127,0.867830488307242,45.011505126953125,2.7346606254577637
