train_sample_num,rmse,nrmse,r2,nll,time
4,15.980683,0.12372357,-0.817428075706278,1272.036865234375,2.621232748031616
8,13.925869,0.105107434,-0.38010170892559714,655.717041015625,2.6591250896453857
16,10.268603,0.058767382,0.24960612135946225,182.96893310546875,2.7129499912261963
32,7.8895464,0.049326785,0.5570337998743747,105.11548614501953,2.5690054893493652
