train_sample_num,rmse,nrmse,r2,nll,time
4,8.128721,0.08991987,0.4231599723903755,203.5400848388672,2.564483642578125
8,8.316679,0.0858404,0.39617535357911793,207.66259765625,2.614828109741211
16,5.942773,0.17174248,0.6916888530851623,125.88919830322266,2.8453826904296875
32,3.468119,0.097043015,0.8949976903899526,41.43125534057617,2.618250846862793
