train_sample_num,rmse,nrmse,r2,nll,time
4,12.5997925,0.065792,-0.49329048165272993,449.17352294921875,2.6839871406555176
8,10.444226,0.059428144,-0.026053713540957535,188.14109802246094,2.574756145477295
16,7.5517535,0.05031911,0.4635699045357021,80.36383056640625,2.4400830268859863
32,5.2806087,0.030455383,0.7377077168228983,39.059173583984375,2.611942768096924
