train_sample_num,rmse,nrmse,r2,nll,time
4,13.411104,0.10416312,-0.27995780359464884,6.548046112060547,4.455939292907715
8,10.805849,0.08957919,0.16903181144411883,6.704714298248291,4.2572057247161865
16,9.718991,0.094498955,0.32778390930647294,8.996440887451172,4.020496606826782
32,7.3429613,0.0935363,0.6162847582377857,8.561995506286621,4.828159332275391
