train_sample_num,rmse,nrmse,r2,nll,time
4,6.120676,0.060164467,0.672953302160999,6.829631328582764,4.839460849761963
8,8.216796,0.08822478,0.41059210022731785,7.559645175933838,4.419521331787109
16,6.0146165,0.22486867,0.6841892503058691,7.9454145431518555,4.090891361236572
32,5.8538733,0.22343536,0.7008440765392931,7.597230434417725,4.471603631973267
