train_sample_num,rmse,nrmse,r2,nll,time
4,9.810434,0.050580595,0.09469682713885463,6.693939685821533,4.308788299560547
8,8.407793,0.052399322,0.3350613719835176,5.500913143157959,4.12553071975708
16,8.938211,0.2632181,0.2485175476365764,8.847622871398926,4.497763633728027
32,6.711777,0.1490342,0.576266751911682,8.029278755187988,4.76990270614624
