train_sample_num,rmse,nrmse,r2,nll,time
4,11.132191,0.16949362,0.14757079205285106,9.539124488830566,4.01612663269043
8,8.759682,0.3327217,0.47219487447296193,10.043237686157227,4.079912185668945
16,7.7549744,0.36717862,0.5863264463450435,9.722485542297363,4.438305854797363
32,7.097664,0.38403943,0.6534803238258955,9.367210388183594,4.651871919631958
