train_sample_num,rmse,nrmse,r2,nll,time
4,15.226122,0.08586296,-0.5946876017134064,49.090904235839844,2.872046709060669
8,9.903899,0.113151684,0.32530195400988626,34.99394226074219,2.6546030044555664
16,7.4505963,0.07821341,0.6181620784112869,30.729454040527344,2.517343282699585
32,6.6070094,0.08744081,0.6997335174827157,33.720645904541016,2.559027910232544
