train_sample_num,rmse,nrmse,r2,nll,time
4,19.64389,0.16701412,-1.7461332543911419,109.66107177734375,2.444692373275757
8,17.481905,0.13906221,-1.1749238328631835,108.95332336425781,2.454744815826416
16,16.513168,0.1459436,-0.9405612098792728,82.4062271118164,2.4678244590759277
32,10.961141,0.07151243,0.14497663954581608,95.97238159179688,2.4982106685638428
