train_sample_num,rmse,nrmse,r2,nll,time
4,17.030079,0.1521435,-1.7992335916788562,57.95561981201172,2.477393865585327
8,12.223893,0.07988995,-0.4421978845107446,29.75335693359375,2.487069606781006
16,12.965463,0.088220224,-0.6224894599922925,33.571590423583984,2.5764570236206055
32,6.175981,0.06771393,0.631856015174431,21.84735870361328,2.5827748775482178
