train_sample_num,rmse,nrmse,r2,nll,time
4,11.842616,0.07456123,-0.22435186161588705,37.82654571533203,2.4297103881835938
8,11.374101,0.067831494,-0.12939287705316338,36.195858001708984,2.5632846355438232
16,8.766147,0.060553014,0.3291453546993933,20.18597984313965,2.970987319946289
32,4.123232,0.107036814,0.8515820359439124,17.6993465423584,2.929145574569702
