train_sample_num,rmse,nrmse,r2,nll,time
4,8.47947,0.09333081,0.37230531333278427,35.35879135131836,2.442742109298706
8,8.67581,0.08883312,0.3429006790045731,41.864158630371094,2.3168296813964844
16,6.070835,0.16656443,0.6782579390472848,36.94417190551758,2.3614695072174072
32,3.5185034,0.09835345,0.8919245846112323,22.291994094848633,2.359344005584717
