train_sample_num,rmse,nrmse,r2,nll,time
4,12.2161045,0.06341981,-0.4037281778008963,78.75363159179688,2.5637564659118652
8,10.847508,0.06162401,-0.10682144653883352,62.17350769042969,2.542349338531494
16,7.8052216,0.051783815,0.42695591857229764,43.675331115722656,2.4924089908599854
32,5.3800926,0.030868886,0.7277317397754632,40.23609924316406,2.5689218044281006
