train_sample_num,rmse,nrmse,r2,nll,time
4,10.213949,0.1023176,0.2823965644041444,40.96949768066406,2.477452516555786
8,7.5559607,0.09229572,0.6072859960442714,36.58475875854492,2.714961528778076
16,6.6683145,0.09762896,0.6941354162440541,41.14336395263672,2.4908995628356934
32,5.588959,0.099302456,0.7851383551238199,40.057586669921875,2.510220766067505
