train_sample_num,rmse,nrmse,r2,nll,time
4,15.6106,0.11930824,-0.7342264172891753,134.24844360351562,2.421881675720215
8,14.240892,0.108832516,-0.44324787821648104,139.82940673828125,2.382887125015259
16,10.48413,0.059278753,0.21777555718798003,60.361148834228516,2.544564723968506
32,7.974424,0.049454987,0.5474515132465554,52.158905029296875,2.72017240524292
