train_sample_num,rmse,nrmse,r2,nll,time
8,330997.66,0.100427404,-665.7501901679117,115.82484436035156,3.2796714305877686
16,152052.44,0.094624504,-139.70194791845955,41.887908935546875,3.433178663253784
32,31619.137,0.05210395,-5.084338279565963,23.12452507019043,3.5299315452575684
64,31021.967,0.025929306,-4.8566865977207865,17.78969383239746,3.4532952308654785
