train_sample_num,rmse,nrmse,r2,nll,time
8,36514.426,0.05835542,-6.0562081631106786,15.577539443969727,2.4460182189941406
16,37525.066,0.056868423,-6.452214004036177,19.055326461791992,2.434089183807373
32,27831.719,0.09198783,-3.099420056204975,15.372321128845215,2.4129364490509033
64,18952.902,0.064587384,-0.9010511732878488,22.189315795898438,2.571967363357544
