train_sample_num,rmse,nrmse,r2,nll,time
8,39616.25,0.09037423,-7.305945220437765,15.143976211547852,4.836974620819092
16,59342.266,0.0777825,-17.63676908410496,39.33586120605469,3.5345780849456787
32,38749.57,0.048031308,-6.946504015818774,20.862035751342773,3.4956274032592773
64,45564.01,0.04252614,-9.987181381383156,33.127296447753906,3.832336187362671
