train_sample_num,rmse,nrmse,r2,nll,time
8,17709.041,0.071616225,-0.722157666790048,45.77107620239258,2.8409366607666016
16,20583.254,0.031420015,-1.3265418277888865,27.7783203125,3.2660415172576904
32,42148.926,0.04346524,-8.75564225520092,22.00072479248047,3.266296148300171
64,20635.328,0.104332216,-1.3383285770277569,16.914501190185547,3.7345616817474365
