train_sample_num,rmse,nrmse,r2,nll,time
4,0.48929378,0.112262525,0.8391839105762465,3.8992955684661865,1.9814629554748535
8,0.4848439,0.111413695,0.8420957022724203,3.905845880508423,1.864926815032959
16,0.48425347,0.11166061,0.8424800217438668,3.9162726402282715,1.7789616584777832
32,0.483901,0.111762315,0.8427092697686013,3.944805383682251,1.5367882251739502
