train_sample_num,rmse,nrmse,r2,nll,time
4,0.48929378,0.112262525,0.8391839105762465,3.8992955684661865,1.463871717453003
8,0.4848439,0.111413695,0.8420957022724203,3.905845880508423,1.5317356586456299
16,0.48425347,0.11166061,0.8424800217438668,3.9162726402282715,1.6863536834716797
32,0.483901,0.111762315,0.8427092697686013,3.944805383682251,1.6982409954071045
