train_sample_num,rmse,nrmse,r2,nll,time
4,0.9822958,0.1529089,0.3518512494503734,0.6322034597396851,0.9041869640350342
8,0.9100784,0.13202211,0.44365048368592974,0.42718544602394104,0.9858474731445312
16,0.67459494,0.11639659,0.6943135454227702,0.10324499011039734,1.242042064666748
32,0.5152973,0.109907046,0.8216365610198928,-0.2625541687011719,1.2227799892425537
