train_sample_num,rmse,nrmse,r2,nll,time
4,0.9822958,0.1529089,0.3518512494503734,0.6322034597396851,0.8580155372619629
8,0.9100784,0.13202211,0.44365048368592974,0.42718544602394104,0.8694911003112793
16,0.67459494,0.11639659,0.6943135454227702,0.10324499011039734,0.8102335929870605
32,0.5152973,0.109907046,0.8216365610198928,-0.2625541687011719,1.2744030952453613
