train_sample_num,rmse,nrmse,r2,nll,time
4,0.6236032,0.35305458,-0.5307178964229611,1.2875136137008667,3.172297239303589
8,0.5345406,0.26076683,-0.1247081791335749,0.9066213965415955,2.979630708694458
16,0.37074226,0.23656057,0.45896844090595823,-0.14127115905284882,3.359208822250366
32,0.3183756,0.19617781,0.6010137009709099,-0.5990345478057861,2.9214367866516113
