train_sample_num,rmse,nrmse,r2,nll,time
4,0.65319175,0.34085983,-0.5531778195323687,1.204836130142212,2.7203965187072754
8,0.5760969,0.29751384,-0.20817759339507957,1.252306342124939,3.025737762451172
16,0.37226012,0.20545042,0.49553295040270096,-0.25260427594184875,2.783876895904541
32,0.31718636,0.21077,0.6337574760690493,-0.2663833498954773,3.101750135421753
