train_sample_num,rmse,nrmse,r2,nll,time
4,0.6748824,0.4629593,-1.3205882914896763,1.3012374639511108,2.7427806854248047
8,0.42352664,0.1933162,0.0860902264219412,0.055567964911460876,2.6010916233062744
16,0.30848247,0.16865319,0.515155049054772,-0.4225928783416748,2.9840240478515625
32,0.2728981,0.16488312,0.6205601918790955,-0.4766860902309418,3.2752318382263184
