train_sample_num,rmse,nrmse,r2,nll,time
4,0.5954491,0.29791924,-1.0397411542735497,0.10336633771657944,2.860808849334717
8,0.553275,0.22018674,-0.761034732230621,2.7149181365966797,2.727980852127075
16,0.41498408,0.19861703,0.009285038694429648,0.4113239347934723,3.1545212268829346
32,0.32528672,0.14881074,0.39127871778295786,-0.2968841791152954,3.146899700164795
