train_sample_num,rmse,nrmse,r2,nll,time
4,0.5711948,0.1880024,-0.6168459692030437,2.05653715133667,2.8029732704162598
8,0.35222998,0.22647966,0.38517317879449675,-0.3937801718711853,2.8543570041656494
16,0.3085223,0.1869942,0.528291849380831,-0.4627448320388794,2.688004970550537
32,0.24182247,0.1886558,0.7102032581313686,-0.7456638216972351,2.912325859069824
