train_sample_num,rmse,nrmse,r2,nll,time
4,0.4916345,0.13805522,-0.19780157204009985,7.195032119750977,4.3523290157318115
8,0.23245794,0.23347206,0.7322133223879421,-0.47581347823143005,3.4629039764404297
16,0.20313637,0.17966944,0.7955083450652357,-0.9049935936927795,2.6631534099578857
32,0.1771845,0.28229412,0.8444207389650586,-1.1769955158233643,2.6788077354431152
