train_sample_num,rmse,nrmse,r2,nll,time
4,0.61017877,0.24537738,-1.1419044283477828,9.2639741897583,2.8552603721618652
8,0.47515035,0.16511099,-0.29881692647420754,8.106884002685547,2.6231813430786133
16,0.2907003,0.13690232,0.5138427203941887,0.5558918118476868,3.011233329772949
32,0.2439433,0.11721896,0.6576552867346832,-0.38722777366638184,2.612704277038574
