train_sample_num,rmse,nrmse,r2,nll,time
4,0.5557635,0.3789267,-0.21578964889890218,7.446226596832275,2.5768415927886963
8,0.4222039,0.22234966,0.2983461760088013,2.7565677165985107,2.632380485534668
16,0.2681272,0.22365388,0.7170170955919779,-0.19671016931533813,3.019353151321411
32,0.2481386,0.1817849,0.7576365543170542,-0.6420983672142029,2.915977716445923
