train_sample_num,rmse,nrmse,r2,nll,time
4,0.57480764,0.33005652,-0.20277632959903236,8.000046730041504,2.7988715171813965
8,0.44708008,0.24990764,0.27237040567251203,3.8036081790924072,2.652066946029663
16,0.23766048,0.16706347,0.7943854966683532,-0.6650076508522034,2.5589497089385986
32,0.19734697,0.18562825,0.8582246774347112,-1.030248761177063,3.1153366565704346
