train_sample_num,rmse,nrmse,r2,nll,time
4,0.6590142,0.5535929,-1.212745405117539,6.69772481918335,2.5499730110168457
8,0.2786787,0.13273396,0.604315228020773,-0.5492954850196838,2.6627190113067627
16,0.19699907,0.15221448,0.8022710605823072,-1.142960548400879,2.541555166244507
32,0.18265478,0.1570931,0.8300176087516995,-1.2153236865997314,3.517524003982544
