train_sample_num,rmse,nrmse,r2,nll,time
4,0.8497048,0.54680467,-2.6785614197264316,8.14413070678711,7.108990907669067
8,0.64423704,0.38519272,-1.1146244662582632,8.678735733032227,7.51738977432251
16,0.39323282,0.1321074,0.21215395899432343,8.986254692077637,6.650692701339722
32,0.33695018,0.1279305,0.4215400857920836,8.592591285705566,7.8385961055755615
