train_sample_num,rmse,nrmse,r2,nll,time
4,0.517557,0.16876592,-0.32744541193478516,5.771988391876221,5.857182741165161
8,0.39991543,0.16993704,0.20743199123885314,8.334182739257812,6.031245231628418
16,0.3712982,0.13446958,0.31680308715604977,8.144430160522461,6.101541757583618
32,0.30506122,0.13317724,0.5388160388500842,7.93734884262085,4.87554669380188
