train_sample_num,rmse,nrmse,r2,nll,time
4,0.83113927,0.57991344,-1.5147068632450926,9.018536567687988,7.157496213912964
8,0.79603744,0.5814422,-1.3067834261800142,8.523777961730957,7.853399276733398
16,0.49159282,0.18859231,0.12026710460471435,9.249063491821289,5.72448992729187
32,0.41796562,0.1849562,0.36405307687556687,8.764434814453125,8.13081979751587
