train_sample_num,rmse,nrmse,r2,nll,time
4,0.692654,0.44680023,-0.8884745985617599,8.122023582458496,5.473585367202759
8,0.5816093,0.31147063,-0.33149977082165094,11.047089576721191,4.580712795257568
16,0.442582,0.20075175,0.22897943841481427,11.00273323059082,4.497164487838745
32,0.4739016,0.20992681,0.11599493786876136,10.9839448928833,4.988763093948364
