train_sample_num,rmse,nrmse,r2,nll,time
4,0.7463843,0.5753763,-2.2048730557971314,4.857152938842773,8.143985271453857
8,0.58804834,0.42682013,-0.9893533345256076,5.143167018890381,8.094704866409302
16,0.42395243,0.15024333,-0.03399886091782478,7.460444450378418,6.637859582901001
32,0.4010269,0.12973551,0.07480586173538095,7.375231742858887,6.621898889541626
