train_sample_num,rmse,nrmse,r2,nll,time
4,0.37152475,0.24426618,0.4975240666755111,-0.4834895730018616,2.507058620452881
8,0.3160229,0.19783466,0.6364393898025105,-0.6488892436027527,2.6725335121154785
16,0.2260974,0.15117855,0.8139066193907245,-0.9845861196517944,3.1934828758239746
32,0.15300201,0.15552749,0.9147814811260147,-1.3681238889694214,2.9911117553710938
