train_sample_num,rmse,nrmse,r2,nll,time
4,0.42249173,0.13717474,0.11542112583777897,-0.4359890818595886,5.2165687084198
8,0.2283856,0.26969048,0.7415136402733395,-0.8648889064788818,6.422492504119873
16,0.17041047,0.1766147,0.8560894133411817,-1.1852445602416992,5.3318891525268555
32,0.1353719,0.24068588,0.9091850863034645,-1.4456024169921875,5.105230808258057
