train_sample_num,rmse,nrmse,r2,nll,time
4,0.5086444,0.38769093,-0.018373284605999407,0.015879249200224876,3.9583985805511475
8,0.38404024,0.23521729,0.41946028980010086,-0.4358791708946228,4.7741944789886475
16,0.26151294,0.24087663,0.7308063573883206,-0.8483320474624634,4.96114706993103
32,0.2255226,0.1647178,0.7998025612418185,-1.159929633140564,5.561277151107788
