train_sample_num,rmse,nrmse,r2,nll,time
4,0.5079954,0.5472535,-0.31480546311079616,-0.16844850778579712,2.522688388824463
8,0.21735322,0.116708525,0.7593011292325276,-0.8934299945831299,2.5171685218811035
16,0.18159492,0.13718553,0.8319845458332376,-1.1150543689727783,2.524897336959839
32,0.14326502,0.12304336,0.8954263690937115,-1.4226679801940918,2.5969173908233643
