train_sample_num,rmse,nrmse,r2,nll,time
4,0.4437155,0.21055576,-0.1326484099332259,-0.26350730657577515,2.53538179397583
8,0.40340668,0.1529473,0.06379274965192949,-0.2196051925420761,2.6546318531036377
16,0.25141814,0.14131095,0.6363538949186114,-0.958615243434906,2.4340713024139404
32,0.21797818,0.10992183,0.7266544858549813,-1.2021311521530151,3.8668198585510254
