train_sample_num,rmse,nrmse,r2,nll,time
4,0.62734675,0.32326528,-0.43269963252193144,0.2469126135110855,2.4625394344329834
8,0.49023953,0.25848532,0.12510406183282918,-0.13779424130916595,2.460606336593628
16,0.24044654,0.16525766,0.7895364843272699,-0.9548712372779846,2.443509101867676
32,0.19943933,0.18369842,0.8552023751879457,-1.1680353879928589,2.530992031097412
