train_sample_num,rmse,nrmse,r2,nll,time
4,0.57570815,0.25294685,-0.9067362369761223,0.40307196974754333,2.479834794998169
8,0.51445013,0.17436102,-0.5225530443734172,0.27066856622695923,2.4984607696533203
16,0.29177484,0.13509518,0.5102420330983946,-0.855419397354126,2.684875249862671
32,0.24131647,0.11674447,0.6649884317103847,-1.14009690284729,2.5341951847076416
