train_sample_num,rmse,nrmse,r2,nll,time
4,0.55479497,0.13978985,-0.52533492667999,0.04263417795300484,2.65019154548645
8,0.2327385,0.22016951,0.7315665261790693,-0.8761098980903625,2.5837454795837402
16,0.2013812,0.1745178,0.799026802538769,-1.0880378484725952,2.567255973815918
32,0.17450331,0.27375975,0.8490936374341238,-1.2535371780395508,2.781238317489624
