train_sample_num,rmse,nrmse,r2,nll,time
4,0.5887535,0.3499937,-0.36441160636447245,0.150986447930336,2.3185534477233887
8,0.43678522,0.21865736,0.24904424790081758,-0.37290433049201965,2.518941879272461
16,0.26550204,0.22050808,0.7225312084205197,-0.8811221122741699,2.616985559463501
32,0.24495591,0.18203208,0.7638139431371427,-1.0955169200897217,2.927248001098633
