train_sample_num,rmse,nrmse,r2,nll,time
4,0.67652446,0.52654326,-1.331894667405158,0.43195122480392456,2.4891676902770996
8,0.300379,0.13655375,0.5402930718858987,-0.7287320494651794,2.57466459274292
16,0.196311,0.14674827,0.8036498770005013,-1.0672510862350464,2.4606289863586426
32,0.18234704,0.15354948,0.8305899005500058,-1.2184655666351318,2.605104923248291
