train_sample_num,rmse,nrmse,r2,nll,time
4,14483376000.0,0.3488868,-726494420176881.9,5.867745671961484e+19,2.817531108856201
8,11809384000.0,0.32782525,-483000112215937.3,3.909906449227265e+19,2.754822254180908
16,9168508000.0,0.29817817,-291132003533917.1,2.3804275008745767e+19,2.805276393890381
32,4914358000.0,0.19066396,-83642318307285.12,6.954085590241378e+18,2.7873218059539795
