train_sample_num,rmse,nrmse,r2,nll,time
4,12482683000.0,0.30176538,-474216265732883.94,4.42204489169649e+19,2.780489683151245
8,10673394000.0,0.27588248,-346709410698104.9,3.2396208512885064e+19,2.612192153930664
16,8453742600.0,0.22727391,-217499696619829.4,2.0673160561955963e+19,2.729294776916504
32,5742738400.0,0.20824419,-100368787307456.45,9.771940378184778e+18,2.685324192047119
