train_sample_num,rmse,nrmse,r2,nll,time
4,11715351000.0,0.36925298,-377922273722379.7,3.837543190956815e+19,2.3305861949920654
8,9153302000.0,0.2919174,-230699914234566.66,2.3589311689422537e+19,2.3662240505218506
16,7949346000.0,0.27659917,-174002186969252.12,1.8019505740993004e+19,2.310458183288574
32,5177587700.0,0.20819236,-73815379884390.14,7.802018512221766e+18,2.455810308456421
