train_sample_num,rmse,nrmse,r2,nll,time
4,16072476000.0,0.3459848,-796930231229511.9,8.444156942342947e+19,2.633481025695801
8,12179278000.0,0.3031794,-457612351270925.2,4.221976436492416e+19,2.610381603240967
16,7467404000.0,0.25269696,-172025936050422.8,1.6134991189496562e+19,2.621915817260742
32,5090224600.0,0.2192979,-79933451042466.95,7.63513683638118e+18,2.668501853942871
