train_sample_num,rmse,nrmse,r2,nll,time
4,12060165000.0,0.29697526,-362723189304676.7,4.062112723469599e+19,2.5937929153442383
8,10000026000.0,0.24358176,-249385441629799.1,2.8085137769584656e+19,2.4665138721466064
16,7380929000.0,0.17538473,-135859760583343.77,1.5485816434713428e+19,2.499554395675659
32,3528349400.0,0.10784954,-31046450085124.68,3.61389790791834e+18,2.544196844100952
