train_sample_num,rmse,nrmse,r2,nll,time
4,14359600000.0,0.348501,-714130060874204.2,7.052296607662237e+19,2.4864094257354736
8,11823388000.0,0.32843307,-484146152108772.1,4.672146403620186e+19,2.6924355030059814
16,9201670000.0,0.29989073,-293241847781036.6,2.825975780826153e+19,2.506209373474121
32,4927996400.0,0.1899323,-84107239151046.03,8.093619441268425e+18,2.4463350772857666
