train_sample_num,rmse,nrmse,r2,nll,time
4,11868856000.0,0.21732242,-353461383535071.2,4.217311868362739e+19,2.5016982555389404
8,10962229000.0,0.1952377,-301524112000167.44,3.5969740050412863e+19,2.4128544330596924
16,7732259300.0,0.15376654,-150015803265611.25,1.7875529091382247e+19,2.495145797729492
32,4408446500.0,0.15133369,-48763553264394.93,5.798988152123163e+18,2.362706422805786
