train_sample_num,rmse,nrmse,r2,nll,time
4,12387729000.0,0.3012383,-467029159234536.2,4.634191702034009e+19,2.5621142387390137
8,10627917000.0,0.27524394,-343761215405047.0,3.369251732887018e+19,2.479484796524048
16,8466043400.0,0.228016,-218133097682660.38,2.138074467294144e+19,2.5632522106170654
32,5857015300.0,0.21293737,-104403075341616.94,1.023426302743203e+19,2.411468744277954
