train_sample_num,rmse,nrmse,r2,nll,time
4,12006986000.0,0.2968835,-359531411750499.25,4.1797877355299996e+19,2.8449246883392334
8,9981916000.0,0.2437572,-248482943492984.84,2.8620107351102325e+19,2.6524927616119385
16,7390707000.0,0.17567758,-136219988413322.17,1.5659925200483385e+19,2.634547472000122
32,3681635000.0,0.11491416,-33802617476199.527,3.88381976620014e+18,2.732884645462036
