train_sample_num,rmse,nrmse,r2,nll,time
4,15826199000.0,0.34504133,-772694704580048.6,9.105038197427012e+19,2.6272852420806885
8,12156710000.0,0.30439743,-455918046106479.9,4.312223471290968e+19,2.7682032585144043
16,7648189000.0,0.26161295,-180456227504251.97,1.703030261727363e+19,2.6053950786590576
32,5420053500.0,0.2214025,-90627868162390.42,8.545895303016874e+18,2.5160462856292725
