train_sample_num,rmse,nrmse,r2,nll,time
4,33802136000.0,0.7051852,-2849423998094369.5,1.2436123022983692e+20,4.553364515304565
8,29199632000.0,0.62156564,-2126295316931404.2,9.422140869314819e+19,3.4211068153381348
16,24837520000.0,0.53265584,-1538456778793857.2,6.612902734095974e+19,3.643019199371338
32,20487370000.0,0.54188293,-1046746032831516.4,4.402523282647653e+19,3.786147117614746
