train_sample_num,rmse,nrmse,r2,nll,time
4,33176566000.0,0.8512608,-3349834934155660.0,1.1857732407871196e+20,3.7215116024017334
8,29121903000.0,0.8270586,-2581071614221516.0,9.133724895600339e+19,3.7229092121124268
16,23986467000.0,0.75228655,-1751027930516343.5,5.997728617183209e+19,3.6525166034698486
32,23286010000.0,0.6961373,-1650253722134562.0,5.2259884425216524e+19,3.9790799617767334
