train_sample_num,rmse,nrmse,r2,nll,time
4,44803146000.0,0.61443895,-6192581339286178.0,1.4103503379399023e+20,3.533661365509033
8,36958320000.0,0.60598993,-4213850062381652.0,1.4900951015527285e+20,3.430291175842285
16,25382130000.0,0.5655839,-1987516581801851.5,8.217746387560615e+19,3.642927408218384
32,24705016000.0,0.53022367,-1882890110033600.0,7.320584481713999e+19,3.8362200260162354
