train_sample_num,rmse,nrmse,r2,nll,time
4,40413100000.0,0.7440685,-5656358513873935.0,1.8035686813814332e+20,3.7623112201690674
8,35953680000.0,0.6623264,-4476920324419293.0,1.4551095211661984e+20,3.7014238834381104
16,30008490000.0,0.6436659,-3118752475784510.5,1.052572069011359e+20,3.830021858215332
32,16216751000.0,0.54493165,-910794463862321.8,3.3635136016039805e+19,4.128662586212158
