train_sample_num,rmse,nrmse,r2,nll,time
4,23018471000.0,0.65718174,-1458964990129810.2,6.7021865967085945e+19,3.5754787921905518
8,10507792000.0,0.36912718,-304028897823821.3,1.5879240386829353e+19,3.3805594444274902
16,24367077000.0,0.80048347,-1634928461812752.2,6.453694330003312e+19,3.4897513389587402
32,20971444000.0,0.688767,-1211012362674896.0,4.5777907137709605e+19,3.8494880199432373
