train_sample_num,rmse,nrmse,r2,nll,time
4,17711323000.0,0.36239195,-787093380407830.0,4.876909333670212e+19,3.6807100772857666
8,37807387000.0,0.6297391,-3586555346426043.5,1.6827715840637298e+20,3.545712471008301
16,33564640000.0,0.61775625,-2826755313052493.0,1.280543314578621e+20,3.6250686645507812
32,30383284000.0,0.63223684,-2316293517965530.5,9.722459716106951e+19,4.224111080169678
