train_sample_num,rmse,nrmse,r2,nll,time
4,2716.241,0.5905162,-24.55225592965739,2262665.0,3.1512057781219482
8,2716.241,0.5905162,-24.55225592965739,2262665.0,2.0925326347351074
16,2716.241,0.5905162,-24.55225592965739,2262665.0,2.120265007019043
32,2716.241,0.5905162,-24.55225592965739,2262665.0,2.1635587215423584
