train_sample_num,rmse,nrmse,r2,nll,time
4,2700.0154,0.435517,-17.180307357807123,2245909.0,2.617220401763916
8,2700.0154,0.435517,-17.180307357807123,2245909.0,2.5048866271972656
16,2700.0154,0.435517,-17.180307357807123,2245909.0,2.6045379638671875
32,2700.0154,0.435517,-17.180307357807123,2245909.0,2.5219945907592773
