train_sample_num,rmse,nrmse,r2,nll,time
4,2706.1074,0.4229868,-17.374447698301946,2245813.75,2.198624849319458
8,2706.1074,0.4229868,-17.374447698301946,2245813.75,2.0842270851135254
16,2706.1074,0.4229868,-17.374447698301946,2245814.25,2.0409610271453857
32,2695.1262,0.41956088,-17.225625344229694,2236086.0,2.154386281967163
