train_sample_num,rmse,nrmse,r2,nll,time
4,2580.426,0.4106071,-19.5417505686367,2042050.25,3.1302576065063477
8,2580.426,0.4106071,-19.5417505686367,2042050.75,2.048692226409912
16,2580.426,0.4106071,-19.5417505686367,2042050.25,2.038114070892334
32,2580.426,0.4106071,-19.5417505686367,2042050.25,2.10833740234375
