train_sample_num,rmse,nrmse,r2,nll,time
4,2625.001,0.3022632,-19.971022384580202,2114403.0,2.148372173309326
8,2613.0435,0.29951566,-19.780398912666925,2105555.0,2.0933618545532227
16,2625.001,0.3022632,-19.971022389335534,2114403.5,2.0888547897338867
32,2613.0435,0.29951566,-19.780398912666925,2105555.0,2.1363627910614014
