train_sample_num,rmse,nrmse,r2,nll,time
4,16033979000.0,0.34504133,-793117187682723.5,8.350358045182027e+19,2.787799119949341
8,12179278000.0,0.3031794,-457612351270925.2,4.221976436492416e+19,2.7382731437683105
16,7467404000.0,0.25269696,-172025936050422.8,1.6134991189496562e+19,2.8670716285705566
32,5090224600.0,0.2192979,-79933451042466.95,7.63513683638118e+18,2.86826753616333
