train_sample_num,rmse,nrmse,r2,nll,time
4,12053128000.0,0.29691395,-362300002722889.1,4.052980179889291e+19,2.902421236038208
8,10000026000.0,0.24358176,-249385441629799.1,2.8085137769584656e+19,2.6593704223632812
16,7380929000.0,0.17538473,-135859760583343.77,1.5485816434713428e+19,2.675354242324829
32,3528349400.0,0.10784954,-31046450085124.68,3.61389790791834e+18,2.79215669631958
