train_sample_num,rmse,nrmse,r2,nll,time
4,12462488000.0,0.30123994,-472683137098574.8,4.3934074516440875e+19,2.958584785461426
8,10663453000.0,0.2756463,-346063876795339.1,3.2301186518989406e+19,2.63750958442688
16,8439627000.0,0.22689398,-216773948980722.84,2.058244205657142e+19,2.812323808670044
32,5742738400.0,0.20824419,-100368787307456.45,9.771940378184778e+18,2.6320507526397705
