train_sample_num,rmse,nrmse,r2,nll,time
4,14460900000.0,0.3484948,-724241304779851.5,5.824050640069014e+19,2.672041177749634
8,11809384000.0,0.32782525,-483000112215937.3,3.909906449227265e+19,2.458324909210205
16,9168508000.0,0.29817817,-291132003533917.1,2.3804275008745767e+19,2.4902751445770264
32,4914358000.0,0.19066396,-83642318307285.12,6.954085590241378e+18,2.51879620552063
