train_sample_num,rmse,nrmse,r2,nll,time
4,11831412000.0,0.21663354,-351234602284392.44,3.913077440761771e+19,3.1908657550811768
8,10952159000.0,0.19504598,-300970364877456.56,3.407366303463873e+19,3.3098533153533936
16,7668483000.0,0.15267883,-147551343221595.7,1.6925652200053539e+19,2.900435447692871
32,4067061200.0,0.13756219,-41503589772731.82,4.905799331543515e+18,2.934075355529785
